Timestamp,1,2,3,4,5,6,7,8,9,10,11,12,13,14,15,16,17,18,19,20,21,22,23,24,25,26,27,28,29,30,31,32,33,34,35,36,37,38,39,40,41,42,43,44,45,46,47,48,49,50,51,52,53,54,55,56,57,58,59,60,61,62,63,64,65,66,67,68,69,70,71,72,73,74,75,76,77,78,79,80,81,82,83,84,85,86,87,88,89,90,91,92,93,94,95,96,97,98,99,100,101,102,103,104,105,106,107,108,109,110,111,112,113,114,115,116,117,118,119,120,121,122,123,124,125,126,127,128,129,130,131,132,133,134,135,136,137,138,139,140,141,142,143,144,145,146,147,148,149,150,151,152,153,154,155,156,157,158,159,160,161,162,163,164,165,166,167,168,169,170,171,172,173,174,175,176,177,178,179,180,181,182,183,184,185,186,187,188,189,190,191,192,193,194,195,196,197,198,199,200,201,202,203,204,205,206,207,208,209,210,211,212,213,214,215,216,217,218,219,220,221,222,223,224,225,226,227,228,229,230,231,232,233,234,235,236,237,238,239,240,241,242,243,244,245,246,247,248,249,250,251,252,253,254,255,256,257,258,259,260,261,262,263,264,265,266,267,268,269,270,271,272,273,274,275,276,277,278,279,280,281,282,283,284,285,286,287,288,289,290,291,292,293,294,295,296,297,298,299,300,301,302,303,304,305,306,307,308,309,310,311,312
2025-07-06 22:38:11,238.835,238.790,238.778,0.000,0.000,0.000,2.014,2.010,2.011,0.221,0.219,0.221,0.062,0.055,0.057,1.033,1.027,1.034,0.019,0.022,0.021,1.022,1.023,1.013,0.000,0.000,0.022,1.243,1.243,1.249,0.000,0.000,0.000,0.241,0.238,0.235,0.000,0.000,0.000,0.142,0.148,0.147,0.000,0.000,0.000,0.380,0.371,0.372,0.000,0.000,0.000,0.043,0.020,0.030,0.000,0.000,0.000,0.206,0.205,0.202,0.008,0.000,0.000,0.148,0.151,0.153,0.005,0.013,0.014,0.005,0.020,0.005,0.069,0.067,0.068,0.117,0.116,0.119,0.084,0.086,0.085,0.081,0.080,0.088,0.092,0.093,0.092,0.063,0.060,0.067,0.133,0.130,0.135,0.080,0.078,0.079,0.092,0.094,0.090,0.078,0.081,0.080,0.054,0.055,0.055,0.052,0.049,0.046,0.036,0.025,0.021,0.000,0.000,0.000,0.000,0.000,0.000,0.089,0.084,0.084,0.000,0.000,0.000,0.013,0.013,0.013,0.000,0.000,0.000,0.070,0.067,0.065,0.000,0.000,0.000,0.000,0.000,0.000,0.000,0.000,0.000,0.000,0.000,0.000,0.000,0.000,0.000,0.000,0.000,0.000,0.000,0.000,0.000,0.000,0.000,0.000,0.000,0.000,0.000,0.000,0.000,0.000,0.000,0.000,0.000,0.038,0.028,0.036,0.000,0.000,0.000,0.000,0.000,0.000,0.000,0.000,0.000,0.000,0.000,0.000,0.000,0.000,0.000,0.000,0.000,0.000,0.000,0.000,0.000,0.000,0.000,0.000,0.000,0.000,0.000,0.000,0.000,0.000,0.000,0.000,0.000,0.000,0.000,0.000,0.000,0.000,0.000,0.000,0.000,0.000,0.000,0.000,0.000,0.000,0.000,0.000,0.000,0.000,0.000,0.000,0.000,0.000,0.000,0.000,0.000,0.067,0.064,0.065,0.000,0.000,0.000,0.082,0.084,0.084,0.000,0.000,0.000,0.090,0.090,0.089,0.000,0.000,0.000,0.132,0.128,0.133,0.000,0.000,0.000,0.089,0.089,0.087,0.000,0.013,0.000,0.049,0.049,0.050,0.000,0.000,0.000,0.000,0.000,0.000,0.000,0.000,0.000,0.000,0.000,0.000,0.000,0.000,0.000,0.000,0.000,0.000,0.000,0.000,0.000,0.000,0.000,0.000,0.000,0.000,0.000,0.000,0.000,0.000,0.000,0.000,0.000,0.000,0.000,0.000,0.000,0.000,0.000,0.000,0.000,0.000,0.000,0.000,0.000,0.000,0.000,0.000,0.000,0.000,0.000,0.000,0.000,0.000
2025-07-06 22:38:14,238.848,238.804,238.792,0.000,0.000,0.000,2.017,2.019,2.013,0.221,0.221,0.219,0.074,0.069,0.075,1.042,1.039,1.038,0.028,0.033,0.022,1.017,1.019,1.014,0.000,0.020,0.000,1.244,1.246,1.246,0.000,0.000,0.000,0.243,0.246,0.243,0.000,0.000,0.000,0.140,0.141,0.139,0.000,0.000,0.000,0.381,0.378,0.379,0.000,0.000,0.000,0.029,0.031,0.041,0.000,0.000,0.000,0.200,0.203,0.196,0.014,0.000,0.000,0.155,0.160,0.160,0.021,0.000,0.019,0.042,0.009,0.008,0.068,0.068,0.070,0.120,0.124,0.124,0.087,0.084,0.082,0.074,0.074,0.079,0.088,0.090,0.093,0.059,0.060,0.058,0.137,0.132,0.131,0.079,0.079,0.079,0.090,0.089,0.089,0.074,0.081,0.073,0.056,0.054,0.051,0.051,0.046,0.039,0.035,0.019,0.014,0.000,0.000,0.000,0.000,0.000,0.000,0.083,0.086,0.083,0.000,0.000,0.000,0.013,0.015,0.018,0.000,0.000,0.000,0.072,0.071,0.067,0.000,0.000,0.000,0.000,0.000,0.000,0.000,0.000,0.000,0.000,0.000,0.000,0.000,0.000,0.000,0.000,0.000,0.000,0.000,0.000,0.000,0.000,0.000,0.000,0.000,0.000,0.000,0.000,0.000,0.000,0.000,0.000,0.000,0.032,0.016,0.024,0.000,0.015,0.000,0.000,0.000,0.000,0.000,0.000,0.000,0.000,0.000,0.000,0.000,0.000,0.000,0.000,0.000,0.000,0.000,0.000,0.000,0.000,0.000,0.000,0.000,0.000,0.000,0.000,0.000,0.000,0.000,0.000,0.000,0.000,0.000,0.000,0.000,0.000,0.000,0.000,0.000,0.000,0.000,0.000,0.000,0.000,0.000,0.000,0.000,0.000,0.000,0.000,0.014,0.005,0.000,0.000,0.000,0.065,0.067,0.068,0.000,0.000,0.000,0.085,0.083,0.080,0.000,0.000,0.000,0.087,0.088,0.093,0.000,0.000,0.000,0.133,0.130,0.130,0.000,0.000,0.000,0.088,0.088,0.086,0.000,0.000,0.000,0.053,0.051,0.048,0.000,0.000,0.000,0.000,0.000,0.000,0.000,0.000,0.000,0.000,0.000,0.000,0.000,0.000,0.000,0.000,0.000,0.000,0.000,0.000,0.000,0.000,0.000,0.000,0.000,0.000,0.000,0.000,0.000,0.000,0.000,0.000,0.000,0.000,0.000,0.000,0.000,0.000,0.000,0.000,0.000,0.000,0.000,0.000,0.000,0.000,0.000,0.000,0.000,0.000,0.000,0.000,0.000,0.000
2025-07-06 22:38:17,238.906,238.861,238.849,0.000,0.000,0.000,2.035,2.032,2.030,0.218,0.221,0.217,0.027,0.026,0.051,1.047,1.041,1.040,0.013,0.000,0.000,1.033,1.036,1.030,0.000,0.023,0.000,1.262,1.259,1.262,0.000,0.000,0.000,0.236,0.239,0.237,0.000,0.000,0.000,0.131,0.134,0.136,0.000,0.000,0.000,0.385,0.380,0.377,0.000,0.000,0.000,0.028,0.044,0.022,0.000,0.000,0.000,0.195,0.188,0.186,0.013,0.000,0.000,0.150,0.153,0.158,0.005,0.005,0.023,0.014,0.019,0.000,0.066,0.065,0.068,0.113,0.115,0.118,0.087,0.087,0.086,0.073,0.071,0.076,0.092,0.095,0.091,0.059,0.062,0.065,0.134,0.137,0.134,0.076,0.073,0.076,0.093,0.092,0.091,0.072,0.074,0.080,0.052,0.058,0.053,0.051,0.048,0.046,0.025,0.029,0.043,0.000,0.000,0.000,0.000,0.000,0.000,0.083,0.083,0.083,0.000,0.000,0.000,0.000,0.000,0.035,0.000,0.000,0.000,0.068,0.068,0.071,0.000,0.000,0.000,0.000,0.000,0.000,0.000,0.000,0.000,0.000,0.000,0.000,0.000,0.000,0.000,0.000,0.000,0.000,0.000,0.000,0.000,0.000,0.000,0.000,0.000,0.000,0.000,0.000,0.000,0.000,0.000,0.000,0.000,0.006,0.005,0.000,0.000,0.000,0.000,0.000,0.000,0.000,0.000,0.000,0.000,0.000,0.000,0.000,0.000,0.000,0.000,0.000,0.000,0.000,0.000,0.000,0.000,0.000,0.000,0.000,0.000,0.000,0.000,0.000,0.000,0.000,0.000,0.000,0.000,0.000,0.000,0.000,0.000,0.000,0.000,0.000,0.000,0.000,0.000,0.000,0.000,0.000,0.000,0.000,0.000,0.000,0.000,0.000,0.005,0.021,0.000,0.000,0.000,0.063,0.059,0.063,0.000,0.000,0.000,0.086,0.086,0.086,0.000,0.000,0.000,0.090,0.092,0.088,0.000,0.000,0.000,0.132,0.134,0.131,0.000,0.000,0.000,0.089,0.090,0.085,0.000,0.000,0.000,0.050,0.051,0.049,0.000,0.000,0.000,0.000,0.005,0.000,0.000,0.000,0.000,0.000,0.000,0.000,0.000,0.000,0.000,0.000,0.000,0.000,0.000,0.000,0.000,0.000,0.000,0.000,0.000,0.000,0.000,0.000,0.000,0.000,0.000,0.000,0.000,0.000,0.000,0.000,0.000,0.000,0.000,0.000,0.000,0.000,0.000,0.000,0.000,0.000,0.000,0.000,0.000,0.000,0.000,0.000,0.000,0.000
2025-07-06 22:38:20,238.877,238.832,238.820,0.000,0.000,0.000,2.044,2.039,2.045,0.225,0.221,0.219,0.070,0.074,0.067,1.046,1.040,1.044,0.021,0.000,0.027,1.040,1.033,1.035,0.000,0.000,0.015,1.268,1.274,1.275,0.000,0.014,0.013,0.244,0.240,0.243,0.000,0.000,0.000,0.121,0.127,0.122,0.000,0.000,0.000,0.384,0.378,0.380,0.000,0.000,0.000,0.051,0.043,0.047,0.000,0.000,0.000,0.193,0.192,0.194,0.000,0.000,0.013,0.151,0.156,0.155,0.043,0.015,0.014,0.030,0.042,0.036,0.064,0.066,0.067,0.110,0.111,0.116,0.088,0.088,0.086,0.071,0.073,0.074,0.091,0.090,0.093,0.066,0.066,0.063,0.133,0.132,0.134,0.081,0.081,0.081,0.090,0.089,0.088,0.081,0.079,0.081,0.053,0.052,0.052,0.042,0.014,0.030,0.019,0.029,0.014,0.000,0.000,0.000,0.000,0.000,0.000,0.080,0.073,0.074,0.000,0.000,0.000,0.000,0.000,0.000,0.000,0.000,0.000,0.069,0.064,0.066,0.000,0.000,0.000,0.000,0.000,0.000,0.000,0.000,0.000,0.000,0.000,0.000,0.000,0.000,0.000,0.000,0.000,0.000,0.000,0.000,0.000,0.000,0.000,0.000,0.000,0.000,0.000,0.000,0.000,0.000,0.000,0.000,0.000,0.033,0.034,0.018,0.000,0.000,0.016,0.000,0.000,0.000,0.000,0.000,0.000,0.000,0.000,0.000,0.000,0.000,0.000,0.000,0.000,0.000,0.000,0.000,0.000,0.000,0.000,0.000,0.000,0.000,0.000,0.000,0.000,0.000,0.000,0.000,0.000,0.000,0.000,0.000,0.000,0.000,0.000,0.000,0.000,0.000,0.000,0.000,0.000,0.000,0.000,0.000,0.000,0.000,0.000,0.035,0.013,0.000,0.000,0.000,0.000,0.061,0.063,0.063,0.000,0.000,0.000,0.088,0.086,0.084,0.000,0.000,0.000,0.088,0.088,0.090,0.000,0.000,0.000,0.133,0.130,0.132,0.000,0.000,0.000,0.088,0.089,0.086,0.000,0.000,0.000,0.051,0.049,0.049,0.000,0.000,0.000,0.000,0.008,0.000,0.000,0.000,0.000,0.000,0.000,0.000,0.000,0.000,0.000,0.000,0.000,0.000,0.000,0.000,0.000,0.000,0.000,0.000,0.000,0.000,0.000,0.000,0.000,0.000,0.000,0.000,0.000,0.000,0.000,0.000,0.000,0.000,0.000,0.000,0.000,0.000,0.000,0.000,0.000,0.000,0.000,0.000,0.000,0.000,0.000,0.000,0.000,0.000
2025-07-06 22:38:23,238.911,238.867,238.855,0.000,0.000,0.000,2.039,2.034,2.040,0.224,0.216,0.216,0.040,0.049,0.021,1.038,1.034,1.041,0.000,0.000,0.000,1.037,1.035,1.036,0.005,0.000,0.000,1.272,1.271,1.273,0.000,0.000,0.000,0.251,0.245,0.248,0.000,0.000,0.000,0.120,0.131,0.119,0.000,0.000,0.000,0.386,0.375,0.383,0.000,0.000,0.000,0.027,0.016,0.033,0.000,0.000,0.000,0.184,0.186,0.187,0.000,0.000,0.000,0.150,0.148,0.150,0.009,0.014,0.013,0.022,0.027,0.037,0.069,0.065,0.067,0.112,0.113,0.112,0.087,0.088,0.086,0.073,0.068,0.072,0.096,0.087,0.093,0.057,0.057,0.060,0.134,0.133,0.137,0.077,0.079,0.076,0.094,0.091,0.086,0.069,0.072,0.070,0.056,0.056,0.055,0.051,0.045,0.049,0.008,0.044,0.037,0.000,0.000,0.000,0.000,0.000,0.000,0.085,0.084,0.081,0.000,0.000,0.000,0.000,0.014,0.000,0.000,0.000,0.000,0.069,0.072,0.065,0.000,0.000,0.000,0.000,0.000,0.000,0.000,0.000,0.000,0.000,0.000,0.000,0.000,0.000,0.000,0.000,0.000,0.000,0.000,0.000,0.000,0.000,0.000,0.000,0.000,0.000,0.000,0.000,0.000,0.000,0.000,0.000,0.000,0.027,0.009,0.000,0.000,0.000,0.000,0.000,0.000,0.000,0.000,0.000,0.000,0.000,0.000,0.000,0.000,0.000,0.000,0.000,0.000,0.000,0.000,0.000,0.000,0.000,0.000,0.000,0.000,0.000,0.000,0.000,0.000,0.000,0.000,0.000,0.000,0.000,0.000,0.000,0.000,0.000,0.000,0.000,0.000,0.000,0.000,0.000,0.000,0.000,0.000,0.000,0.000,0.000,0.000,0.008,0.014,0.000,0.000,0.000,0.000,0.064,0.063,0.063,0.000,0.000,0.000,0.086,0.085,0.085,0.000,0.000,0.000,0.092,0.086,0.090,0.000,0.000,0.000,0.133,0.131,0.133,0.000,0.000,0.000,0.090,0.087,0.085,0.000,0.000,0.000,0.051,0.051,0.052,0.000,0.000,0.000,0.000,0.000,0.000,0.000,0.000,0.000,0.000,0.000,0.000,0.000,0.000,0.000,0.000,0.000,0.000,0.000,0.000,0.000,0.000,0.000,0.000,0.000,0.000,0.000,0.000,0.000,0.000,0.000,0.000,0.000,0.000,0.000,0.000,0.000,0.000,0.000,0.000,0.000,0.000,0.000,0.000,0.000,0.000,0.000,0.000,0.000,0.000,0.000,0.000,0.000,0.000
2025-07-06 22:38:26,238.951,238.907,238.895,0.000,0.000,0.000,2.046,2.040,2.049,0.223,0.229,0.224,0.046,0.036,0.034,1.052,1.041,1.055,0.015,0.020,0.015,1.034,1.037,1.038,0.021,0.020,0.000,1.275,1.274,1.272,0.000,0.000,0.000,0.249,0.249,0.251,0.000,0.000,0.000,0.123,0.120,0.124,0.000,0.000,0.014,0.376,0.378,0.380,0.000,0.000,0.013,0.048,0.037,0.030,0.000,0.000,0.000,0.180,0.186,0.187,0.000,0.000,0.000,0.153,0.151,0.150,0.006,0.027,0.000,0.014,0.008,0.029,0.071,0.063,0.066,0.118,0.114,0.117,0.090,0.087,0.085,0.078,0.075,0.077,0.094,0.090,0.088,0.062,0.068,0.066,0.135,0.131,0.133,0.077,0.081,0.082,0.091,0.090,0.089,0.073,0.073,0.076,0.053,0.051,0.050,0.041,0.035,0.024,0.019,0.042,0.015,0.000,0.000,0.000,0.000,0.000,0.000,0.084,0.081,0.080,0.000,0.000,0.000,0.000,0.013,0.027,0.000,0.000,0.000,0.066,0.069,0.068,0.000,0.000,0.000,0.000,0.000,0.000,0.000,0.000,0.000,0.000,0.000,0.000,0.000,0.000,0.000,0.000,0.000,0.000,0.000,0.000,0.000,0.000,0.000,0.000,0.000,0.000,0.000,0.000,0.000,0.000,0.000,0.000,0.000,0.013,0.041,0.040,0.000,0.000,0.000,0.000,0.000,0.000,0.000,0.000,0.000,0.000,0.000,0.000,0.000,0.000,0.000,0.000,0.000,0.000,0.000,0.000,0.000,0.000,0.000,0.000,0.000,0.000,0.000,0.000,0.000,0.000,0.000,0.000,0.000,0.000,0.000,0.000,0.000,0.000,0.000,0.000,0.000,0.000,0.000,0.000,0.000,0.000,0.000,0.000,0.000,0.000,0.000,0.019,0.041,0.000,0.000,0.000,0.000,0.068,0.061,0.063,0.000,0.000,0.000,0.088,0.087,0.085,0.000,0.000,0.000,0.090,0.088,0.086,0.000,0.000,0.000,0.134,0.130,0.131,0.000,0.000,0.000,0.087,0.088,0.088,0.000,0.000,0.000,0.048,0.048,0.047,0.000,0.000,0.000,0.000,0.000,0.013,0.000,0.000,0.000,0.000,0.000,0.000,0.000,0.000,0.000,0.000,0.000,0.000,0.000,0.000,0.000,0.000,0.000,0.000,0.000,0.000,0.000,0.000,0.000,0.000,0.000,0.000,0.000,0.000,0.000,0.000,0.000,0.000,0.000,0.000,0.000,0.000,0.000,0.000,0.000,0.000,0.000,0.000,0.000,0.000,0.000,0.000,0.000,0.000
2025-07-06 22:38:29,239.050,239.005,238.993,0.000,0.000,0.000,2.045,2.044,2.047,0.218,0.217,0.220,0.065,0.070,0.064,1.059,1.059,1.059,0.000,0.009,0.013,1.034,1.039,1.038,0.015,0.025,0.000,1.269,1.267,1.268,0.013,0.000,0.000,0.248,0.255,0.253,0.000,0.000,0.000,0.123,0.122,0.119,0.000,0.000,0.000,0.375,0.369,0.376,0.000,0.000,0.000,0.045,0.041,0.044,0.000,0.000,0.000,0.175,0.178,0.180,0.000,0.000,0.000,0.155,0.150,0.154,0.009,0.013,0.000,0.005,0.013,0.000,0.063,0.066,0.064,0.112,0.109,0.112,0.086,0.085,0.085,0.080,0.071,0.072,0.089,0.091,0.093,0.069,0.062,0.065,0.134,0.135,0.135,0.079,0.076,0.076,0.089,0.086,0.091,0.077,0.075,0.075,0.054,0.056,0.057,0.030,0.036,0.022,0.028,0.008,0.018,0.000,0.000,0.000,0.000,0.000,0.000,0.079,0.076,0.079,0.000,0.000,0.000,0.020,0.000,0.013,0.000,0.000,0.000,0.067,0.066,0.071,0.000,0.000,0.000,0.000,0.000,0.000,0.000,0.000,0.000,0.000,0.000,0.000,0.000,0.000,0.000,0.000,0.000,0.000,0.000,0.000,0.000,0.000,0.000,0.000,0.000,0.000,0.000,0.000,0.000,0.000,0.000,0.000,0.000,0.019,0.033,0.024,0.000,0.000,0.000,0.000,0.000,0.000,0.000,0.000,0.000,0.000,0.000,0.000,0.000,0.000,0.000,0.000,0.000,0.000,0.000,0.000,0.000,0.000,0.000,0.000,0.000,0.000,0.000,0.000,0.000,0.000,0.000,0.000,0.000,0.000,0.000,0.000,0.000,0.000,0.000,0.000,0.000,0.000,0.000,0.000,0.000,0.000,0.000,0.000,0.000,0.000,0.000,0.008,0.008,0.000,0.000,0.000,0.000,0.060,0.063,0.062,0.000,0.000,0.000,0.083,0.083,0.085,0.000,0.000,0.000,0.087,0.085,0.090,0.000,0.000,0.000,0.133,0.133,0.134,0.000,0.000,0.000,0.087,0.082,0.087,0.000,0.000,0.000,0.052,0.051,0.049,0.000,0.000,0.000,0.000,0.000,0.005,0.000,0.000,0.000,0.000,0.000,0.000,0.000,0.000,0.000,0.000,0.000,0.000,0.000,0.000,0.000,0.000,0.000,0.000,0.000,0.000,0.000,0.000,0.000,0.000,0.000,0.000,0.000,0.000,0.000,0.000,0.000,0.000,0.000,0.000,0.000,0.000,0.000,0.000,0.000,0.000,0.000,0.000,0.000,0.000,0.000,0.000,0.000,0.000
2025-07-06 22:38:32,239.072,239.027,239.016,0.000,0.000,0.000,2.068,2.069,2.068,0.220,0.225,0.225,0.049,0.060,0.049,1.076,1.082,1.080,0.000,0.000,0.013,1.053,1.047,1.048,0.021,0.020,0.000,1.275,1.278,1.273,0.000,0.000,0.000,0.264,0.254,0.259,0.000,0.000,0.000,0.111,0.118,0.114,0.000,0.000,0.000,0.378,0.376,0.387,0.000,0.000,0.013,0.014,0.019,0.013,0.000,0.000,0.000,0.179,0.179,0.178,0.000,0.000,0.000,0.148,0.151,0.149,0.005,0.042,0.020,0.022,0.019,0.014,0.063,0.070,0.066,0.111,0.113,0.114,0.089,0.088,0.088,0.071,0.072,0.068,0.086,0.095,0.093,0.066,0.061,0.064,0.138,0.134,0.134,0.078,0.073,0.073,0.091,0.089,0.092,0.081,0.069,0.077,0.055,0.054,0.055,0.040,0.051,0.048,0.043,0.013,0.043,0.000,0.000,0.000,0.000,0.005,0.000,0.084,0.082,0.082,0.000,0.000,0.000,0.014,0.000,0.000,0.000,0.000,0.000,0.070,0.065,0.067,0.000,0.000,0.000,0.000,0.000,0.000,0.000,0.000,0.000,0.000,0.000,0.000,0.000,0.000,0.000,0.000,0.000,0.000,0.000,0.000,0.000,0.000,0.000,0.000,0.000,0.000,0.000,0.000,0.000,0.000,0.000,0.000,0.000,0.022,0.019,0.028,0.000,0.000,0.000,0.000,0.000,0.000,0.000,0.000,0.000,0.000,0.000,0.000,0.000,0.000,0.000,0.000,0.000,0.000,0.000,0.000,0.000,0.000,0.000,0.000,0.000,0.000,0.000,0.000,0.000,0.000,0.000,0.000,0.000,0.000,0.000,0.000,0.000,0.000,0.000,0.000,0.000,0.000,0.000,0.000,0.000,0.000,0.000,0.000,0.000,0.000,0.000,0.005,0.028,0.021,0.000,0.000,0.000,0.061,0.066,0.062,0.000,0.000,0.000,0.087,0.087,0.087,0.000,0.000,0.000,0.085,0.092,0.092,0.000,0.000,0.000,0.136,0.134,0.134,0.000,0.000,0.000,0.088,0.086,0.088,0.000,0.000,0.000,0.051,0.050,0.050,0.000,0.000,0.000,0.000,0.000,0.013,0.000,0.000,0.000,0.000,0.000,0.000,0.000,0.000,0.000,0.000,0.000,0.000,0.000,0.000,0.000,0.000,0.000,0.000,0.000,0.000,0.000,0.000,0.000,0.000,0.000,0.000,0.000,0.000,0.000,0.000,0.000,0.000,0.000,0.000,0.000,0.000,0.000,0.000,0.000,0.000,0.000,0.000,0.000,0.000,0.000,0.000,0.000,0.000
2025-07-06 22:38:35,239.058,239.014,239.002,0.000,0.000,0.000,2.066,2.066,2.071,0.225,0.222,0.220,0.057,0.059,0.046,1.078,1.076,1.083,0.000,0.000,0.005,1.043,1.046,1.040,0.009,0.008,0.023,1.276,1.277,1.283,0.000,0.000,0.000,0.258,0.260,0.251,0.000,0.000,0.000,0.115,0.113,0.116,0.000,0.000,0.000,0.381,0.375,0.379,0.000,0.000,0.000,0.046,0.050,0.037,0.000,0.000,0.000,0.182,0.187,0.187,0.000,0.000,0.000,0.155,0.155,0.154,0.030,0.008,0.009,0.021,0.040,0.030,0.066,0.063,0.069,0.113,0.115,0.116,0.090,0.091,0.086,0.072,0.067,0.075,0.093,0.090,0.093,0.067,0.064,0.063,0.137,0.137,0.134,0.077,0.080,0.078,0.091,0.088,0.094,0.081,0.080,0.082,0.055,0.054,0.058,0.025,0.016,0.029,0.029,0.019,0.038,0.016,0.014,0.015,0.000,0.008,0.000,0.079,0.075,0.076,0.000,0.000,0.000,0.008,0.014,0.000,0.000,0.000,0.000,0.066,0.064,0.063,0.000,0.000,0.000,0.000,0.000,0.000,0.000,0.000,0.000,0.000,0.000,0.000,0.000,0.000,0.000,0.000,0.000,0.000,0.000,0.000,0.000,0.000,0.000,0.000,0.000,0.000,0.000,0.000,0.000,0.000,0.000,0.000,0.000,0.026,0.028,0.000,0.000,0.000,0.000,0.000,0.000,0.000,0.000,0.000,0.000,0.000,0.000,0.000,0.000,0.000,0.000,0.000,0.000,0.000,0.000,0.000,0.000,0.000,0.000,0.000,0.000,0.000,0.000,0.000,0.000,0.000,0.000,0.000,0.000,0.000,0.000,0.000,0.000,0.000,0.000,0.000,0.000,0.000,0.000,0.000,0.000,0.000,0.000,0.000,0.000,0.000,0.000,0.022,0.000,0.009,0.000,0.000,0.000,0.065,0.062,0.065,0.000,0.000,0.000,0.089,0.090,0.085,0.000,0.000,0.000,0.090,0.088,0.089,0.000,0.000,0.000,0.134,0.135,0.132,0.000,0.000,0.000,0.088,0.087,0.090,0.000,0.000,0.000,0.050,0.051,0.051,0.000,0.000,0.000,0.000,0.000,0.008,0.000,0.000,0.000,0.000,0.000,0.000,0.000,0.000,0.000,0.000,0.000,0.000,0.000,0.000,0.000,0.000,0.000,0.000,0.000,0.000,0.000,0.000,0.000,0.000,0.000,0.000,0.000,0.000,0.000,0.000,0.000,0.000,0.000,0.000,0.000,0.000,0.000,0.000,0.000,0.000,0.000,0.000,0.000,0.000,0.000,0.000,0.000,0.000
2025-07-06 22:38:38,238.952,238.908,238.896,0.000,0.000,0.000,2.065,2.066,2.057,0.220,0.223,0.219,0.045,0.031,0.027,1.076,1.079,1.071,0.000,0.014,0.008,1.045,1.043,1.036,0.016,0.000,0.011,1.277,1.277,1.276,0.000,0.000,0.000,0.256,0.257,0.253,0.000,0.000,0.000,0.114,0.112,0.115,0.000,0.000,0.014,0.383,0.386,0.382,0.000,0.000,0.000,0.042,0.047,0.033,0.000,0.000,0.000,0.182,0.175,0.177,0.000,0.000,0.000,0.152,0.156,0.154,0.023,0.023,0.014,0.031,0.019,0.037,0.066,0.067,0.071,0.107,0.110,0.110,0.088,0.092,0.088,0.064,0.064,0.068,0.091,0.089,0.091,0.060,0.063,0.063,0.134,0.134,0.131,0.078,0.073,0.072,0.090,0.091,0.091,0.075,0.072,0.074,0.056,0.052,0.051,0.037,0.032,0.042,0.028,0.027,0.033,0.000,0.000,0.000,0.000,0.000,0.000,0.085,0.082,0.083,0.000,0.000,0.000,0.000,0.000,0.020,0.000,0.000,0.000,0.068,0.068,0.067,0.000,0.000,0.000,0.000,0.000,0.000,0.000,0.000,0.000,0.000,0.000,0.000,0.000,0.000,0.000,0.000,0.000,0.000,0.000,0.000,0.000,0.000,0.000,0.000,0.000,0.000,0.000,0.000,0.000,0.000,0.000,0.000,0.000,0.019,0.021,0.018,0.000,0.000,0.000,0.000,0.000,0.000,0.000,0.000,0.000,0.000,0.000,0.000,0.000,0.000,0.000,0.000,0.000,0.000,0.000,0.000,0.000,0.000,0.000,0.000,0.000,0.000,0.000,0.000,0.000,0.000,0.000,0.000,0.000,0.000,0.000,0.000,0.000,0.000,0.000,0.000,0.000,0.000,0.000,0.000,0.000,0.000,0.000,0.000,0.000,0.000,0.000,0.014,0.021,0.005,0.000,0.000,0.000,0.063,0.064,0.067,0.000,0.000,0.000,0.087,0.088,0.086,0.000,0.000,0.000,0.088,0.088,0.089,0.000,0.000,0.000,0.133,0.133,0.129,0.000,0.000,0.000,0.085,0.089,0.089,0.000,0.000,0.000,0.050,0.051,0.049,0.000,0.000,0.000,0.000,0.000,0.000,0.000,0.000,0.000,0.000,0.000,0.000,0.000,0.000,0.000,0.000,0.000,0.000,0.000,0.000,0.000,0.000,0.000,0.000,0.000,0.000,0.000,0.000,0.000,0.000,0.000,0.000,0.000,0.000,0.000,0.000,0.000,0.000,0.000,0.000,0.000,0.000,0.000,0.000,0.000,0.000,0.000,0.000,0.000,0.000,0.000,0.000,0.000,0.000
2025-07-06 22:38:41,238.970,238.926,238.914,0.000,0.000,0.000,2.056,2.064,2.060,0.216,0.219,0.221,0.046,0.058,0.049,1.064,1.074,1.066,0.000,0.000,0.000,1.040,1.039,1.043,0.000,0.013,0.016,1.274,1.279,1.278,0.000,0.000,0.000,0.252,0.254,0.255,0.000,0.000,0.000,0.113,0.114,0.112,0.000,0.000,0.000,0.388,0.377,0.376,0.000,0.000,0.000,0.036,0.052,0.052,0.000,0.000,0.000,0.186,0.182,0.176,0.000,0.000,0.000,0.151,0.156,0.157,0.019,0.022,0.013,0.038,0.024,0.040,0.066,0.070,0.069,0.108,0.115,0.113,0.084,0.086,0.087,0.065,0.065,0.067,0.094,0.094,0.093,0.064,0.066,0.061,0.133,0.131,0.135,0.074,0.077,0.079,0.092,0.094,0.093,0.083,0.083,0.079,0.054,0.056,0.055,0.040,0.025,0.020,0.035,0.044,0.038,0.000,0.000,0.000,0.000,0.000,0.014,0.085,0.083,0.083,0.000,0.000,0.000,0.014,0.013,0.036,0.000,0.000,0.000,0.074,0.072,0.071,0.000,0.000,0.000,0.000,0.000,0.000,0.000,0.000,0.000,0.000,0.000,0.000,0.000,0.000,0.000,0.000,0.000,0.000,0.000,0.000,0.000,0.000,0.000,0.000,0.000,0.000,0.000,0.000,0.000,0.000,0.000,0.000,0.000,0.008,0.010,0.008,0.000,0.000,0.000,0.000,0.000,0.000,0.000,0.000,0.000,0.000,0.000,0.000,0.000,0.000,0.000,0.000,0.000,0.000,0.000,0.000,0.000,0.000,0.000,0.000,0.000,0.000,0.000,0.000,0.000,0.000,0.000,0.000,0.000,0.000,0.000,0.000,0.000,0.000,0.000,0.000,0.000,0.000,0.000,0.000,0.000,0.000,0.000,0.000,0.000,0.000,0.000,0.005,0.008,0.021,0.000,0.000,0.000,0.061,0.066,0.064,0.000,0.000,0.000,0.082,0.084,0.087,0.000,0.000,0.000,0.091,0.093,0.089,0.000,0.000,0.000,0.131,0.130,0.131,0.000,0.000,0.000,0.088,0.090,0.089,0.000,0.000,0.000,0.049,0.048,0.051,0.000,0.000,0.000,0.000,0.000,0.000,0.000,0.000,0.000,0.000,0.000,0.000,0.000,0.000,0.000,0.000,0.000,0.000,0.000,0.000,0.000,0.000,0.000,0.000,0.000,0.000,0.000,0.000,0.000,0.000,0.000,0.000,0.000,0.000,0.000,0.000,0.000,0.000,0.000,0.000,0.000,0.000,0.000,0.000,0.000,0.000,0.000,0.000,0.000,0.000,0.000,0.000,0.000,0.000
2025-07-06 22:38:44,238.870,238.825,238.813,0.000,0.000,0.000,2.063,2.058,2.060,0.222,0.223,0.218,0.044,0.040,0.045,1.064,1.062,1.064,0.019,0.000,0.000,1.037,1.038,1.038,0.022,0.000,0.021,1.286,1.278,1.280,0.000,0.000,0.000,0.254,0.261,0.254,0.000,0.000,0.000,0.118,0.117,0.117,0.000,0.000,0.000,0.381,0.379,0.387,0.000,0.000,0.000,0.039,0.049,0.046,0.000,0.000,0.000,0.182,0.182,0.181,0.000,0.000,0.000,0.162,0.165,0.159,0.008,0.000,0.000,0.035,0.037,0.022,0.067,0.065,0.065,0.122,0.124,0.123,0.088,0.087,0.084,0.075,0.073,0.077,0.093,0.089,0.091,0.061,0.063,0.061,0.134,0.133,0.135,0.074,0.079,0.080,0.090,0.090,0.090,0.080,0.085,0.079,0.055,0.054,0.055,0.039,0.033,0.044,0.020,0.041,0.013,0.000,0.014,0.000,0.000,0.000,0.000,0.082,0.081,0.083,0.000,0.000,0.000,0.000,0.005,0.020,0.000,0.000,0.000,0.068,0.066,0.065,0.000,0.000,0.000,0.000,0.000,0.000,0.000,0.000,0.000,0.000,0.000,0.000,0.000,0.000,0.000,0.000,0.000,0.000,0.000,0.000,0.000,0.000,0.000,0.000,0.000,0.000,0.000,0.000,0.000,0.000,0.000,0.000,0.000,0.025,0.037,0.021,0.000,0.000,0.000,0.000,0.000,0.000,0.000,0.000,0.000,0.000,0.000,0.000,0.000,0.000,0.000,0.000,0.000,0.000,0.000,0.000,0.000,0.000,0.000,0.000,0.000,0.000,0.000,0.000,0.000,0.000,0.000,0.000,0.000,0.000,0.000,0.000,0.000,0.000,0.000,0.000,0.000,0.000,0.000,0.000,0.000,0.000,0.000,0.000,0.000,0.000,0.000,0.021,0.018,0.000,0.000,0.000,0.000,0.065,0.062,0.061,0.000,0.000,0.000,0.088,0.087,0.084,0.000,0.000,0.000,0.090,0.087,0.089,0.000,0.000,0.000,0.131,0.133,0.132,0.000,0.000,0.000,0.086,0.086,0.088,0.000,0.000,0.000,0.048,0.052,0.051,0.000,0.000,0.000,0.000,0.000,0.000,0.000,0.000,0.000,0.000,0.000,0.000,0.000,0.000,0.000,0.000,0.000,0.000,0.000,0.000,0.000,0.000,0.000,0.000,0.000,0.000,0.000,0.000,0.000,0.000,0.000,0.000,0.000,0.000,0.000,0.000,0.000,0.000,0.000,0.000,0.000,0.000,0.000,0.000,0.000,0.000,0.000,0.000,0.000,0.000,0.000,0.000,0.000,0.000
2025-07-06 22:38:47,238.996,238.952,238.939,0.000,0.000,0.000,2.037,2.026,2.024,0.218,0.223,0.218,0.058,0.047,0.056,1.059,1.048,1.050,0.008,0.000,0.000,1.024,1.021,1.017,0.008,0.013,0.008,1.261,1.256,1.249,0.000,0.000,0.013,0.256,0.255,0.258,0.000,0.000,0.000,0.123,0.124,0.124,0.000,0.000,0.000,0.375,0.374,0.382,0.000,0.000,0.000,0.046,0.034,0.029,0.000,0.000,0.000,0.180,0.183,0.188,0.000,0.000,0.000,0.158,0.155,0.152,0.013,0.014,0.027,0.039,0.047,0.042,0.066,0.069,0.062,0.109,0.114,0.113,0.088,0.088,0.085,0.074,0.075,0.080,0.090,0.092,0.094,0.063,0.058,0.063,0.131,0.131,0.133,0.070,0.073,0.072,0.092,0.096,0.096,0.078,0.076,0.075,0.054,0.053,0.053,0.050,0.047,0.050,0.044,0.044,0.021,0.000,0.013,0.000,0.000,0.000,0.000,0.090,0.085,0.091,0.000,0.000,0.000,0.020,0.022,0.036,0.000,0.000,0.000,0.069,0.064,0.066,0.000,0.000,0.000,0.000,0.000,0.000,0.000,0.000,0.000,0.000,0.000,0.000,0.000,0.000,0.000,0.000,0.000,0.000,0.000,0.000,0.000,0.000,0.000,0.000,0.000,0.000,0.000,0.000,0.000,0.000,0.000,0.000,0.000,0.033,0.032,0.020,0.000,0.000,0.000,0.000,0.000,0.000,0.000,0.000,0.000,0.000,0.000,0.000,0.000,0.000,0.000,0.000,0.000,0.000,0.000,0.000,0.000,0.000,0.000,0.000,0.000,0.000,0.000,0.000,0.000,0.000,0.000,0.000,0.000,0.000,0.000,0.000,0.000,0.000,0.000,0.000,0.000,0.000,0.000,0.000,0.000,0.000,0.000,0.000,0.000,0.000,0.000,0.000,0.024,0.000,0.000,0.000,0.000,0.062,0.066,0.061,0.000,0.000,0.000,0.086,0.088,0.084,0.000,0.000,0.000,0.088,0.090,0.091,0.000,0.000,0.000,0.129,0.128,0.130,0.000,0.000,0.000,0.087,0.092,0.090,0.000,0.000,0.000,0.048,0.048,0.049,0.000,0.000,0.000,0.000,0.000,0.000,0.000,0.000,0.000,0.000,0.000,0.000,0.000,0.000,0.000,0.000,0.000,0.000,0.000,0.000,0.000,0.000,0.000,0.000,0.000,0.000,0.000,0.000,0.000,0.000,0.000,0.000,0.000,0.000,0.000,0.000,0.000,0.000,0.000,0.000,0.000,0.000,0.000,0.000,0.000,0.000,0.000,0.000,0.000,0.000,0.000,0.000,0.000,0.000
2025-07-06 22:38:50,238.995,238.951,238.939,0.000,0.000,0.000,1.999,1.998,1.995,0.220,0.226,0.224,0.049,0.043,0.028,1.042,1.043,1.034,0.000,0.005,0.015,1.003,1.000,1.003,0.000,0.000,0.000,1.228,1.228,1.226,0.000,0.000,0.000,0.252,0.257,0.253,0.000,0.000,0.000,0.135,0.136,0.140,0.000,0.000,0.000,0.376,0.375,0.375,0.000,0.013,0.000,0.051,0.048,0.051,0.000,0.000,0.000,0.197,0.200,0.197,0.000,0.000,0.000,0.164,0.158,0.161,0.000,0.005,0.028,0.005,0.033,0.044,0.067,0.067,0.068,0.114,0.109,0.111,0.085,0.085,0.090,0.083,0.083,0.085,0.091,0.089,0.092,0.068,0.068,0.070,0.132,0.135,0.131,0.074,0.076,0.075,0.087,0.092,0.090,0.080,0.076,0.077,0.055,0.055,0.050,0.044,0.031,0.048,0.008,0.029,0.024,0.000,0.000,0.000,0.000,0.000,0.000,0.080,0.084,0.083,0.000,0.000,0.000,0.013,0.005,0.019,0.000,0.000,0.000,0.060,0.062,0.064,0.000,0.000,0.000,0.000,0.000,0.000,0.000,0.000,0.000,0.000,0.000,0.000,0.000,0.000,0.000,0.000,0.000,0.000,0.000,0.000,0.000,0.000,0.000,0.000,0.000,0.000,0.000,0.000,0.000,0.000,0.000,0.000,0.000,0.030,0.042,0.033,0.000,0.000,0.000,0.000,0.000,0.000,0.000,0.000,0.000,0.000,0.000,0.000,0.000,0.000,0.000,0.000,0.000,0.000,0.000,0.000,0.000,0.000,0.000,0.000,0.000,0.000,0.000,0.000,0.000,0.000,0.000,0.000,0.000,0.000,0.000,0.000,0.000,0.000,0.000,0.000,0.000,0.000,0.000,0.000,0.000,0.000,0.000,0.000,0.000,0.000,0.000,0.000,0.008,0.028,0.000,0.000,0.000,0.064,0.064,0.067,0.000,0.000,0.000,0.085,0.087,0.090,0.000,0.000,0.000,0.089,0.088,0.089,0.000,0.000,0.000,0.131,0.134,0.129,0.000,0.000,0.000,0.085,0.090,0.086,0.000,0.000,0.000,0.050,0.052,0.046,0.000,0.000,0.000,0.000,0.000,0.000,0.000,0.000,0.000,0.000,0.000,0.000,0.000,0.000,0.000,0.000,0.000,0.000,0.000,0.000,0.000,0.000,0.000,0.000,0.000,0.000,0.000,0.000,0.000,0.000,0.000,0.000,0.000,0.000,0.000,0.000,0.000,0.000,0.000,0.000,0.000,0.000,0.000,0.000,0.000,0.000,0.000,0.000,0.000,0.000,0.000,0.000,0.000,0.000
2025-07-06 22:38:53,239.014,238.969,238.957,0.000,0.000,0.000,1.986,1.984,1.985,0.217,0.227,0.220,0.025,0.016,0.033,1.053,1.047,1.051,0.014,0.008,0.006,0.988,0.995,0.993,0.015,0.000,0.000,1.205,1.200,1.203,0.000,0.000,0.000,0.249,0.251,0.251,0.000,0.000,0.000,0.149,0.151,0.150,0.000,0.000,0.000,0.383,0.382,0.378,0.000,0.000,0.000,0.044,0.047,0.048,0.000,0.000,0.000,0.213,0.212,0.207,0.000,0.000,0.000,0.148,0.153,0.156,0.005,0.022,0.000,0.023,0.022,0.022,0.068,0.065,0.068,0.106,0.108,0.111,0.088,0.092,0.087,0.083,0.084,0.080,0.093,0.091,0.092,0.066,0.065,0.065,0.133,0.137,0.133,0.077,0.078,0.079,0.090,0.096,0.092,0.073,0.074,0.074,0.054,0.054,0.053,0.048,0.050,0.048,0.036,0.049,0.030,0.000,0.000,0.000,0.000,0.000,0.000,0.094,0.090,0.088,0.000,0.000,0.000,0.013,0.008,0.008,0.000,0.000,0.000,0.063,0.061,0.061,0.000,0.000,0.000,0.000,0.000,0.000,0.000,0.000,0.000,0.000,0.000,0.000,0.000,0.000,0.000,0.000,0.000,0.000,0.000,0.000,0.000,0.000,0.000,0.000,0.000,0.000,0.000,0.000,0.000,0.000,0.000,0.000,0.000,0.009,0.000,0.005,0.000,0.000,0.000,0.000,0.000,0.000,0.000,0.000,0.000,0.000,0.000,0.000,0.000,0.000,0.000,0.000,0.000,0.000,0.000,0.000,0.000,0.000,0.000,0.000,0.000,0.000,0.000,0.000,0.000,0.000,0.000,0.000,0.000,0.000,0.000,0.000,0.000,0.000,0.000,0.000,0.000,0.000,0.000,0.000,0.000,0.000,0.000,0.000,0.000,0.000,0.000,0.000,0.027,0.005,0.000,0.000,0.000,0.064,0.064,0.064,0.000,0.000,0.000,0.086,0.091,0.086,0.000,0.000,0.000,0.090,0.090,0.090,0.000,0.000,0.000,0.131,0.135,0.133,0.000,0.000,0.000,0.087,0.091,0.088,0.000,0.000,0.000,0.049,0.050,0.047,0.000,0.000,0.000,0.000,0.014,0.013,0.000,0.000,0.000,0.000,0.000,0.000,0.000,0.000,0.000,0.000,0.000,0.000,0.000,0.000,0.000,0.000,0.000,0.000,0.000,0.000,0.000,0.000,0.000,0.000,0.000,0.000,0.000,0.000,0.000,0.000,0.000,0.000,0.000,0.000,0.000,0.000,0.000,0.000,0.000,0.000,0.000,0.000,0.000,0.000,0.000,0.000,0.000,0.000
2025-07-06 22:38:56,239.030,238.986,238.974,0.000,0.000,0.000,1.987,1.983,1.985,0.224,0.220,0.220,0.017,0.018,0.038,1.050,1.045,1.052,0.033,0.008,0.014,0.988,0.994,0.990,0.006,0.000,0.005,1.209,1.205,1.205,0.000,0.000,0.000,0.243,0.249,0.248,0.000,0.000,0.000,0.139,0.138,0.134,0.000,0.000,0.000,0.383,0.382,0.381,0.000,0.000,0.000,0.056,0.050,0.054,0.000,0.000,0.000,0.220,0.218,0.212,0.000,0.000,0.022,0.150,0.149,0.155,0.013,0.000,0.012,0.011,0.027,0.035,0.071,0.067,0.067,0.108,0.103,0.104,0.088,0.086,0.088,0.084,0.081,0.083,0.096,0.092,0.090,0.068,0.071,0.068,0.134,0.133,0.134,0.080,0.081,0.075,0.095,0.094,0.093,0.076,0.076,0.067,0.054,0.052,0.052,0.046,0.035,0.042,0.043,0.045,0.028,0.000,0.000,0.000,0.000,0.000,0.000,0.090,0.090,0.088,0.000,0.000,0.000,0.013,0.005,0.027,0.000,0.000,0.000,0.062,0.063,0.061,0.000,0.000,0.000,0.000,0.000,0.000,0.000,0.000,0.000,0.006,0.000,0.005,0.000,0.000,0.000,0.000,0.000,0.000,0.000,0.000,0.000,0.000,0.000,0.000,0.000,0.000,0.000,0.000,0.000,0.000,0.000,0.000,0.000,0.009,0.000,0.008,0.000,0.000,0.000,0.000,0.000,0.000,0.000,0.000,0.000,0.000,0.000,0.000,0.000,0.000,0.000,0.000,0.000,0.000,0.000,0.000,0.000,0.000,0.000,0.000,0.000,0.000,0.000,0.000,0.000,0.000,0.000,0.000,0.000,0.000,0.000,0.000,0.000,0.000,0.000,0.000,0.000,0.000,0.000,0.000,0.000,0.000,0.000,0.021,0.000,0.000,0.000,0.000,0.005,0.010,0.000,0.000,0.000,0.066,0.066,0.064,0.000,0.000,0.000,0.086,0.088,0.087,0.000,0.000,0.000,0.091,0.091,0.088,0.000,0.000,0.000,0.133,0.131,0.131,0.000,0.000,0.000,0.092,0.092,0.086,0.000,0.000,0.000,0.050,0.047,0.050,0.000,0.000,0.000,0.021,0.000,0.000,0.000,0.000,0.000,0.000,0.000,0.000,0.000,0.000,0.000,0.000,0.000,0.000,0.000,0.000,0.000,0.000,0.000,0.000,0.000,0.000,0.000,0.000,0.000,0.000,0.000,0.000,0.000,0.000,0.000,0.000,0.000,0.000,0.000,0.000,0.000,0.000,0.000,0.000,0.000,0.000,0.000,0.000,0.000,0.000,0.000,0.000,0.000,0.000
2025-07-06 22:38:59,239.070,239.026,239.013,0.000,0.000,0.000,1.984,1.990,1.996,0.221,0.214,0.220,0.034,0.040,0.044,1.040,1.045,1.049,0.008,0.013,0.029,0.997,1.004,1.014,0.009,0.031,0.008,1.207,1.209,1.208,0.000,0.000,0.000,0.250,0.254,0.254,0.000,0.000,0.000,0.136,0.130,0.128,0.000,0.000,0.000,0.376,0.372,0.370,0.000,0.000,0.000,0.052,0.060,0.052,0.000,0.000,0.013,0.212,0.214,0.205,0.000,0.000,0.000,0.157,0.154,0.156,0.018,0.000,0.025,0.030,0.005,0.023,0.070,0.064,0.069,0.106,0.108,0.108,0.088,0.083,0.088,0.073,0.072,0.070,0.091,0.089,0.090,0.070,0.067,0.065,0.133,0.134,0.132,0.079,0.080,0.075,0.091,0.090,0.093,0.079,0.078,0.079,0.054,0.052,0.056,0.031,0.020,0.022,0.044,0.043,0.020,0.000,0.000,0.000,0.000,0.000,0.000,0.088,0.090,0.093,0.000,0.000,0.000,0.013,0.014,0.019,0.000,0.000,0.000,0.066,0.068,0.071,0.000,0.000,0.000,0.000,0.000,0.000,0.000,0.000,0.000,0.024,0.000,0.008,0.000,0.000,0.000,0.000,0.000,0.000,0.000,0.000,0.000,0.000,0.000,0.000,0.000,0.000,0.000,0.000,0.000,0.000,0.000,0.000,0.000,0.015,0.008,0.021,0.000,0.000,0.000,0.000,0.000,0.000,0.000,0.000,0.000,0.000,0.000,0.000,0.000,0.000,0.000,0.000,0.000,0.000,0.000,0.000,0.000,0.000,0.000,0.000,0.000,0.000,0.000,0.000,0.000,0.000,0.000,0.000,0.000,0.000,0.000,0.000,0.000,0.000,0.000,0.000,0.000,0.000,0.000,0.000,0.000,0.000,0.000,0.000,0.000,0.000,0.000,0.021,0.000,0.000,0.000,0.000,0.000,0.065,0.061,0.066,0.000,0.000,0.000,0.088,0.084,0.086,0.000,0.000,0.000,0.089,0.087,0.089,0.000,0.000,0.000,0.131,0.131,0.130,0.000,0.000,0.000,0.088,0.086,0.090,0.000,0.000,0.000,0.050,0.049,0.053,0.000,0.000,0.000,0.000,0.000,0.000,0.000,0.000,0.000,0.000,0.000,0.000,0.000,0.000,0.000,0.000,0.000,0.000,0.000,0.000,0.000,0.000,0.000,0.000,0.000,0.000,0.000,0.000,0.000,0.000,0.000,0.000,0.000,0.000,0.000,0.000,0.000,0.000,0.000,0.000,0.000,0.000,0.000,0.000,0.000,0.000,0.000,0.000,0.000,0.000,0.000,0.000,0.000,0.000
2025-07-06 22:39:02,239.122,239.077,239.066,0.000,0.000,0.000,2.002,2.001,2.001,0.221,0.219,0.221,0.027,0.032,0.060,1.033,1.034,1.033,0.000,0.000,0.015,1.019,1.019,1.023,0.014,0.000,0.000,1.230,1.228,1.226,0.000,0.000,0.000,0.250,0.250,0.249,0.000,0.000,0.000,0.122,0.124,0.123,0.000,0.000,0.000,0.376,0.371,0.371,0.000,0.000,0.000,0.050,0.050,0.053,0.000,0.000,0.000,0.208,0.204,0.207,0.000,0.000,0.000,0.151,0.150,0.149,0.013,0.000,0.013,0.029,0.041,0.000,0.066,0.065,0.067,0.106,0.113,0.108,0.088,0.087,0.085,0.068,0.069,0.068,0.091,0.089,0.090,0.065,0.066,0.064,0.133,0.133,0.133,0.069,0.070,0.063,0.091,0.094,0.096,0.076,0.075,0.075,0.052,0.055,0.058,0.049,0.051,0.053,0.022,0.045,0.038,0.000,0.000,0.000,0.000,0.000,0.000,0.095,0.096,0.094,0.000,0.000,0.000,0.013,0.013,0.008,0.000,0.000,0.000,0.069,0.064,0.065,0.000,0.000,0.000,0.000,0.000,0.000,0.000,0.000,0.000,0.000,0.000,0.000,0.000,0.000,0.000,0.000,0.000,0.000,0.000,0.000,0.000,0.000,0.000,0.000,0.000,0.000,0.000,0.000,0.000,0.000,0.000,0.000,0.000,0.008,0.014,0.032,0.000,0.000,0.000,0.000,0.000,0.000,0.000,0.000,0.000,0.000,0.000,0.000,0.000,0.000,0.000,0.000,0.000,0.000,0.000,0.000,0.000,0.000,0.000,0.000,0.000,0.000,0.000,0.000,0.000,0.000,0.000,0.000,0.000,0.000,0.000,0.000,0.000,0.000,0.000,0.000,0.000,0.000,0.000,0.000,0.000,0.000,0.000,0.000,0.000,0.000,0.000,0.005,0.000,0.013,0.000,0.000,0.000,0.065,0.061,0.064,0.000,0.000,0.000,0.089,0.086,0.085,0.000,0.000,0.000,0.089,0.088,0.087,0.000,0.000,0.000,0.132,0.131,0.131,0.000,0.000,0.000,0.089,0.089,0.091,0.000,0.000,0.000,0.049,0.051,0.051,0.000,0.000,0.000,0.000,0.013,0.000,0.000,0.000,0.000,0.000,0.000,0.000,0.000,0.000,0.000,0.000,0.000,0.000,0.000,0.000,0.000,0.000,0.000,0.000,0.000,0.000,0.000,0.000,0.000,0.000,0.000,0.000,0.000,0.000,0.000,0.000,0.000,0.000,0.000,0.000,0.000,0.000,0.000,0.000,0.000,0.000,0.000,0.000,0.000,0.000,0.000,0.000,0.000,0.000
2025-07-06 22:39:05,239.216,239.171,239.160,0.000,0.000,0.000,2.012,2.017,2.012,0.221,0.260,0.218,0.043,0.046,0.056,1.042,1.040,1.041,0.000,0.005,0.035,1.021,1.028,1.030,0.000,0.000,0.000,1.243,1.239,1.235,0.000,0.000,0.000,0.248,0.250,0.249,0.000,0.000,0.000,0.118,0.115,0.115,0.000,0.000,0.000,0.366,0.366,0.370,0.000,0.000,0.000,0.023,0.047,0.045,0.000,0.015,0.000,0.193,0.193,0.196,0.000,0.015,0.000,0.156,0.147,0.150,0.017,0.018,0.000,0.035,0.045,0.027,0.065,0.069,0.067,0.107,0.107,0.109,0.087,0.088,0.083,0.071,0.078,0.068,0.092,0.090,0.093,0.068,0.069,0.069,0.135,0.142,0.131,0.077,0.077,0.072,0.093,0.095,0.092,0.078,0.078,0.082,0.055,0.067,0.053,0.032,0.058,0.041,0.027,0.045,0.011,0.000,0.017,0.000,0.000,0.019,0.000,0.089,0.093,0.091,0.000,0.016,0.000,0.005,0.016,0.000,0.000,0.016,0.000,0.064,0.063,0.064,0.000,0.014,0.000,0.000,0.000,0.000,0.000,0.000,0.000,0.000,0.013,0.000,0.000,0.000,0.000,0.000,0.000,0.000,0.000,0.000,0.000,0.000,0.000,0.000,0.000,0.000,0.000,0.000,0.000,0.000,0.000,0.000,0.000,0.017,0.020,0.014,0.000,0.000,0.013,0.000,0.000,0.000,0.000,0.000,0.000,0.000,0.000,0.000,0.000,0.000,0.000,0.000,0.000,0.000,0.000,0.000,0.000,0.000,0.000,0.000,0.000,0.000,0.000,0.000,0.000,0.000,0.000,0.014,0.000,0.000,0.000,0.000,0.000,0.000,0.000,0.000,0.000,0.000,0.000,0.015,0.000,0.000,0.014,0.000,0.000,0.000,0.000,0.000,0.000,0.000,0.000,0.018,0.000,0.064,0.068,0.062,0.000,0.017,0.000,0.086,0.087,0.083,0.000,0.019,0.000,0.089,0.089,0.089,0.000,0.017,0.000,0.131,0.140,0.129,0.000,0.024,0.000,0.090,0.088,0.090,0.000,0.021,0.000,0.051,0.061,0.051,0.000,0.022,0.000,0.014,0.024,0.000,0.000,0.016,0.000,0.000,0.019,0.000,0.000,0.020,0.000,0.000,0.016,0.000,0.000,0.016,0.000,0.000,0.015,0.000,0.000,0.000,0.000,0.000,0.000,0.000,0.000,0.000,0.000,0.000,0.000,0.000,0.000,0.000,0.000,0.000,0.000,0.000,0.000,0.000,0.000,0.000,0.000,0.000,0.000,0.000,0.000,0.000,0.000,0.000
2025-07-06 22:39:08,239.176,239.132,239.117,0.000,0.000,0.000,2.008,2.013,2.008,0.223,0.221,0.222,0.055,0.049,0.054,1.036,1.041,1.037,0.000,0.005,0.014,1.014,1.018,1.014,0.000,0.000,0.014,1.243,1.242,1.240,0.000,0.000,0.000,0.247,0.247,0.249,0.000,0.000,0.000,0.125,0.120,0.117,0.000,0.005,0.000,0.371,0.374,0.375,0.000,0.000,0.000,0.037,0.049,0.034,0.000,0.000,0.000,0.200,0.195,0.197,0.000,0.000,0.000,0.149,0.155,0.147,0.016,0.000,0.005,0.021,0.043,0.043,0.066,0.065,0.067,0.109,0.110,0.106,0.088,0.085,0.088,0.075,0.074,0.074,0.091,0.092,0.093,0.066,0.067,0.067,0.133,0.134,0.134,0.071,0.075,0.066,0.092,0.095,0.094,0.079,0.077,0.075,0.055,0.056,0.054,0.047,0.049,0.048,0.023,0.043,0.041,0.000,0.000,0.000,0.000,0.000,0.000,0.094,0.093,0.093,0.000,0.000,0.000,0.028,0.014,0.027,0.000,0.000,0.000,0.068,0.066,0.070,0.000,0.000,0.000,0.000,0.000,0.000,0.000,0.000,0.000,0.000,0.000,0.000,0.000,0.000,0.000,0.000,0.000,0.000,0.000,0.000,0.000,0.000,0.000,0.000,0.000,0.000,0.000,0.000,0.000,0.000,0.000,0.000,0.000,0.039,0.015,0.017,0.000,0.000,0.000,0.000,0.000,0.000,0.000,0.000,0.000,0.000,0.000,0.000,0.000,0.000,0.000,0.000,0.000,0.000,0.000,0.000,0.000,0.000,0.000,0.000,0.000,0.000,0.000,0.000,0.000,0.000,0.000,0.000,0.000,0.000,0.000,0.000,0.000,0.000,0.000,0.000,0.000,0.000,0.000,0.000,0.000,0.000,0.000,0.000,0.000,0.000,0.000,0.014,0.014,0.008,0.000,0.000,0.000,0.063,0.063,0.064,0.000,0.000,0.000,0.086,0.084,0.087,0.000,0.000,0.000,0.089,0.091,0.091,0.000,0.000,0.000,0.131,0.131,0.131,0.000,0.000,0.000,0.089,0.090,0.091,0.000,0.000,0.000,0.051,0.051,0.049,0.000,0.000,0.000,0.000,0.000,0.000,0.000,0.000,0.000,0.000,0.000,0.000,0.000,0.000,0.000,0.000,0.000,0.000,0.000,0.000,0.000,0.000,0.000,0.000,0.000,0.000,0.000,0.000,0.000,0.000,0.000,0.000,0.000,0.000,0.000,0.000,0.000,0.000,0.000,0.000,0.000,0.000,0.000,0.000,0.000,0.000,0.000,0.000,0.000,0.000,0.000,0.000,0.000,0.000
2025-07-06 22:39:11,239.139,239.095,239.082,0.000,0.000,0.000,2.009,2.011,2.006,0.226,0.228,0.221,0.065,0.063,0.064,1.038,1.041,1.039,0.013,0.030,0.029,1.028,1.021,1.018,0.014,0.000,0.014,1.232,1.236,1.234,0.000,0.000,0.000,0.251,0.253,0.246,0.000,0.000,0.000,0.122,0.114,0.120,0.000,0.008,0.000,0.372,0.374,0.371,0.013,0.000,0.000,0.034,0.043,0.032,0.000,0.000,0.000,0.199,0.201,0.199,0.013,0.000,0.000,0.145,0.144,0.145,0.000,0.005,0.022,0.016,0.024,0.044,0.067,0.069,0.068,0.109,0.106,0.108,0.087,0.089,0.086,0.064,0.067,0.067,0.091,0.092,0.091,0.061,0.067,0.066,0.133,0.134,0.131,0.066,0.067,0.071,0.092,0.094,0.092,0.075,0.076,0.077,0.056,0.052,0.053,0.049,0.046,0.048,0.020,0.043,0.013,0.000,0.000,0.000,0.000,0.000,0.000,0.094,0.091,0.091,0.000,0.000,0.000,0.009,0.013,0.014,0.000,0.000,0.000,0.067,0.068,0.065,0.000,0.000,0.000,0.000,0.000,0.000,0.000,0.000,0.000,0.000,0.000,0.013,0.000,0.000,0.000,0.000,0.000,0.000,0.000,0.000,0.000,0.000,0.000,0.000,0.000,0.000,0.000,0.000,0.000,0.000,0.000,0.000,0.000,0.042,0.045,0.033,0.013,0.000,0.000,0.000,0.000,0.000,0.000,0.000,0.000,0.000,0.000,0.000,0.000,0.000,0.000,0.000,0.000,0.000,0.000,0.000,0.000,0.000,0.000,0.000,0.000,0.000,0.000,0.000,0.000,0.000,0.000,0.000,0.000,0.000,0.000,0.000,0.000,0.000,0.000,0.000,0.000,0.000,0.000,0.000,0.000,0.013,0.000,0.000,0.000,0.000,0.000,0.008,0.000,0.005,0.000,0.000,0.000,0.065,0.068,0.065,0.000,0.000,0.000,0.087,0.090,0.086,0.000,0.000,0.000,0.089,0.091,0.088,0.000,0.000,0.000,0.130,0.132,0.129,0.000,0.000,0.000,0.090,0.091,0.091,0.000,0.000,0.000,0.050,0.051,0.049,0.000,0.000,0.000,0.000,0.013,0.000,0.000,0.000,0.000,0.000,0.000,0.000,0.000,0.000,0.000,0.000,0.000,0.000,0.000,0.000,0.000,0.000,0.000,0.000,0.000,0.000,0.000,0.000,0.000,0.000,0.000,0.000,0.000,0.000,0.000,0.000,0.000,0.000,0.000,0.000,0.000,0.000,0.000,0.000,0.000,0.000,0.000,0.000,0.000,0.000,0.000,0.000,0.000,0.000
2025-07-06 22:39:14,239.180,239.136,239.124,0.000,0.000,0.000,2.014,2.020,2.012,0.222,0.219,0.218,0.053,0.060,0.039,1.040,1.049,1.038,0.000,0.038,0.013,1.021,1.022,1.020,0.000,0.014,0.000,1.243,1.242,1.241,0.000,0.000,0.000,0.249,0.250,0.248,0.000,0.000,0.000,0.119,0.110,0.111,0.000,0.000,0.000,0.374,0.376,0.372,0.000,0.000,0.000,0.028,0.040,0.045,0.000,0.000,0.000,0.201,0.201,0.204,0.000,0.000,0.000,0.156,0.161,0.156,0.014,0.022,0.027,0.047,0.038,0.045,0.065,0.067,0.066,0.108,0.116,0.110,0.087,0.090,0.085,0.066,0.066,0.064,0.091,0.088,0.092,0.068,0.071,0.066,0.135,0.132,0.131,0.073,0.071,0.070,0.092,0.089,0.092,0.077,0.081,0.082,0.055,0.057,0.054,0.044,0.030,0.044,0.040,0.045,0.031,0.000,0.000,0.000,0.000,0.000,0.000,0.091,0.089,0.087,0.000,0.000,0.000,0.013,0.013,0.020,0.000,0.000,0.000,0.069,0.066,0.063,0.000,0.000,0.000,0.000,0.000,0.000,0.000,0.000,0.000,0.000,0.000,0.014,0.000,0.000,0.000,0.000,0.000,0.000,0.000,0.000,0.000,0.000,0.000,0.000,0.000,0.000,0.000,0.000,0.000,0.000,0.000,0.000,0.000,0.029,0.038,0.026,0.000,0.000,0.000,0.000,0.000,0.000,0.000,0.000,0.000,0.000,0.000,0.000,0.000,0.000,0.000,0.000,0.000,0.000,0.000,0.000,0.000,0.000,0.000,0.000,0.000,0.000,0.000,0.000,0.000,0.000,0.000,0.000,0.000,0.000,0.000,0.000,0.000,0.000,0.000,0.000,0.000,0.000,0.000,0.000,0.000,0.000,0.000,0.000,0.000,0.000,0.000,0.019,0.014,0.000,0.000,0.000,0.000,0.061,0.062,0.065,0.000,0.000,0.000,0.085,0.087,0.084,0.000,0.000,0.000,0.090,0.086,0.090,0.000,0.000,0.000,0.133,0.129,0.130,0.000,0.000,0.000,0.089,0.086,0.088,0.000,0.000,0.000,0.050,0.051,0.048,0.000,0.000,0.000,0.000,0.000,0.000,0.000,0.000,0.000,0.000,0.000,0.000,0.000,0.000,0.000,0.000,0.000,0.000,0.000,0.000,0.000,0.000,0.000,0.000,0.000,0.000,0.000,0.000,0.000,0.000,0.000,0.000,0.000,0.000,0.000,0.000,0.000,0.000,0.000,0.000,0.000,0.000,0.000,0.000,0.000,0.000,0.000,0.000,0.000,0.000,0.000,0.000,0.000,0.000
2025-07-06 22:39:17,239.205,239.161,239.148,0.000,0.000,0.000,2.053,2.046,2.051,0.223,0.221,0.222,0.036,0.036,0.049,1.059,1.051,1.054,0.000,0.000,0.000,1.050,1.046,1.049,0.000,0.000,0.013,1.262,1.264,1.265,0.000,0.000,0.000,0.250,0.249,0.250,0.000,0.000,0.000,0.110,0.109,0.112,0.000,0.000,0.000,0.381,0.384,0.382,0.000,0.000,0.000,0.023,0.005,0.021,0.000,0.000,0.000,0.199,0.192,0.195,0.000,0.000,0.000,0.159,0.157,0.159,0.013,0.000,0.013,0.043,0.029,0.037,0.067,0.067,0.068,0.119,0.116,0.121,0.090,0.086,0.087,0.067,0.066,0.062,0.094,0.090,0.088,0.067,0.063,0.063,0.133,0.134,0.133,0.072,0.071,0.070,0.095,0.092,0.090,0.087,0.082,0.082,0.052,0.056,0.056,0.048,0.051,0.047,0.020,0.031,0.044,0.000,0.000,0.000,0.000,0.000,0.000,0.091,0.092,0.090,0.000,0.000,0.000,0.034,0.023,0.043,0.000,0.000,0.000,0.068,0.071,0.069,0.000,0.000,0.000,0.000,0.000,0.000,0.000,0.000,0.000,0.005,0.000,0.000,0.000,0.000,0.000,0.000,0.000,0.000,0.000,0.000,0.000,0.000,0.000,0.000,0.000,0.000,0.000,0.000,0.000,0.000,0.000,0.000,0.000,0.014,0.017,0.032,0.000,0.000,0.000,0.000,0.000,0.000,0.000,0.000,0.000,0.000,0.000,0.000,0.000,0.000,0.000,0.000,0.000,0.000,0.000,0.000,0.000,0.000,0.000,0.000,0.000,0.000,0.000,0.000,0.000,0.000,0.000,0.000,0.000,0.000,0.000,0.000,0.000,0.000,0.000,0.000,0.000,0.000,0.000,0.000,0.000,0.000,0.000,0.000,0.000,0.000,0.000,0.013,0.000,0.013,0.000,0.000,0.000,0.064,0.064,0.066,0.000,0.000,0.000,0.087,0.085,0.087,0.000,0.000,0.000,0.092,0.089,0.086,0.000,0.000,0.000,0.132,0.133,0.132,0.000,0.000,0.000,0.093,0.089,0.087,0.000,0.000,0.000,0.049,0.052,0.052,0.000,0.000,0.000,0.008,0.013,0.000,0.000,0.000,0.000,0.000,0.000,0.000,0.000,0.000,0.000,0.000,0.000,0.000,0.000,0.000,0.000,0.000,0.000,0.000,0.000,0.000,0.000,0.000,0.000,0.000,0.000,0.000,0.000,0.000,0.000,0.000,0.000,0.000,0.000,0.000,0.000,0.000,0.000,0.000,0.000,0.000,0.000,0.000,0.000,0.000,0.000,0.000,0.000,0.000
2025-07-06 22:39:20,239.157,239.113,239.101,0.000,0.000,0.000,2.069,2.082,2.088,0.233,0.323,0.238,0.079,0.084,0.070,1.065,1.108,1.097,0.015,0.000,0.015,1.058,1.051,1.067,0.000,0.000,0.020,1.267,1.258,1.263,0.000,0.000,0.000,0.251,0.247,0.245,0.000,0.000,0.000,0.107,0.111,0.107,0.000,0.000,0.000,0.396,0.388,0.391,0.000,0.000,0.000,0.035,0.045,0.047,0.000,0.000,0.000,0.208,0.205,0.209,0.000,0.000,0.000,0.154,0.161,0.161,0.013,0.000,0.021,0.033,0.046,0.037,0.073,0.068,0.069,0.123,0.124,0.129,0.090,0.088,0.089,0.065,0.068,0.065,0.097,0.095,0.097,0.068,0.066,0.066,0.136,0.141,0.139,0.080,0.084,0.080,0.097,0.095,0.094,0.081,0.085,0.082,0.058,0.063,0.055,0.034,0.032,0.044,0.043,0.048,0.029,0.000,0.000,0.000,0.000,0.000,0.000,0.094,0.096,0.093,0.000,0.000,0.000,0.043,0.041,0.031,0.000,0.000,0.000,0.077,0.070,0.074,0.000,0.000,0.000,0.000,0.000,0.000,0.000,0.000,0.000,0.013,0.015,0.013,0.000,0.000,0.000,0.000,0.000,0.000,0.000,0.000,0.000,0.000,0.013,0.000,0.000,0.000,0.000,0.000,0.000,0.000,0.000,0.016,0.000,0.044,0.164,0.057,0.013,0.042,0.000,0.000,0.032,0.014,0.000,0.015,0.000,0.000,0.015,0.000,0.000,0.000,0.000,0.000,0.000,0.000,0.000,0.000,0.000,0.000,0.000,0.000,0.000,0.000,0.000,0.000,0.000,0.000,0.000,0.000,0.000,0.000,0.008,0.000,0.000,0.000,0.000,0.000,0.000,0.000,0.000,0.000,0.000,0.000,0.000,0.000,0.000,0.000,0.008,0.023,0.000,0.024,0.000,0.000,0.000,0.070,0.065,0.067,0.000,0.000,0.000,0.088,0.088,0.088,0.000,0.000,0.000,0.094,0.093,0.094,0.000,0.000,0.000,0.133,0.139,0.138,0.000,0.000,0.000,0.093,0.092,0.091,0.000,0.000,0.000,0.052,0.057,0.053,0.000,0.000,0.000,0.005,0.016,0.008,0.000,0.000,0.000,0.000,0.000,0.000,0.000,0.000,0.000,0.000,0.000,0.000,0.000,0.000,0.000,0.000,0.000,0.000,0.000,0.000,0.000,0.000,0.000,0.000,0.000,0.000,0.000,0.000,0.000,0.000,0.000,0.000,0.000,0.000,0.000,0.000,0.000,0.000,0.000,0.000,0.000,0.000,0.000,0.000,0.000,0.000,0.000,0.000
2025-07-06 22:39:23,239.276,239.231,239.220,0.000,0.000,0.000,2.091,2.095,2.090,0.234,0.234,0.237,0.063,0.058,0.083,1.075,1.078,1.068,0.012,0.000,0.000,1.073,1.068,1.069,0.000,0.000,0.008,1.283,1.289,1.290,0.000,0.000,0.000,0.252,0.253,0.251,0.000,0.000,0.000,0.103,0.102,0.105,0.000,0.000,0.005,0.393,0.392,0.386,0.000,0.000,0.000,0.016,0.038,0.033,0.000,0.000,0.000,0.201,0.205,0.200,0.000,0.000,0.000,0.160,0.165,0.160,0.000,0.016,0.035,0.050,0.047,0.051,0.071,0.071,0.070,0.131,0.131,0.130,0.090,0.090,0.092,0.063,0.065,0.067,0.099,0.099,0.098,0.072,0.071,0.068,0.138,0.139,0.139,0.078,0.078,0.079,0.097,0.094,0.098,0.083,0.091,0.085,0.057,0.057,0.060,0.048,0.044,0.042,0.044,0.043,0.038,0.010,0.016,0.005,0.000,0.000,0.000,0.092,0.091,0.091,0.000,0.000,0.000,0.019,0.018,0.038,0.000,0.000,0.000,0.080,0.075,0.075,0.000,0.000,0.000,0.000,0.000,0.000,0.000,0.000,0.000,0.008,0.016,0.000,0.000,0.000,0.000,0.000,0.000,0.000,0.000,0.000,0.000,0.000,0.000,0.000,0.000,0.000,0.000,0.000,0.000,0.000,0.000,0.000,0.000,0.006,0.038,0.050,0.000,0.000,0.000,0.000,0.000,0.000,0.000,0.000,0.000,0.000,0.000,0.000,0.000,0.000,0.000,0.000,0.000,0.000,0.000,0.000,0.000,0.000,0.000,0.000,0.000,0.000,0.000,0.000,0.000,0.000,0.000,0.000,0.000,0.000,0.005,0.000,0.000,0.000,0.000,0.000,0.000,0.000,0.000,0.000,0.000,0.000,0.000,0.000,0.000,0.000,0.005,0.013,0.015,0.019,0.000,0.000,0.000,0.069,0.067,0.068,0.000,0.000,0.000,0.089,0.090,0.090,0.000,0.000,0.000,0.098,0.096,0.096,0.000,0.000,0.000,0.137,0.138,0.137,0.000,0.000,0.000,0.095,0.090,0.091,0.000,0.000,0.000,0.054,0.052,0.055,0.000,0.000,0.000,0.013,0.008,0.005,0.000,0.000,0.000,0.000,0.000,0.000,0.000,0.000,0.000,0.000,0.000,0.000,0.000,0.000,0.000,0.000,0.000,0.000,0.000,0.000,0.000,0.000,0.000,0.000,0.000,0.000,0.000,0.000,0.000,0.000,0.000,0.000,0.000,0.000,0.000,0.000,0.000,0.000,0.000,0.000,0.000,0.000,0.000,0.000,0.000,0.000,0.000,0.000
2025-07-06 22:39:26,239.249,239.205,239.192,0.000,0.000,0.000,2.096,2.097,2.096,0.242,0.236,0.234,0.059,0.060,0.022,1.070,1.071,1.074,0.014,0.000,0.006,1.072,1.070,1.065,0.000,0.000,0.000,1.299,1.301,1.302,0.000,0.000,0.000,0.252,0.250,0.247,0.000,0.000,0.000,0.100,0.101,0.098,0.000,0.000,0.008,0.379,0.379,0.386,0.000,0.000,0.000,0.056,0.047,0.044,0.000,0.000,0.000,0.202,0.207,0.194,0.000,0.000,0.000,0.162,0.165,0.169,0.021,0.005,0.027,0.053,0.053,0.050,0.071,0.072,0.071,0.136,0.136,0.135,0.094,0.092,0.092,0.061,0.065,0.069,0.100,0.099,0.098,0.068,0.068,0.072,0.142,0.140,0.141,0.077,0.078,0.080,0.098,0.100,0.095,0.086,0.088,0.085,0.059,0.052,0.062,0.008,0.026,0.023,0.048,0.047,0.036,0.000,0.008,0.035,0.000,0.000,0.000,0.087,0.085,0.086,0.000,0.000,0.000,0.006,0.020,0.005,0.000,0.000,0.000,0.079,0.074,0.078,0.000,0.000,0.000,0.000,0.000,0.000,0.000,0.000,0.000,0.000,0.000,0.000,0.000,0.000,0.000,0.000,0.000,0.000,0.000,0.000,0.000,0.000,0.000,0.000,0.000,0.000,0.000,0.000,0.000,0.000,0.000,0.000,0.000,0.045,0.026,0.016,0.000,0.000,0.000,0.000,0.000,0.000,0.000,0.000,0.000,0.000,0.000,0.000,0.000,0.000,0.000,0.000,0.000,0.000,0.000,0.000,0.000,0.000,0.000,0.000,0.000,0.000,0.000,0.000,0.000,0.000,0.000,0.000,0.000,0.000,0.000,0.000,0.000,0.000,0.000,0.000,0.000,0.000,0.000,0.000,0.000,0.000,0.000,0.000,0.000,0.000,0.000,0.041,0.000,0.015,0.000,0.000,0.000,0.066,0.066,0.068,0.000,0.000,0.000,0.092,0.089,0.090,0.000,0.000,0.000,0.097,0.098,0.095,0.000,0.000,0.000,0.138,0.137,0.140,0.000,0.000,0.000,0.095,0.095,0.091,0.000,0.000,0.000,0.053,0.050,0.058,0.000,0.000,0.000,0.022,0.043,0.014,0.000,0.000,0.000,0.000,0.000,0.000,0.000,0.000,0.000,0.000,0.000,0.000,0.000,0.000,0.000,0.000,0.000,0.000,0.000,0.000,0.000,0.000,0.000,0.000,0.000,0.000,0.000,0.000,0.000,0.000,0.000,0.000,0.000,0.000,0.000,0.000,0.000,0.000,0.000,0.000,0.000,0.000,0.000,0.000,0.000,0.000,0.000,0.000
2025-07-06 22:39:29,239.230,239.185,239.173,0.000,0.000,0.000,2.117,2.118,2.120,0.227,0.236,0.242,0.065,0.054,0.087,1.086,1.090,1.083,0.000,0.000,0.023,1.083,1.091,1.094,0.000,0.000,0.014,1.311,1.303,1.306,0.000,0.000,0.000,0.250,0.253,0.254,0.000,0.000,0.000,0.104,0.105,0.104,0.000,0.000,0.000,0.385,0.384,0.379,0.000,0.000,0.000,0.030,0.005,0.020,0.000,0.000,0.000,0.194,0.191,0.195,0.000,0.000,0.000,0.165,0.167,0.166,0.021,0.027,0.021,0.051,0.053,0.050,0.067,0.070,0.071,0.133,0.131,0.133,0.088,0.089,0.092,0.068,0.065,0.068,0.098,0.098,0.100,0.070,0.073,0.073,0.138,0.142,0.141,0.076,0.083,0.080,0.094,0.097,0.098,0.076,0.082,0.085,0.053,0.058,0.061,0.039,0.033,0.046,0.045,0.047,0.047,0.000,0.013,0.000,0.000,0.000,0.000,0.093,0.089,0.090,0.000,0.000,0.000,0.028,0.008,0.022,0.000,0.000,0.000,0.078,0.077,0.074,0.000,0.000,0.000,0.000,0.000,0.000,0.000,0.000,0.000,0.000,0.000,0.000,0.000,0.000,0.000,0.000,0.000,0.000,0.000,0.000,0.000,0.000,0.000,0.000,0.000,0.000,0.000,0.000,0.000,0.000,0.000,0.000,0.000,0.024,0.023,0.043,0.000,0.014,0.018,0.000,0.000,0.000,0.000,0.000,0.000,0.000,0.000,0.000,0.000,0.000,0.000,0.000,0.000,0.000,0.000,0.000,0.000,0.000,0.000,0.000,0.000,0.000,0.000,0.000,0.000,0.000,0.000,0.000,0.000,0.000,0.000,0.000,0.000,0.000,0.000,0.000,0.000,0.000,0.000,0.000,0.000,0.000,0.000,0.000,0.000,0.000,0.000,0.005,0.013,0.023,0.000,0.000,0.000,0.061,0.066,0.067,0.000,0.000,0.000,0.086,0.090,0.091,0.000,0.000,0.000,0.096,0.096,0.097,0.000,0.000,0.000,0.136,0.141,0.139,0.000,0.000,0.000,0.091,0.091,0.093,0.000,0.000,0.000,0.050,0.055,0.056,0.000,0.000,0.000,0.005,0.005,0.014,0.000,0.000,0.000,0.000,0.000,0.000,0.000,0.000,0.000,0.000,0.000,0.000,0.000,0.000,0.000,0.000,0.000,0.000,0.000,0.000,0.000,0.000,0.000,0.000,0.000,0.000,0.000,0.000,0.000,0.000,0.000,0.000,0.000,0.000,0.000,0.000,0.000,0.000,0.000,0.000,0.000,0.000,0.000,0.000,0.000,0.000,0.000,0.000
2025-07-06 22:39:32,239.235,239.191,239.179,0.000,0.000,0.000,2.132,2.126,2.125,0.235,0.235,0.230,0.082,0.065,0.042,1.087,1.087,1.088,0.013,0.006,0.000,1.106,1.100,1.100,0.014,0.021,0.000,1.313,1.312,1.310,0.000,0.000,0.000,0.260,0.256,0.259,0.000,0.000,0.000,0.094,0.101,0.094,0.000,0.000,0.000,0.378,0.372,0.376,0.000,0.000,0.014,0.048,0.030,0.033,0.000,0.000,0.000,0.202,0.202,0.198,0.000,0.000,0.000,0.169,0.165,0.166,0.031,0.022,0.014,0.060,0.056,0.057,0.072,0.067,0.072,0.129,0.127,0.127,0.092,0.090,0.091,0.057,0.061,0.063,0.095,0.099,0.097,0.075,0.075,0.073,0.136,0.142,0.137,0.085,0.084,0.086,0.097,0.096,0.094,0.086,0.087,0.087,0.058,0.061,0.056,0.024,0.005,0.015,0.045,0.047,0.043,0.019,0.000,0.014,0.013,0.005,0.000,0.087,0.085,0.083,0.000,0.000,0.000,0.008,0.000,0.020,0.000,0.000,0.000,0.074,0.075,0.076,0.000,0.000,0.000,0.000,0.000,0.000,0.000,0.000,0.000,0.005,0.013,0.005,0.000,0.000,0.000,0.000,0.000,0.000,0.000,0.000,0.000,0.000,0.000,0.000,0.000,0.000,0.000,0.000,0.000,0.000,0.000,0.000,0.000,0.025,0.022,0.008,0.000,0.000,0.000,0.000,0.000,0.000,0.000,0.000,0.000,0.000,0.000,0.000,0.000,0.000,0.000,0.000,0.000,0.000,0.000,0.000,0.000,0.000,0.000,0.000,0.000,0.000,0.000,0.000,0.000,0.000,0.000,0.000,0.000,0.000,0.000,0.000,0.000,0.000,0.000,0.000,0.000,0.000,0.000,0.000,0.000,0.000,0.000,0.000,0.000,0.000,0.000,0.028,0.008,0.014,0.000,0.000,0.000,0.071,0.064,0.070,0.000,0.000,0.000,0.092,0.089,0.090,0.000,0.000,0.000,0.093,0.096,0.095,0.000,0.000,0.000,0.133,0.138,0.135,0.000,0.013,0.000,0.093,0.094,0.090,0.000,0.000,0.000,0.054,0.056,0.053,0.000,0.000,0.000,0.022,0.022,0.014,0.000,0.000,0.000,0.000,0.000,0.000,0.000,0.000,0.000,0.000,0.000,0.000,0.000,0.000,0.000,0.000,0.000,0.000,0.000,0.000,0.000,0.000,0.000,0.000,0.000,0.000,0.000,0.000,0.000,0.000,0.000,0.000,0.000,0.000,0.000,0.000,0.000,0.000,0.000,0.000,0.000,0.000,0.000,0.000,0.000,0.000,0.000,0.000
2025-07-06 22:39:35,239.242,239.199,239.186,0.000,0.000,0.000,2.124,2.122,2.118,0.236,0.237,0.234,0.059,0.072,0.065,1.080,1.085,1.081,0.013,0.023,0.000,1.103,1.095,1.102,0.000,0.009,0.000,1.308,1.308,1.304,0.000,0.000,0.000,0.261,0.255,0.250,0.000,0.000,0.000,0.090,0.099,0.100,0.000,0.000,0.000,0.380,0.376,0.374,0.000,0.000,0.000,0.027,0.025,0.029,0.000,0.000,0.000,0.201,0.199,0.198,0.000,0.000,0.000,0.173,0.169,0.166,0.005,0.015,0.008,0.052,0.052,0.049,0.071,0.068,0.069,0.127,0.129,0.125,0.091,0.090,0.091,0.062,0.068,0.066,0.101,0.102,0.098,0.072,0.075,0.070,0.141,0.139,0.140,0.088,0.084,0.082,0.096,0.101,0.098,0.088,0.082,0.081,0.059,0.059,0.061,0.035,0.030,0.032,0.047,0.046,0.046,0.014,0.013,0.000,0.000,0.008,0.000,0.087,0.090,0.089,0.000,0.000,0.000,0.019,0.033,0.014,0.000,0.000,0.000,0.076,0.078,0.078,0.000,0.000,0.000,0.000,0.000,0.000,0.000,0.000,0.000,0.008,0.000,0.008,0.000,0.000,0.000,0.000,0.000,0.000,0.000,0.000,0.000,0.000,0.000,0.000,0.000,0.000,0.000,0.000,0.000,0.015,0.000,0.000,0.000,0.022,0.045,0.030,0.000,0.000,0.000,0.000,0.000,0.000,0.000,0.000,0.000,0.000,0.000,0.000,0.000,0.000,0.000,0.000,0.000,0.000,0.000,0.000,0.000,0.000,0.000,0.000,0.000,0.000,0.000,0.000,0.000,0.000,0.000,0.000,0.000,0.000,0.000,0.000,0.000,0.000,0.000,0.000,0.000,0.000,0.000,0.000,0.000,0.000,0.000,0.000,0.000,0.000,0.000,0.009,0.019,0.005,0.000,0.000,0.000,0.069,0.065,0.065,0.000,0.000,0.000,0.089,0.088,0.089,0.000,0.000,0.000,0.098,0.100,0.096,0.000,0.000,0.000,0.139,0.137,0.139,0.000,0.000,0.000,0.093,0.096,0.095,0.000,0.000,0.000,0.056,0.054,0.056,0.000,0.000,0.000,0.014,0.018,0.000,0.000,0.000,0.000,0.000,0.000,0.000,0.000,0.000,0.000,0.000,0.000,0.000,0.000,0.000,0.000,0.000,0.000,0.000,0.000,0.000,0.000,0.000,0.000,0.000,0.000,0.000,0.000,0.000,0.000,0.000,0.000,0.000,0.000,0.000,0.000,0.000,0.000,0.000,0.000,0.000,0.000,0.000,0.000,0.000,0.000,0.000,0.000,0.000
2025-07-06 22:39:38,239.161,239.116,239.104,0.000,0.000,0.000,2.125,2.126,2.127,0.231,0.231,0.229,0.037,0.036,0.057,1.093,1.092,1.092,0.000,0.000,0.000,1.097,1.101,1.099,0.005,0.000,0.000,1.306,1.307,1.307,0.000,0.000,0.000,0.257,0.257,0.257,0.000,0.000,0.000,0.101,0.099,0.101,0.000,0.000,0.000,0.375,0.374,0.378,0.000,0.000,0.000,0.020,0.029,0.029,0.000,0.000,0.000,0.205,0.197,0.202,0.000,0.000,0.000,0.172,0.174,0.170,0.022,0.033,0.013,0.055,0.050,0.053,0.068,0.068,0.069,0.131,0.130,0.135,0.092,0.089,0.089,0.064,0.069,0.060,0.099,0.097,0.099,0.077,0.078,0.076,0.141,0.140,0.138,0.087,0.084,0.087,0.095,0.094,0.092,0.089,0.085,0.088,0.058,0.057,0.057,0.009,0.038,0.010,0.029,0.034,0.030,0.008,0.028,0.000,0.000,0.000,0.000,0.090,0.083,0.087,0.000,0.000,0.000,0.022,0.022,0.039,0.000,0.000,0.000,0.079,0.078,0.079,0.000,0.000,0.000,0.000,0.000,0.000,0.000,0.000,0.000,0.000,0.000,0.000,0.000,0.000,0.000,0.000,0.000,0.000,0.000,0.000,0.000,0.000,0.000,0.000,0.000,0.000,0.000,0.000,0.000,0.000,0.000,0.000,0.000,0.010,0.005,0.018,0.000,0.000,0.000,0.000,0.000,0.000,0.000,0.000,0.000,0.000,0.000,0.000,0.000,0.000,0.000,0.000,0.000,0.000,0.000,0.000,0.000,0.000,0.000,0.000,0.000,0.000,0.000,0.000,0.000,0.000,0.000,0.000,0.000,0.000,0.000,0.000,0.000,0.000,0.000,0.000,0.000,0.000,0.000,0.000,0.000,0.000,0.000,0.000,0.000,0.000,0.000,0.019,0.021,0.000,0.000,0.000,0.000,0.065,0.066,0.066,0.000,0.000,0.000,0.090,0.090,0.089,0.000,0.000,0.000,0.097,0.095,0.096,0.000,0.000,0.000,0.138,0.139,0.137,0.000,0.000,0.000,0.090,0.090,0.091,0.000,0.000,0.000,0.054,0.055,0.054,0.000,0.000,0.000,0.005,0.000,0.000,0.000,0.000,0.000,0.000,0.000,0.000,0.000,0.000,0.000,0.000,0.000,0.000,0.000,0.000,0.000,0.000,0.000,0.000,0.000,0.000,0.000,0.000,0.000,0.000,0.000,0.000,0.000,0.000,0.000,0.000,0.000,0.000,0.000,0.000,0.000,0.000,0.000,0.000,0.000,0.000,0.000,0.000,0.000,0.000,0.000,0.000,0.000,0.000
2025-07-06 22:39:41,239.024,238.980,238.968,0.000,0.000,0.000,2.121,2.115,2.120,0.235,0.232,0.227,0.060,0.059,0.038,1.094,1.087,1.090,0.018,0.007,0.005,1.099,1.095,1.100,0.008,0.005,0.014,1.295,1.294,1.295,0.000,0.000,0.000,0.268,0.270,0.273,0.000,0.000,0.000,0.104,0.104,0.102,0.000,0.000,0.000,0.366,0.367,0.373,0.000,0.000,0.000,0.028,0.018,0.047,0.000,0.000,0.000,0.200,0.212,0.210,0.005,0.000,0.000,0.179,0.179,0.171,0.035,0.030,0.000,0.050,0.047,0.046,0.071,0.072,0.072,0.128,0.127,0.131,0.091,0.088,0.088,0.064,0.065,0.064,0.097,0.101,0.096,0.079,0.081,0.077,0.140,0.136,0.137,0.084,0.085,0.083,0.098,0.097,0.095,0.089,0.086,0.087,0.059,0.056,0.058,0.021,0.022,0.021,0.031,0.029,0.046,0.000,0.015,0.000,0.000,0.000,0.000,0.085,0.078,0.086,0.000,0.000,0.000,0.013,0.000,0.018,0.000,0.000,0.000,0.077,0.071,0.074,0.000,0.000,0.000,0.000,0.000,0.000,0.000,0.000,0.000,0.000,0.013,0.000,0.000,0.000,0.000,0.000,0.000,0.000,0.000,0.000,0.000,0.000,0.000,0.000,0.000,0.000,0.000,0.000,0.000,0.000,0.000,0.000,0.000,0.026,0.013,0.022,0.000,0.000,0.000,0.000,0.000,0.000,0.000,0.000,0.000,0.000,0.000,0.000,0.000,0.000,0.000,0.000,0.000,0.000,0.000,0.000,0.000,0.000,0.000,0.000,0.000,0.000,0.000,0.000,0.000,0.000,0.000,0.000,0.000,0.000,0.000,0.000,0.000,0.000,0.000,0.000,0.000,0.000,0.000,0.000,0.000,0.000,0.000,0.000,0.000,0.000,0.000,0.023,0.028,0.000,0.000,0.000,0.000,0.068,0.067,0.066,0.000,0.000,0.000,0.089,0.088,0.088,0.000,0.000,0.000,0.095,0.096,0.092,0.000,0.000,0.000,0.136,0.135,0.135,0.000,0.000,0.000,0.095,0.094,0.091,0.000,0.000,0.000,0.054,0.053,0.053,0.000,0.000,0.000,0.015,0.013,0.014,0.000,0.000,0.000,0.000,0.000,0.000,0.000,0.000,0.000,0.000,0.000,0.000,0.000,0.000,0.000,0.000,0.000,0.000,0.000,0.000,0.000,0.000,0.000,0.000,0.000,0.000,0.000,0.000,0.000,0.000,0.000,0.000,0.000,0.000,0.000,0.000,0.000,0.000,0.000,0.000,0.000,0.000,0.000,0.000,0.000,0.000,0.000,0.000
2025-07-06 22:39:44,239.006,238.962,238.949,0.000,0.000,0.000,2.112,2.117,2.117,0.238,0.232,0.239,0.051,0.052,0.058,1.087,1.087,1.085,0.008,0.024,0.022,1.101,1.104,1.107,0.013,0.013,0.000,1.285,1.291,1.289,0.000,0.000,0.000,0.263,0.265,0.264,0.000,0.000,0.000,0.102,0.098,0.098,0.000,0.000,0.005,0.372,0.371,0.370,0.000,0.000,0.000,0.009,0.000,0.011,0.000,0.000,0.000,0.204,0.207,0.202,0.008,0.000,0.000,0.172,0.170,0.174,0.030,0.022,0.027,0.050,0.054,0.050,0.075,0.069,0.074,0.134,0.136,0.134,0.093,0.091,0.092,0.064,0.058,0.062,0.100,0.099,0.102,0.074,0.075,0.075,0.140,0.142,0.141,0.083,0.080,0.085,0.097,0.092,0.097,0.086,0.090,0.094,0.058,0.057,0.059,0.045,0.029,0.024,0.044,0.020,0.028,0.000,0.000,0.016,0.000,0.000,0.000,0.086,0.084,0.086,0.000,0.000,0.000,0.033,0.020,0.021,0.000,0.000,0.000,0.076,0.076,0.079,0.000,0.000,0.000,0.000,0.000,0.000,0.000,0.000,0.000,0.000,0.000,0.000,0.000,0.000,0.000,0.000,0.000,0.000,0.000,0.000,0.000,0.000,0.000,0.000,0.000,0.000,0.000,0.000,0.000,0.000,0.000,0.000,0.000,0.017,0.000,0.006,0.000,0.000,0.000,0.000,0.000,0.000,0.000,0.000,0.000,0.000,0.000,0.000,0.000,0.000,0.000,0.000,0.000,0.000,0.000,0.000,0.000,0.000,0.000,0.000,0.000,0.000,0.000,0.000,0.000,0.000,0.000,0.000,0.000,0.000,0.000,0.000,0.000,0.000,0.000,0.000,0.000,0.000,0.000,0.000,0.000,0.000,0.000,0.000,0.000,0.000,0.000,0.022,0.005,0.028,0.000,0.000,0.000,0.071,0.067,0.069,0.000,0.000,0.000,0.089,0.092,0.093,0.000,0.000,0.000,0.098,0.096,0.100,0.000,0.000,0.000,0.138,0.141,0.140,0.000,0.000,0.000,0.093,0.091,0.094,0.014,0.000,0.000,0.054,0.056,0.056,0.000,0.000,0.000,0.013,0.008,0.013,0.000,0.000,0.000,0.000,0.000,0.000,0.000,0.000,0.000,0.000,0.000,0.000,0.000,0.000,0.000,0.000,0.000,0.000,0.000,0.000,0.000,0.000,0.000,0.000,0.000,0.000,0.000,0.000,0.000,0.000,0.000,0.000,0.000,0.000,0.000,0.000,0.000,0.000,0.000,0.000,0.000,0.000,0.000,0.000,0.000,0.000,0.000,0.000
2025-07-06 22:39:47,239.072,239.027,239.014,0.000,0.000,0.000,2.126,2.124,2.122,0.237,0.237,0.230,0.048,0.028,0.032,1.097,1.094,1.092,0.013,0.005,0.019,1.113,1.110,1.111,0.000,0.008,0.000,1.290,1.292,1.291,0.000,0.000,0.000,0.268,0.268,0.266,0.000,0.000,0.000,0.096,0.096,0.099,0.000,0.000,0.008,0.375,0.376,0.378,0.000,0.000,0.000,0.020,0.005,0.005,0.000,0.000,0.000,0.200,0.203,0.202,0.000,0.000,0.000,0.168,0.166,0.162,0.023,0.021,0.013,0.048,0.050,0.053,0.072,0.073,0.074,0.131,0.128,0.127,0.091,0.092,0.094,0.058,0.057,0.058,0.099,0.097,0.100,0.076,0.074,0.073,0.138,0.143,0.137,0.077,0.073,0.074,0.095,0.098,0.098,0.086,0.085,0.086,0.057,0.063,0.056,0.048,0.050,0.042,0.043,0.048,0.044,0.005,0.000,0.000,0.000,0.000,0.000,0.090,0.089,0.089,0.000,0.000,0.000,0.038,0.010,0.028,0.000,0.000,0.000,0.079,0.079,0.078,0.000,0.000,0.000,0.000,0.000,0.000,0.000,0.000,0.000,0.000,0.000,0.000,0.000,0.000,0.000,0.000,0.000,0.000,0.000,0.000,0.000,0.000,0.000,0.000,0.000,0.000,0.000,0.000,0.000,0.000,0.000,0.000,0.000,0.049,0.025,0.009,0.013,0.000,0.000,0.000,0.000,0.000,0.000,0.000,0.000,0.000,0.000,0.000,0.000,0.000,0.000,0.000,0.000,0.000,0.000,0.000,0.000,0.000,0.000,0.000,0.000,0.000,0.000,0.000,0.000,0.000,0.000,0.000,0.000,0.000,0.000,0.000,0.000,0.000,0.000,0.000,0.000,0.000,0.000,0.000,0.000,0.000,0.000,0.000,0.000,0.000,0.000,0.022,0.014,0.000,0.000,0.000,0.000,0.067,0.070,0.071,0.000,0.000,0.000,0.091,0.091,0.092,0.000,0.000,0.000,0.095,0.095,0.097,0.000,0.000,0.000,0.136,0.139,0.136,0.000,0.000,0.000,0.091,0.092,0.093,0.000,0.000,0.000,0.051,0.054,0.052,0.000,0.000,0.000,0.008,0.028,0.000,0.000,0.000,0.000,0.000,0.000,0.000,0.000,0.000,0.000,0.000,0.000,0.000,0.000,0.000,0.000,0.000,0.000,0.000,0.000,0.000,0.000,0.000,0.000,0.000,0.000,0.000,0.000,0.000,0.000,0.000,0.000,0.000,0.000,0.000,0.000,0.000,0.000,0.000,0.000,0.000,0.000,0.000,0.000,0.000,0.000,0.000,0.000,0.000
2025-07-06 22:39:50,239.039,238.995,238.983,0.000,0.000,0.000,2.132,2.124,2.126,0.229,0.235,0.239,0.053,0.026,0.059,1.111,1.092,1.100,0.000,0.008,0.023,1.112,1.117,1.110,0.000,0.000,0.018,1.293,1.295,1.294,0.000,0.000,0.000,0.267,0.276,0.268,0.000,0.000,0.000,0.103,0.102,0.106,0.000,0.000,0.000,0.361,0.353,0.362,0.000,0.000,0.000,0.045,0.046,0.027,0.000,0.000,0.000,0.202,0.194,0.191,0.000,0.000,0.000,0.176,0.172,0.172,0.016,0.022,0.036,0.051,0.049,0.050,0.067,0.070,0.069,0.130,0.131,0.128,0.089,0.093,0.094,0.060,0.051,0.059,0.097,0.098,0.098,0.073,0.069,0.072,0.138,0.139,0.139,0.078,0.079,0.079,0.092,0.098,0.099,0.087,0.089,0.084,0.057,0.054,0.058,0.024,0.009,0.010,0.023,0.043,0.030,0.027,0.013,0.000,0.000,0.000,0.000,0.086,0.081,0.086,0.000,0.000,0.000,0.000,0.000,0.021,0.000,0.000,0.000,0.077,0.076,0.077,0.000,0.000,0.000,0.000,0.000,0.000,0.000,0.000,0.000,0.000,0.000,0.013,0.000,0.000,0.000,0.019,0.000,0.014,0.000,0.000,0.000,0.000,0.000,0.000,0.000,0.000,0.000,0.000,0.000,0.018,0.000,0.000,0.000,0.032,0.020,0.022,0.000,0.000,0.000,0.000,0.000,0.000,0.000,0.000,0.000,0.000,0.000,0.000,0.000,0.000,0.000,0.000,0.000,0.000,0.000,0.000,0.000,0.000,0.000,0.000,0.000,0.000,0.000,0.000,0.000,0.000,0.000,0.000,0.000,0.000,0.000,0.000,0.000,0.000,0.000,0.000,0.000,0.000,0.000,0.000,0.000,0.000,0.000,0.000,0.000,0.000,0.000,0.019,0.018,0.035,0.000,0.000,0.000,0.064,0.068,0.067,0.000,0.000,0.000,0.088,0.092,0.093,0.000,0.000,0.000,0.094,0.095,0.096,0.000,0.000,0.000,0.135,0.139,0.138,0.000,0.000,0.000,0.089,0.095,0.095,0.000,0.000,0.000,0.053,0.051,0.054,0.000,0.000,0.000,0.005,0.008,0.019,0.000,0.000,0.000,0.000,0.000,0.000,0.000,0.000,0.000,0.000,0.000,0.000,0.000,0.000,0.000,0.000,0.000,0.000,0.000,0.000,0.000,0.000,0.000,0.000,0.000,0.000,0.000,0.000,0.000,0.000,0.000,0.000,0.000,0.000,0.000,0.000,0.000,0.000,0.000,0.000,0.000,0.000,0.000,0.000,0.000,0.000,0.000,0.000
2025-07-06 22:39:53,238.940,238.896,238.883,0.000,0.000,0.000,2.398,2.428,2.207,2.900,2.450,1.418,0.736,0.657,0.353,1.149,1.188,1.117,0.199,0.206,0.114,1.122,1.163,1.135,0.122,0.179,0.092,1.304,1.310,1.295,0.170,0.144,0.084,0.315,0.294,0.272,0.104,0.086,0.048,0.140,0.150,0.117,0.062,0.082,0.029,0.356,0.363,0.356,0.087,0.060,0.030,0.078,0.066,0.066,0.071,0.054,0.022,0.203,0.203,0.203,0.059,0.041,0.043,0.166,0.184,0.173,0.062,0.056,0.035,0.076,0.069,0.054,0.084,0.086,0.073,0.128,0.135,0.130,0.100,0.103,0.092,0.073,0.075,0.067,0.108,0.105,0.094,0.095,0.088,0.077,0.146,0.146,0.139,0.086,0.092,0.080,0.096,0.098,0.094,0.097,0.092,0.081,0.074,0.073,0.061,0.051,0.055,0.024,0.058,0.060,0.037,0.036,0.031,0.000,0.036,0.026,0.000,0.095,0.093,0.085,0.041,0.019,0.014,0.060,0.039,0.028,0.020,0.027,0.014,0.083,0.085,0.078,0.039,0.020,0.000,0.024,0.021,0.014,0.022,0.023,0.013,0.037,0.024,0.013,0.022,0.023,0.000,0.026,0.021,0.014,0.021,0.022,0.000,0.024,0.026,0.013,0.027,0.026,0.000,0.024,0.029,0.014,0.453,0.315,0.169,2.694,2.249,1.283,0.469,0.419,0.229,0.243,0.265,0.147,0.201,0.164,0.086,0.226,0.256,0.141,0.220,0.266,0.135,0.300,0.230,0.142,0.170,0.158,0.087,0.116,0.086,0.045,0.109,0.077,0.047,0.075,0.089,0.031,0.114,0.144,0.074,0.130,0.071,0.068,0.070,0.051,0.026,0.080,0.051,0.040,0.109,0.096,0.037,0.078,0.063,0.062,0.081,0.088,0.073,0.079,0.075,0.048,0.056,0.038,0.021,0.080,0.085,0.074,0.044,0.067,0.054,0.105,0.109,0.093,0.043,0.027,0.021,0.110,0.101,0.095,0.059,0.055,0.013,0.145,0.146,0.141,0.051,0.038,0.023,0.101,0.098,0.093,0.053,0.060,0.017,0.076,0.071,0.060,0.024,0.029,0.000,0.053,0.051,0.035,0.040,0.025,0.000,0.021,0.027,0.000,0.043,0.059,0.023,0.066,0.023,0.016,0.030,0.023,0.022,0.035,0.033,0.014,0.025,0.049,0.026,0.060,0.030,0.000,0.024,0.021,0.014,0.023,0.022,0.015,0.037,0.025,0.000,0.019,0.020,0.000,0.024,0.023,0.000,0.024,0.020,0.013,0.020,0.024,0.000,0.024,0.022,0.000
2025-07-06 22:39:56,238.926,238.882,238.870,0.000,0.000,0.000,2.510,3.114,2.687,4.506,6.210,3.479,0.710,1.098,0.732,1.209,1.429,1.270,0.164,0.349,0.287,1.112,1.278,1.183,0.079,0.231,0.158,1.297,1.365,1.332,0.065,0.178,0.134,0.273,0.376,0.329,0.037,0.131,0.082,0.118,0.197,0.168,0.050,0.111,0.066,0.364,0.423,0.386,0.022,0.089,0.064,0.024,0.092,0.067,0.026,0.082,0.055,0.201,0.250,0.224,0.023,0.076,0.050,0.164,0.213,0.197,0.018,0.062,0.045,0.056,0.093,0.082,0.077,0.117,0.103,0.127,0.155,0.154,0.096,0.132,0.119,0.072,0.107,0.096,0.103,0.127,0.124,0.073,0.104,0.093,0.144,0.173,0.154,0.080,0.106,0.103,0.098,0.131,0.118,0.081,0.115,0.102,0.065,0.095,0.078,0.048,0.063,0.060,0.038,0.084,0.060,0.021,0.047,0.030,0.008,0.036,0.030,0.084,0.112,0.102,0.009,0.042,0.026,0.046,0.050,0.055,0.008,0.037,0.028,0.076,0.105,0.095,0.011,0.036,0.028,0.007,0.035,0.026,0.007,0.035,0.026,0.005,0.035,0.026,0.007,0.035,0.025,0.006,0.035,0.025,0.006,0.035,0.025,0.005,0.036,0.026,0.011,0.037,0.028,0.008,0.037,0.028,0.727,0.733,0.300,4.322,5.907,3.231,0.540,0.953,0.626,0.221,0.519,0.507,0.176,0.381,0.329,0.227,0.491,0.270,0.092,0.301,0.215,0.303,0.389,0.318,0.068,0.206,0.168,0.071,0.209,0.134,0.041,0.170,0.117,0.060,0.168,0.110,0.062,0.153,0.110,0.076,0.153,0.121,0.026,0.122,0.090,0.026,0.117,0.081,0.034,0.114,0.079,0.047,0.125,0.090,0.041,0.107,0.079,0.042,0.100,0.079,0.015,0.082,0.063,0.072,0.134,0.111,0.018,0.085,0.066,0.100,0.145,0.132,0.031,0.078,0.062,0.099,0.147,0.143,0.022,0.065,0.049,0.132,0.179,0.160,0.029,0.070,0.051,0.096,0.134,0.126,0.021,0.078,0.048,0.066,0.111,0.093,0.019,0.059,0.040,0.035,0.092,0.058,0.015,0.059,0.044,0.011,0.055,0.046,0.011,0.059,0.042,0.028,0.066,0.042,0.011,0.054,0.038,0.012,0.061,0.041,0.010,0.055,0.040,0.028,0.060,0.045,0.010,0.051,0.039,0.010,0.052,0.038,0.010,0.052,0.038,0.010,0.052,0.038,0.009,0.052,0.039,0.010,0.052,0.037,0.008,0.052,0.038,0.009,0.052,0.037
2025-07-06 22:39:59,238.878,238.834,238.821,0.000,0.000,0.000,3.988,4.167,3.517,8.763,8.350,6.304,2.430,2.591,1.967,1.655,1.742,1.502,0.624,0.825,0.652,1.226,1.402,1.318,0.419,0.575,0.425,1.364,1.407,1.358,0.308,0.353,0.311,0.435,0.469,0.385,0.236,0.310,0.225,0.272,0.310,0.250,0.193,0.274,0.184,0.430,0.466,0.406,0.173,0.208,0.180,0.165,0.204,0.168,0.153,0.194,0.150,0.266,0.289,0.242,0.144,0.161,0.124,0.244,0.250,0.226,0.130,0.154,0.137,0.142,0.161,0.135,0.135,0.175,0.141,0.181,0.198,0.187,0.171,0.187,0.160,0.144,0.150,0.123,0.152,0.168,0.154,0.135,0.140,0.125,0.172,0.211,0.180,0.131,0.135,0.129,0.148,0.160,0.152,0.137,0.140,0.134,0.112,0.137,0.111,0.092,0.118,0.093,0.088,0.115,0.100,0.080,0.096,0.078,0.090,0.096,0.076,0.119,0.142,0.126,0.085,0.097,0.067,0.095,0.096,0.069,0.084,0.093,0.069,0.106,0.135,0.120,0.079,0.089,0.072,0.077,0.080,0.065,0.073,0.082,0.066,0.074,0.086,0.065,0.071,0.080,0.065,0.072,0.085,0.068,0.072,0.085,0.065,0.070,0.085,0.066,0.083,0.094,0.071,0.077,0.091,0.073,1.338,1.083,0.827,8.327,7.925,5.947,1.440,1.381,1.064,0.680,0.766,0.626,0.524,0.694,0.506,0.645,0.649,0.485,0.636,0.742,0.547,0.562,0.488,0.538,0.318,0.281,0.264,0.258,0.312,0.213,0.228,0.239,0.187,0.203,0.235,0.164,0.220,0.354,0.225,0.262,0.223,0.241,0.166,0.149,0.133,0.155,0.164,0.124,0.162,0.228,0.141,0.191,0.156,0.163,0.151,0.199,0.137,0.185,0.149,0.156,0.122,0.133,0.091,0.140,0.153,0.123,0.113,0.170,0.102,0.180,0.171,0.162,0.128,0.132,0.083,0.160,0.156,0.144,0.111,0.121,0.071,0.166,0.186,0.157,0.104,0.129,0.093,0.151,0.134,0.126,0.103,0.122,0.091,0.126,0.119,0.110,0.087,0.073,0.060,0.103,0.099,0.084,0.083,0.078,0.074,0.081,0.079,0.061,0.089,0.118,0.069,0.094,0.101,0.081,0.083,0.077,0.055,0.077,0.078,0.053,0.087,0.109,0.066,0.084,0.084,0.087,0.076,0.066,0.054,0.072,0.063,0.051,0.074,0.070,0.054,0.072,0.063,0.050,0.073,0.060,0.056,0.069,0.061,0.048,0.071,0.070,0.052,0.070,0.068,0.052
2025-07-06 22:40:02,238.848,238.805,238.792,0.000,0.000,0.000,2.270,2.222,2.167,1.453,1.282,0.988,0.478,0.418,0.266,1.138,1.125,1.107,0.142,0.129,0.069,1.114,1.110,1.111,0.148,0.129,0.086,1.300,1.307,1.299,0.088,0.069,0.034,0.279,0.276,0.276,0.033,0.050,0.021,0.113,0.106,0.104,0.043,0.038,0.018,0.362,0.355,0.355,0.038,0.042,0.026,0.066,0.067,0.057,0.038,0.053,0.022,0.203,0.195,0.192,0.035,0.045,0.035,0.173,0.166,0.170,0.057,0.052,0.045,0.064,0.054,0.053,0.077,0.079,0.071,0.134,0.125,0.125,0.103,0.104,0.095,0.066,0.071,0.061,0.105,0.101,0.098,0.077,0.075,0.069,0.149,0.143,0.141,0.080,0.084,0.082,0.096,0.095,0.096,0.083,0.087,0.084,0.069,0.061,0.060,0.047,0.016,0.031,0.049,0.028,0.043,0.013,0.038,0.030,0.015,0.008,0.000,0.085,0.083,0.085,0.011,0.010,0.014,0.013,0.024,0.030,0.012,0.011,0.000,0.080,0.083,0.082,0.009,0.009,0.000,0.010,0.000,0.000,0.010,0.000,0.000,0.011,0.008,0.014,0.009,0.000,0.000,0.024,0.008,0.013,0.009,0.008,0.000,0.009,0.008,0.000,0.009,0.008,0.000,0.010,0.009,0.000,0.188,0.154,0.118,1.331,1.159,0.883,0.262,0.235,0.145,0.139,0.122,0.082,0.081,0.079,0.045,0.162,0.138,0.109,0.149,0.146,0.097,0.119,0.096,0.075,0.073,0.065,0.035,0.019,0.031,0.016,0.024,0.038,0.022,0.030,0.030,0.016,0.065,0.053,0.031,0.068,0.067,0.049,0.030,0.015,0.027,0.031,0.035,0.020,0.058,0.033,0.015,0.046,0.059,0.032,0.033,0.046,0.029,0.061,0.065,0.049,0.026,0.020,0.017,0.073,0.073,0.068,0.031,0.042,0.016,0.107,0.109,0.097,0.012,0.026,0.014,0.104,0.098,0.096,0.011,0.027,0.000,0.148,0.140,0.138,0.007,0.009,0.018,0.097,0.097,0.100,0.009,0.022,0.000,0.073,0.065,0.063,0.006,0.000,0.014,0.026,0.022,0.036,0.006,0.006,0.000,0.008,0.006,0.017,0.028,0.019,0.014,0.012,0.029,0.020,0.007,0.006,0.014,0.008,0.007,0.013,0.026,0.006,0.000,0.009,0.028,0.023,0.007,0.005,0.000,0.006,0.000,0.000,0.008,0.005,0.000,0.006,0.000,0.000,0.006,0.000,0.000,0.006,0.000,0.000,0.006,0.006,0.000,0.005,0.019,0.000
2025-07-06 22:40:05,238.850,238.805,238.792,0.000,0.000,0.000,2.100,2.099,2.105,0.312,0.292,0.302,0.085,0.052,0.076,1.093,1.091,1.095,0.024,0.000,0.013,1.093,1.096,1.094,0.028,0.019,0.027,1.273,1.273,1.275,0.000,0.000,0.000,0.271,0.272,0.273,0.000,0.000,0.000,0.107,0.104,0.105,0.000,0.005,0.000,0.353,0.354,0.353,0.000,0.000,0.008,0.025,0.014,0.023,0.008,0.000,0.008,0.197,0.196,0.202,0.014,0.000,0.000,0.169,0.173,0.171,0.027,0.015,0.027,0.050,0.032,0.046,0.070,0.070,0.072,0.123,0.123,0.125,0.091,0.090,0.093,0.068,0.062,0.066,0.095,0.096,0.098,0.070,0.067,0.071,0.137,0.141,0.143,0.075,0.075,0.075,0.098,0.091,0.095,0.078,0.079,0.083,0.059,0.062,0.061,0.041,0.024,0.036,0.043,0.030,0.046,0.000,0.000,0.000,0.000,0.000,0.000,0.090,0.086,0.090,0.000,0.000,0.000,0.000,0.005,0.019,0.000,0.000,0.000,0.078,0.079,0.080,0.000,0.000,0.000,0.000,0.000,0.000,0.000,0.000,0.000,0.000,0.000,0.000,0.000,0.000,0.000,0.000,0.000,0.000,0.000,0.000,0.000,0.000,0.000,0.000,0.000,0.000,0.000,0.000,0.000,0.000,0.005,0.000,0.009,0.190,0.156,0.165,0.041,0.021,0.012,0.006,0.014,0.008,0.000,0.000,0.000,0.007,0.000,0.007,0.007,0.000,0.009,0.000,0.000,0.005,0.000,0.000,0.000,0.000,0.000,0.000,0.000,0.000,0.000,0.000,0.000,0.000,0.000,0.000,0.000,0.000,0.000,0.006,0.000,0.000,0.005,0.000,0.005,0.000,0.005,0.000,0.000,0.000,0.005,0.000,0.000,0.000,0.005,0.009,0.006,0.000,0.000,0.000,0.000,0.066,0.067,0.067,0.000,0.000,0.000,0.089,0.089,0.090,0.000,0.000,0.000,0.093,0.093,0.096,0.000,0.000,0.000,0.134,0.136,0.140,0.000,0.000,0.000,0.095,0.090,0.093,0.000,0.000,0.000,0.056,0.053,0.053,0.000,0.000,0.000,0.008,0.000,0.022,0.000,0.000,0.000,0.000,0.000,0.000,0.000,0.000,0.000,0.000,0.000,0.000,0.000,0.000,0.000,0.000,0.000,0.000,0.000,0.000,0.000,0.000,0.000,0.000,0.000,0.000,0.000,0.000,0.000,0.000,0.000,0.000,0.000,0.000,0.000,0.000,0.000,0.000,0.000,0.000,0.000,0.000,0.000,0.000,0.000,0.000,0.000,0.000
2025-07-06 22:40:08,238.839,238.794,238.782,0.000,0.000,0.000,2.108,2.116,2.118,0.236,0.237,0.232,0.039,0.047,0.021,1.087,1.095,1.094,0.000,0.005,0.005,1.105,1.107,1.109,0.000,0.008,0.000,1.285,1.286,1.289,0.000,0.000,0.000,0.274,0.277,0.275,0.000,0.000,0.000,0.098,0.096,0.093,0.000,0.008,0.000,0.343,0.340,0.350,0.000,0.000,0.000,0.034,0.050,0.025,0.000,0.000,0.000,0.192,0.200,0.199,0.000,0.000,0.000,0.182,0.181,0.181,0.023,0.022,0.005,0.051,0.051,0.047,0.072,0.068,0.071,0.133,0.135,0.135,0.092,0.090,0.089,0.058,0.055,0.058,0.096,0.098,0.096,0.070,0.069,0.068,0.138,0.138,0.137,0.079,0.078,0.080,0.096,0.096,0.093,0.090,0.090,0.090,0.057,0.061,0.055,0.005,0.000,0.000,0.030,0.041,0.032,0.027,0.013,0.028,0.000,0.000,0.000,0.081,0.083,0.082,0.000,0.000,0.000,0.000,0.008,0.008,0.000,0.000,0.000,0.075,0.076,0.080,0.000,0.000,0.000,0.000,0.000,0.000,0.000,0.000,0.000,0.029,0.020,0.013,0.000,0.000,0.000,0.000,0.005,0.013,0.000,0.000,0.000,0.000,0.000,0.000,0.000,0.000,0.000,0.000,0.000,0.000,0.000,0.000,0.000,0.033,0.055,0.025,0.000,0.000,0.000,0.000,0.000,0.000,0.000,0.000,0.000,0.000,0.000,0.000,0.000,0.000,0.000,0.000,0.000,0.000,0.000,0.000,0.000,0.000,0.000,0.000,0.000,0.000,0.000,0.000,0.000,0.000,0.000,0.000,0.000,0.000,0.000,0.000,0.000,0.000,0.000,0.000,0.000,0.000,0.000,0.000,0.000,0.000,0.000,0.000,0.000,0.000,0.000,0.020,0.008,0.008,0.000,0.000,0.000,0.070,0.065,0.068,0.000,0.000,0.000,0.091,0.088,0.088,0.000,0.000,0.000,0.093,0.096,0.096,0.000,0.000,0.000,0.135,0.137,0.134,0.000,0.000,0.000,0.094,0.094,0.093,0.000,0.000,0.000,0.054,0.055,0.051,0.000,0.000,0.000,0.018,0.000,0.029,0.000,0.000,0.000,0.000,0.000,0.000,0.000,0.000,0.000,0.000,0.000,0.000,0.000,0.000,0.000,0.000,0.000,0.000,0.000,0.000,0.000,0.000,0.000,0.000,0.000,0.000,0.000,0.000,0.000,0.000,0.000,0.000,0.000,0.000,0.000,0.000,0.000,0.000,0.000,0.000,0.000,0.000,0.000,0.000,0.000,0.000,0.000,0.000
2025-07-06 22:40:11,238.793,238.749,238.736,0.000,0.000,0.000,2.112,2.116,2.122,0.227,0.230,0.231,0.035,0.023,0.036,1.088,1.086,1.091,0.006,0.014,0.022,1.103,1.116,1.115,0.013,0.000,0.014,1.292,1.287,1.293,0.000,0.000,0.013,0.268,0.275,0.272,0.000,0.000,0.000,0.104,0.101,0.101,0.000,0.000,0.000,0.353,0.351,0.355,0.000,0.000,0.000,0.000,0.041,0.008,0.000,0.000,0.000,0.196,0.202,0.193,0.000,0.000,0.000,0.171,0.169,0.173,0.005,0.000,0.008,0.045,0.048,0.047,0.067,0.076,0.067,0.129,0.129,0.131,0.087,0.091,0.091,0.058,0.055,0.056,0.098,0.099,0.097,0.070,0.067,0.068,0.139,0.141,0.137,0.076,0.070,0.074,0.096,0.092,0.102,0.081,0.084,0.082,0.055,0.059,0.058,0.045,0.030,0.035,0.045,0.043,0.048,0.000,0.000,0.000,0.000,0.000,0.000,0.089,0.088,0.089,0.000,0.000,0.000,0.029,0.000,0.005,0.000,0.000,0.000,0.079,0.079,0.079,0.000,0.000,0.000,0.000,0.000,0.000,0.000,0.000,0.000,0.000,0.008,0.000,0.000,0.000,0.000,0.013,0.013,0.005,0.000,0.000,0.000,0.000,0.000,0.000,0.000,0.000,0.000,0.000,0.000,0.000,0.000,0.000,0.000,0.000,0.005,0.000,0.000,0.000,0.000,0.000,0.000,0.000,0.000,0.000,0.000,0.000,0.000,0.000,0.000,0.000,0.000,0.000,0.000,0.000,0.000,0.000,0.000,0.000,0.000,0.000,0.000,0.000,0.000,0.000,0.000,0.000,0.000,0.000,0.000,0.000,0.000,0.000,0.000,0.000,0.000,0.000,0.000,0.000,0.000,0.000,0.000,0.000,0.000,0.000,0.000,0.000,0.000,0.000,0.005,0.005,0.000,0.000,0.000,0.065,0.071,0.064,0.000,0.000,0.000,0.087,0.089,0.088,0.000,0.000,0.000,0.096,0.096,0.095,0.000,0.000,0.000,0.135,0.138,0.134,0.013,0.000,0.000,0.094,0.091,0.099,0.000,0.000,0.000,0.049,0.053,0.053,0.000,0.000,0.000,0.013,0.008,0.033,0.000,0.000,0.000,0.000,0.000,0.000,0.000,0.000,0.000,0.000,0.000,0.000,0.000,0.000,0.000,0.000,0.000,0.000,0.000,0.000,0.000,0.000,0.000,0.000,0.000,0.000,0.000,0.000,0.000,0.000,0.000,0.000,0.000,0.000,0.000,0.000,0.000,0.000,0.000,0.000,0.000,0.000,0.000,0.000,0.000,0.000,0.000,0.000
2025-07-06 22:40:14,238.817,238.773,238.761,0.000,0.000,0.000,2.116,2.121,2.121,0.231,0.235,0.231,0.070,0.056,0.059,1.093,1.095,1.100,0.009,0.035,0.016,1.114,1.117,1.113,0.000,0.019,0.000,1.284,1.286,1.286,0.000,0.000,0.014,0.271,0.278,0.270,0.000,0.000,0.000,0.106,0.103,0.106,0.000,0.000,0.000,0.350,0.351,0.352,0.000,0.000,0.000,0.021,0.005,0.014,0.000,0.000,0.000,0.192,0.193,0.192,0.000,0.000,0.000,0.172,0.178,0.180,0.013,0.000,0.014,0.048,0.049,0.051,0.074,0.070,0.066,0.125,0.125,0.129,0.091,0.088,0.088,0.053,0.048,0.053,0.098,0.098,0.096,0.066,0.070,0.062,0.140,0.139,0.138,0.070,0.068,0.072,0.096,0.098,0.095,0.085,0.090,0.086,0.057,0.058,0.059,0.035,0.014,0.023,0.046,0.045,0.043,0.000,0.000,0.000,0.000,0.000,0.000,0.088,0.085,0.082,0.000,0.000,0.000,0.014,0.013,0.021,0.000,0.000,0.000,0.082,0.079,0.080,0.000,0.000,0.000,0.000,0.000,0.000,0.000,0.000,0.000,0.000,0.005,0.000,0.000,0.000,0.000,0.019,0.013,0.035,0.000,0.000,0.000,0.000,0.000,0.000,0.000,0.000,0.000,0.000,0.000,0.000,0.000,0.000,0.000,0.000,0.044,0.028,0.000,0.000,0.000,0.000,0.000,0.000,0.000,0.000,0.000,0.000,0.000,0.000,0.000,0.000,0.000,0.000,0.000,0.000,0.000,0.000,0.000,0.000,0.000,0.000,0.000,0.000,0.000,0.000,0.000,0.000,0.000,0.000,0.000,0.000,0.000,0.000,0.000,0.000,0.000,0.000,0.000,0.000,0.000,0.000,0.000,0.000,0.000,0.000,0.000,0.000,0.000,0.000,0.000,0.000,0.000,0.000,0.000,0.068,0.067,0.065,0.000,0.000,0.000,0.089,0.086,0.088,0.000,0.000,0.000,0.097,0.096,0.093,0.000,0.000,0.000,0.137,0.135,0.136,0.000,0.000,0.000,0.096,0.096,0.093,0.000,0.000,0.013,0.054,0.055,0.054,0.000,0.000,0.000,0.014,0.027,0.013,0.000,0.000,0.000,0.000,0.000,0.000,0.000,0.000,0.000,0.000,0.000,0.000,0.000,0.000,0.000,0.000,0.000,0.000,0.000,0.000,0.000,0.000,0.000,0.000,0.000,0.000,0.000,0.000,0.000,0.000,0.000,0.000,0.000,0.000,0.000,0.000,0.000,0.000,0.000,0.000,0.000,0.000,0.000,0.000,0.000,0.000,0.000,0.000
2025-07-06 22:40:17,238.789,238.745,238.732,0.000,0.000,0.000,2.115,2.113,2.121,0.232,0.232,0.233,0.051,0.057,0.055,1.082,1.079,1.080,0.000,0.013,0.000,1.116,1.117,1.130,0.000,0.008,0.000,1.291,1.292,1.291,0.000,0.000,0.000,0.276,0.275,0.281,0.000,0.000,0.000,0.093,0.100,0.096,0.000,0.000,0.000,0.358,0.351,0.353,0.000,0.000,0.000,0.008,0.008,0.018,0.000,0.000,0.000,0.176,0.180,0.182,0.000,0.000,0.000,0.173,0.167,0.169,0.024,0.000,0.000,0.049,0.051,0.049,0.074,0.071,0.074,0.116,0.116,0.119,0.095,0.090,0.092,0.055,0.055,0.055,0.099,0.099,0.098,0.072,0.066,0.063,0.138,0.142,0.140,0.071,0.073,0.072,0.098,0.095,0.093,0.084,0.081,0.086,0.055,0.059,0.056,0.005,0.013,0.005,0.044,0.039,0.047,0.000,0.000,0.000,0.000,0.000,0.000,0.086,0.084,0.081,0.000,0.000,0.000,0.032,0.033,0.032,0.000,0.000,0.000,0.080,0.075,0.078,0.000,0.000,0.000,0.000,0.000,0.000,0.000,0.000,0.000,0.000,0.008,0.014,0.000,0.000,0.000,0.008,0.008,0.000,0.000,0.000,0.000,0.006,0.000,0.005,0.000,0.000,0.000,0.000,0.005,0.000,0.000,0.000,0.000,0.009,0.015,0.006,0.000,0.000,0.000,0.000,0.000,0.000,0.000,0.000,0.000,0.000,0.000,0.000,0.000,0.000,0.000,0.000,0.000,0.000,0.000,0.000,0.000,0.000,0.000,0.000,0.000,0.000,0.000,0.000,0.000,0.000,0.000,0.000,0.000,0.000,0.000,0.000,0.000,0.000,0.000,0.000,0.000,0.000,0.000,0.000,0.000,0.000,0.000,0.000,0.000,0.000,0.000,0.013,0.000,0.008,0.000,0.000,0.000,0.070,0.067,0.070,0.000,0.000,0.000,0.091,0.087,0.088,0.000,0.000,0.000,0.098,0.097,0.097,0.000,0.000,0.000,0.136,0.138,0.137,0.000,0.000,0.013,0.096,0.095,0.093,0.000,0.000,0.000,0.050,0.052,0.051,0.000,0.000,0.000,0.000,0.019,0.023,0.000,0.000,0.000,0.000,0.000,0.000,0.000,0.000,0.000,0.000,0.000,0.000,0.000,0.000,0.000,0.000,0.000,0.000,0.000,0.000,0.000,0.000,0.000,0.000,0.000,0.000,0.000,0.000,0.000,0.000,0.000,0.000,0.000,0.000,0.000,0.000,0.000,0.000,0.000,0.000,0.000,0.000,0.000,0.000,0.000,0.000,0.000,0.000
2025-07-06 22:40:20,238.793,222.833,238.736,0.000,0.000,0.000,2.129,1.988,2.134,0.231,0.219,0.234,0.066,0.062,0.073,1.102,1.021,1.103,0.000,0.014,0.017,1.123,1.055,1.131,0.000,0.000,0.000,1.292,1.206,1.290,0.014,0.000,0.013,0.275,0.261,0.276,0.000,0.000,0.000,0.096,0.089,0.093,0.000,0.000,0.000,0.355,0.331,0.356,0.000,0.000,0.000,0.000,0.000,0.029,0.000,0.000,0.000,0.177,0.168,0.181,0.000,0.000,0.000,0.170,0.159,0.171,0.000,0.013,0.013,0.052,0.046,0.050,0.071,0.064,0.070,0.124,0.114,0.122,0.090,0.086,0.090,0.063,0.057,0.062,0.098,0.091,0.098,0.066,0.063,0.063,0.138,0.129,0.138,0.071,0.068,0.073,0.097,0.089,0.095,0.081,0.079,0.084,0.059,0.052,0.057,0.044,0.015,0.028,0.044,0.033,0.032,0.000,0.000,0.014,0.000,0.000,0.000,0.088,0.083,0.087,0.000,0.000,0.000,0.035,0.019,0.008,0.000,0.000,0.000,0.077,0.070,0.080,0.000,0.000,0.000,0.000,0.000,0.000,0.000,0.000,0.000,0.000,0.000,0.000,0.000,0.000,0.000,0.000,0.000,0.000,0.000,0.000,0.000,0.009,0.000,0.008,0.000,0.000,0.000,0.000,0.008,0.000,0.000,0.000,0.000,0.021,0.031,0.043,0.000,0.000,0.000,0.000,0.000,0.000,0.000,0.000,0.000,0.000,0.000,0.000,0.000,0.000,0.000,0.000,0.000,0.000,0.000,0.000,0.000,0.000,0.000,0.000,0.000,0.000,0.000,0.000,0.000,0.000,0.000,0.000,0.000,0.000,0.000,0.000,0.000,0.000,0.000,0.000,0.000,0.000,0.000,0.000,0.000,0.000,0.000,0.000,0.000,0.000,0.000,0.000,0.000,0.005,0.000,0.000,0.000,0.068,0.061,0.067,0.000,0.000,0.000,0.089,0.082,0.087,0.000,0.000,0.000,0.095,0.090,0.096,0.000,0.000,0.000,0.136,0.128,0.136,0.000,0.000,0.000,0.096,0.089,0.094,0.000,0.000,0.000,0.054,0.049,0.053,0.000,0.000,0.000,0.013,0.033,0.014,0.000,0.000,0.000,0.000,0.000,0.000,0.000,0.000,0.000,0.000,0.000,0.000,0.000,0.000,0.000,0.000,0.000,0.000,0.000,0.000,0.000,0.000,0.000,0.000,0.000,0.000,0.000,0.000,0.000,0.000,0.000,0.000,0.000,0.000,0.000,0.000,0.000,0.000,0.000,0.000,0.000,0.000,0.000,0.000,0.000,0.000,0.000,0.000
2025-07-06 22:40:23,238.828,238.784,238.772,0.000,0.000,0.000,2.135,2.139,2.135,0.233,0.234,0.231,0.052,0.046,0.045,1.100,1.107,1.099,0.000,0.000,0.014,1.125,1.121,1.119,0.000,0.013,0.015,1.300,1.302,1.303,0.000,0.000,0.000,0.278,0.280,0.280,0.000,0.000,0.000,0.096,0.099,0.093,0.000,0.000,0.000,0.355,0.354,0.360,0.000,0.000,0.000,0.025,0.000,0.023,0.000,0.000,0.000,0.189,0.186,0.191,0.000,0.000,0.000,0.169,0.174,0.171,0.019,0.000,0.013,0.032,0.044,0.037,0.074,0.072,0.072,0.124,0.126,0.129,0.091,0.092,0.091,0.053,0.058,0.052,0.099,0.100,0.098,0.065,0.067,0.064,0.139,0.141,0.140,0.074,0.078,0.076,0.095,0.096,0.097,0.088,0.086,0.087,0.056,0.061,0.060,0.014,0.018,0.014,0.042,0.045,0.045,0.014,0.000,0.000,0.000,0.000,0.000,0.084,0.085,0.083,0.000,0.000,0.000,0.005,0.020,0.019,0.000,0.000,0.000,0.075,0.078,0.075,0.000,0.000,0.000,0.000,0.000,0.000,0.000,0.000,0.000,0.000,0.000,0.005,0.000,0.000,0.000,0.000,0.013,0.000,0.000,0.000,0.000,0.000,0.000,0.000,0.000,0.000,0.000,0.000,0.014,0.000,0.000,0.000,0.000,0.014,0.028,0.027,0.000,0.000,0.000,0.000,0.000,0.000,0.000,0.000,0.000,0.000,0.000,0.000,0.000,0.000,0.000,0.000,0.000,0.000,0.000,0.000,0.000,0.000,0.000,0.000,0.000,0.000,0.000,0.000,0.000,0.000,0.000,0.000,0.000,0.000,0.000,0.000,0.000,0.000,0.000,0.000,0.000,0.000,0.000,0.000,0.000,0.000,0.000,0.000,0.000,0.000,0.000,0.000,0.000,0.000,0.000,0.000,0.000,0.070,0.069,0.065,0.000,0.000,0.000,0.089,0.089,0.088,0.000,0.000,0.000,0.099,0.097,0.094,0.000,0.000,0.000,0.136,0.138,0.136,0.000,0.000,0.000,0.095,0.092,0.095,0.000,0.000,0.000,0.052,0.054,0.054,0.000,0.000,0.000,0.021,0.019,0.018,0.000,0.000,0.000,0.000,0.000,0.000,0.000,0.000,0.000,0.000,0.000,0.000,0.000,0.000,0.000,0.000,0.000,0.000,0.000,0.000,0.000,0.000,0.000,0.000,0.000,0.000,0.000,0.000,0.000,0.000,0.000,0.000,0.000,0.000,0.000,0.000,0.000,0.000,0.000,0.000,0.000,0.000,0.000,0.000,0.000,0.000,0.000,0.000
2025-07-06 22:40:26,238.724,238.679,238.667,0.000,0.000,0.000,2.133,2.133,2.132,0.233,0.231,0.239,0.062,0.060,0.042,1.090,1.096,1.083,0.023,0.005,0.015,1.132,1.127,1.136,0.000,0.000,0.000,1.296,1.299,1.296,0.009,0.013,0.005,0.283,0.281,0.284,0.000,0.000,0.000,0.104,0.104,0.097,0.014,0.014,0.015,0.354,0.351,0.361,0.000,0.000,0.000,0.014,0.006,0.006,0.000,0.000,0.000,0.194,0.189,0.195,0.000,0.000,0.000,0.169,0.167,0.173,0.030,0.000,0.000,0.047,0.031,0.023,0.072,0.069,0.072,0.124,0.124,0.121,0.091,0.093,0.089,0.053,0.055,0.056,0.095,0.095,0.099,0.067,0.071,0.072,0.137,0.137,0.137,0.076,0.076,0.081,0.095,0.093,0.094,0.081,0.085,0.086,0.056,0.057,0.057,0.039,0.022,0.025,0.044,0.032,0.036,0.000,0.000,0.000,0.000,0.000,0.000,0.087,0.085,0.089,0.000,0.000,0.000,0.022,0.038,0.035,0.000,0.000,0.000,0.075,0.078,0.080,0.000,0.000,0.000,0.000,0.000,0.000,0.000,0.000,0.000,0.000,0.005,0.021,0.000,0.000,0.000,0.000,0.005,0.000,0.000,0.000,0.000,0.000,0.000,0.000,0.000,0.000,0.000,0.000,0.000,0.000,0.000,0.000,0.000,0.027,0.024,0.046,0.000,0.000,0.000,0.000,0.000,0.000,0.000,0.000,0.000,0.000,0.000,0.000,0.000,0.000,0.000,0.000,0.000,0.000,0.000,0.000,0.000,0.000,0.000,0.000,0.000,0.000,0.000,0.000,0.000,0.000,0.000,0.000,0.000,0.000,0.000,0.000,0.000,0.000,0.000,0.000,0.000,0.000,0.000,0.000,0.000,0.000,0.000,0.000,0.000,0.000,0.000,0.000,0.000,0.000,0.000,0.000,0.000,0.068,0.066,0.068,0.000,0.000,0.000,0.087,0.090,0.088,0.000,0.000,0.000,0.095,0.094,0.097,0.000,0.008,0.000,0.134,0.136,0.136,0.013,0.000,0.000,0.095,0.093,0.092,0.000,0.000,0.000,0.053,0.053,0.053,0.000,0.000,0.000,0.028,0.015,0.027,0.000,0.000,0.000,0.000,0.000,0.000,0.000,0.000,0.000,0.000,0.000,0.000,0.000,0.000,0.000,0.000,0.000,0.000,0.000,0.000,0.000,0.000,0.000,0.000,0.000,0.000,0.000,0.000,0.000,0.000,0.000,0.000,0.000,0.000,0.000,0.000,0.000,0.000,0.000,0.000,0.000,0.000,0.000,0.000,0.000,0.000,0.000,0.000
2025-07-06 22:40:29,238.330,238.286,238.274,0.000,0.000,0.000,2.140,2.139,2.140,0.232,0.225,0.235,0.065,0.060,0.062,1.085,1.085,1.081,0.019,0.008,0.000,1.161,1.155,1.158,0.000,0.000,0.000,1.282,1.285,1.289,0.032,0.000,0.022,0.271,0.273,0.274,0.000,0.000,0.000,0.110,0.100,0.101,0.013,0.000,0.000,0.358,0.364,0.364,0.000,0.000,0.000,0.000,0.009,0.009,0.000,0.000,0.000,0.199,0.198,0.198,0.000,0.000,0.000,0.177,0.180,0.177,0.020,0.014,0.014,0.046,0.047,0.045,0.075,0.066,0.070,0.128,0.129,0.121,0.089,0.088,0.090,0.053,0.052,0.055,0.097,0.100,0.099,0.070,0.075,0.077,0.138,0.137,0.138,0.082,0.085,0.086,0.099,0.099,0.094,0.081,0.085,0.087,0.059,0.055,0.062,0.034,0.034,0.033,0.049,0.046,0.013,0.000,0.000,0.000,0.000,0.000,0.000,0.085,0.087,0.085,0.000,0.000,0.000,0.035,0.034,0.018,0.000,0.000,0.000,0.076,0.076,0.076,0.000,0.000,0.000,0.000,0.000,0.000,0.000,0.000,0.000,0.018,0.008,0.000,0.000,0.000,0.000,0.000,0.008,0.019,0.000,0.000,0.000,0.000,0.000,0.000,0.000,0.000,0.000,0.014,0.000,0.000,0.000,0.000,0.000,0.021,0.022,0.033,0.000,0.000,0.000,0.000,0.000,0.000,0.000,0.000,0.000,0.000,0.000,0.000,0.000,0.000,0.000,0.000,0.000,0.000,0.000,0.000,0.000,0.000,0.000,0.000,0.000,0.000,0.000,0.000,0.000,0.000,0.000,0.000,0.000,0.000,0.000,0.000,0.000,0.000,0.000,0.000,0.000,0.000,0.000,0.000,0.000,0.000,0.000,0.000,0.000,0.000,0.000,0.000,0.000,0.013,0.000,0.000,0.000,0.073,0.061,0.067,0.000,0.000,0.000,0.086,0.084,0.085,0.000,0.000,0.000,0.095,0.095,0.098,0.000,0.005,0.000,0.132,0.132,0.135,0.000,0.000,0.000,0.095,0.094,0.094,0.000,0.000,0.000,0.052,0.047,0.055,0.000,0.000,0.000,0.040,0.021,0.000,0.000,0.000,0.000,0.000,0.000,0.000,0.000,0.000,0.000,0.000,0.000,0.000,0.000,0.000,0.000,0.000,0.000,0.000,0.000,0.000,0.000,0.000,0.000,0.000,0.000,0.000,0.000,0.000,0.000,0.000,0.000,0.000,0.000,0.000,0.000,0.000,0.000,0.000,0.000,0.000,0.000,0.000,0.000,0.000,0.000,0.000,0.000,0.000
2025-07-06 22:40:32,238.393,238.350,238.337,0.000,0.000,0.000,2.125,2.118,2.122,0.240,0.233,0.235,0.066,0.059,0.066,1.057,1.046,1.056,0.016,0.014,0.040,1.166,1.167,1.161,0.002,0.019,0.027,1.276,1.272,1.274,0.033,0.002,0.021,0.273,0.273,0.276,0.000,0.000,0.000,0.112,0.110,0.107,0.000,0.000,0.000,0.369,0.372,0.376,0.000,0.000,0.005,0.000,0.006,0.007,0.000,0.000,0.000,0.192,0.195,0.192,0.000,0.000,0.000,0.167,0.171,0.170,0.028,0.017,0.013,0.054,0.049,0.049,0.066,0.070,0.070,0.123,0.119,0.114,0.095,0.090,0.089,0.054,0.058,0.054,0.097,0.099,0.097,0.079,0.080,0.082,0.140,0.136,0.138,0.082,0.081,0.083,0.096,0.099,0.096,0.081,0.080,0.085,0.054,0.058,0.059,0.045,0.045,0.041,0.027,0.040,0.035,0.000,0.000,0.000,0.000,0.000,0.000,0.089,0.087,0.091,0.000,0.000,0.000,0.025,0.010,0.002,0.000,0.000,0.000,0.076,0.076,0.078,0.000,0.000,0.000,0.000,0.000,0.000,0.000,0.000,0.000,0.002,0.000,0.000,0.000,0.000,0.000,0.000,0.000,0.002,0.000,0.000,0.000,0.000,0.000,0.000,0.000,0.000,0.000,0.016,0.016,0.000,0.000,0.000,0.000,0.050,0.036,0.049,0.013,0.015,0.000,0.013,0.000,0.027,0.000,0.000,0.000,0.000,0.000,0.000,0.000,0.000,0.000,0.000,0.000,0.000,0.000,0.000,0.000,0.000,0.000,0.000,0.000,0.000,0.000,0.000,0.000,0.000,0.000,0.000,0.000,0.000,0.000,0.000,0.000,0.000,0.000,0.000,0.000,0.000,0.000,0.000,0.000,0.000,0.000,0.000,0.000,0.000,0.000,0.025,0.000,0.000,0.000,0.000,0.000,0.064,0.067,0.065,0.000,0.000,0.000,0.091,0.087,0.087,0.000,0.000,0.000,0.093,0.097,0.095,0.000,0.000,0.000,0.137,0.134,0.135,0.000,0.000,0.000,0.094,0.097,0.095,0.000,0.000,0.000,0.051,0.054,0.052,0.000,0.000,0.000,0.027,0.002,0.016,0.000,0.000,0.000,0.000,0.000,0.000,0.000,0.000,0.000,0.000,0.000,0.000,0.000,0.000,0.000,0.000,0.000,0.000,0.000,0.000,0.000,0.000,0.000,0.000,0.000,0.000,0.000,0.000,0.000,0.000,0.000,0.000,0.000,0.000,0.000,0.000,0.000,0.000,0.000,0.000,0.000,0.000,0.000,0.000,0.000,0.000,0.000,0.000
2025-07-06 22:40:35,238.443,238.398,238.386,0.000,0.000,0.000,2.108,2.103,2.110,0.240,0.238,0.238,0.059,0.074,0.068,1.031,1.024,1.032,0.041,0.043,0.050,1.168,1.165,1.171,0.000,0.022,0.014,1.262,1.260,1.261,0.008,0.000,0.014,0.286,0.296,0.294,0.000,0.000,0.000,0.112,0.115,0.104,0.000,0.000,0.000,0.362,0.362,0.363,0.000,0.000,0.008,0.046,0.053,0.061,0.000,0.000,0.000,0.193,0.198,0.189,0.000,0.000,0.000,0.182,0.180,0.186,0.044,0.000,0.035,0.053,0.053,0.051,0.073,0.072,0.072,0.128,0.127,0.128,0.089,0.087,0.090,0.052,0.052,0.049,0.098,0.097,0.093,0.081,0.080,0.080,0.138,0.138,0.135,0.085,0.086,0.086,0.097,0.094,0.094,0.088,0.091,0.090,0.056,0.062,0.055,0.005,0.008,0.000,0.046,0.041,0.034,0.000,0.000,0.000,0.000,0.000,0.000,0.078,0.082,0.078,0.000,0.000,0.000,0.021,0.022,0.013,0.000,0.000,0.000,0.074,0.072,0.072,0.000,0.000,0.000,0.000,0.000,0.000,0.000,0.000,0.000,0.021,0.000,0.030,0.000,0.000,0.000,0.010,0.014,0.000,0.000,0.000,0.000,0.000,0.000,0.000,0.000,0.000,0.000,0.000,0.000,0.000,0.000,0.000,0.000,0.052,0.057,0.058,0.000,0.021,0.013,0.009,0.021,0.021,0.000,0.000,0.000,0.000,0.000,0.000,0.000,0.000,0.000,0.000,0.000,0.000,0.000,0.000,0.000,0.000,0.000,0.000,0.000,0.000,0.000,0.000,0.000,0.000,0.000,0.000,0.000,0.000,0.000,0.000,0.000,0.000,0.000,0.000,0.000,0.000,0.000,0.000,0.000,0.000,0.000,0.000,0.000,0.000,0.000,0.033,0.000,0.022,0.000,0.000,0.000,0.070,0.065,0.067,0.000,0.000,0.000,0.088,0.087,0.088,0.000,0.000,0.000,0.096,0.094,0.091,0.000,0.000,0.000,0.135,0.135,0.131,0.000,0.000,0.013,0.094,0.093,0.094,0.000,0.000,0.000,0.052,0.056,0.051,0.000,0.000,0.000,0.028,0.008,0.028,0.000,0.000,0.000,0.000,0.000,0.000,0.000,0.000,0.000,0.000,0.000,0.000,0.000,0.000,0.000,0.000,0.000,0.000,0.000,0.000,0.000,0.000,0.000,0.000,0.000,0.000,0.000,0.000,0.000,0.000,0.000,0.000,0.000,0.000,0.000,0.000,0.000,0.000,0.000,0.000,0.000,0.000,0.000,0.000,0.000,0.000,0.000,0.000
2025-07-06 22:40:38,238.595,238.551,238.538,0.000,0.000,0.000,2.109,2.109,2.112,0.242,0.240,0.241,0.080,0.073,0.087,1.034,1.030,1.030,0.037,0.044,0.048,1.162,1.166,1.172,0.009,0.008,0.005,1.266,1.265,1.261,0.027,0.009,0.015,0.298,0.301,0.303,0.000,0.000,0.000,0.114,0.112,0.112,0.000,0.000,0.000,0.352,0.352,0.356,0.000,0.000,0.000,0.040,0.054,0.049,0.000,0.000,0.000,0.197,0.204,0.206,0.000,0.013,0.000,0.183,0.180,0.177,0.005,0.022,0.042,0.065,0.065,0.063,0.064,0.070,0.073,0.138,0.137,0.132,0.090,0.087,0.091,0.056,0.051,0.051,0.095,0.096,0.097,0.076,0.076,0.075,0.139,0.139,0.136,0.077,0.079,0.082,0.096,0.093,0.094,0.085,0.090,0.095,0.057,0.059,0.057,0.021,0.008,0.010,0.041,0.023,0.032,0.016,0.011,0.000,0.000,0.000,0.000,0.078,0.078,0.079,0.000,0.000,0.000,0.000,0.000,0.013,0.000,0.000,0.000,0.069,0.067,0.070,0.000,0.000,0.000,0.000,0.000,0.000,0.000,0.000,0.000,0.019,0.005,0.018,0.000,0.000,0.000,0.013,0.000,0.000,0.000,0.000,0.000,0.000,0.000,0.000,0.000,0.000,0.000,0.000,0.000,0.013,0.000,0.000,0.000,0.067,0.072,0.071,0.013,0.005,0.015,0.030,0.005,0.033,0.000,0.000,0.000,0.000,0.000,0.000,0.000,0.000,0.000,0.000,0.000,0.000,0.000,0.000,0.000,0.000,0.000,0.000,0.000,0.000,0.000,0.000,0.000,0.000,0.000,0.000,0.000,0.000,0.000,0.000,0.000,0.000,0.000,0.000,0.000,0.000,0.000,0.000,0.000,0.000,0.000,0.000,0.000,0.000,0.000,0.000,0.013,0.019,0.000,0.000,0.000,0.064,0.066,0.068,0.000,0.000,0.000,0.088,0.086,0.088,0.000,0.000,0.000,0.093,0.094,0.092,0.000,0.000,0.000,0.136,0.138,0.132,0.000,0.000,0.000,0.095,0.091,0.093,0.000,0.000,0.000,0.054,0.054,0.053,0.000,0.000,0.000,0.019,0.005,0.008,0.000,0.000,0.000,0.000,0.000,0.000,0.000,0.000,0.000,0.000,0.000,0.000,0.000,0.000,0.000,0.000,0.000,0.000,0.000,0.000,0.000,0.000,0.000,0.000,0.000,0.000,0.000,0.000,0.000,0.000,0.000,0.000,0.000,0.000,0.000,0.000,0.000,0.000,0.000,0.000,0.000,0.000,0.000,0.000,0.000,0.000,0.000,0.000
2025-07-06 22:40:41,238.741,238.697,238.684,0.000,0.000,0.000,2.090,2.092,2.095,0.246,0.242,0.249,0.086,0.084,0.079,1.032,1.035,1.043,0.032,0.044,0.038,1.140,1.142,1.136,0.021,0.029,0.038,1.258,1.260,1.262,0.020,0.029,0.047,0.290,0.286,0.282,0.000,0.000,0.000,0.113,0.118,0.114,0.000,0.000,0.000,0.356,0.354,0.361,0.000,0.000,0.000,0.013,0.005,0.005,0.000,0.000,0.000,0.197,0.192,0.195,0.000,0.000,0.000,0.164,0.167,0.164,0.038,0.005,0.005,0.054,0.052,0.054,0.072,0.073,0.072,0.132,0.130,0.127,0.090,0.088,0.089,0.057,0.058,0.059,0.096,0.097,0.100,0.070,0.075,0.072,0.141,0.138,0.141,0.065,0.066,0.065,0.095,0.097,0.097,0.087,0.085,0.084,0.062,0.061,0.059,0.043,0.042,0.040,0.042,0.037,0.044,0.000,0.000,0.000,0.000,0.000,0.000,0.097,0.095,0.097,0.000,0.000,0.000,0.000,0.014,0.013,0.000,0.000,0.000,0.076,0.079,0.074,0.000,0.000,0.000,0.000,0.000,0.000,0.000,0.000,0.000,0.000,0.008,0.008,0.000,0.000,0.000,0.000,0.000,0.013,0.000,0.000,0.000,0.000,0.000,0.000,0.000,0.000,0.000,0.000,0.000,0.000,0.000,0.000,0.000,0.076,0.074,0.071,0.014,0.021,0.032,0.021,0.000,0.027,0.000,0.000,0.000,0.013,0.000,0.000,0.000,0.000,0.000,0.000,0.000,0.000,0.000,0.000,0.000,0.000,0.000,0.000,0.000,0.000,0.000,0.000,0.000,0.000,0.000,0.000,0.000,0.000,0.000,0.000,0.000,0.000,0.000,0.000,0.000,0.000,0.000,0.000,0.000,0.000,0.000,0.000,0.000,0.000,0.000,0.021,0.000,0.000,0.000,0.000,0.000,0.070,0.068,0.069,0.000,0.000,0.000,0.088,0.087,0.087,0.000,0.000,0.000,0.094,0.096,0.100,0.000,0.000,0.000,0.136,0.136,0.137,0.000,0.000,0.008,0.092,0.095,0.095,0.000,0.000,0.000,0.056,0.055,0.052,0.000,0.000,0.000,0.000,0.000,0.014,0.000,0.000,0.000,0.000,0.000,0.000,0.000,0.000,0.000,0.000,0.000,0.000,0.000,0.000,0.000,0.000,0.000,0.000,0.000,0.000,0.000,0.000,0.000,0.000,0.000,0.000,0.000,0.000,0.000,0.000,0.000,0.000,0.000,0.000,0.000,0.000,0.000,0.000,0.000,0.000,0.000,0.000,0.000,0.000,0.000,0.000,0.000,0.000
2025-07-06 22:40:44,238.826,238.782,238.770,0.000,0.000,0.000,2.101,2.101,2.099,0.252,0.247,0.249,0.101,0.095,0.107,1.053,1.057,1.050,0.053,0.025,0.044,1.144,1.145,1.140,0.038,0.037,0.022,1.258,1.258,1.261,0.046,0.036,0.030,0.289,0.284,0.281,0.000,0.000,0.000,0.104,0.112,0.111,0.014,0.000,0.000,0.359,0.358,0.361,0.000,0.000,0.000,0.010,0.009,0.014,0.000,0.000,0.000,0.187,0.185,0.193,0.000,0.000,0.000,0.157,0.155,0.152,0.019,0.013,0.008,0.036,0.048,0.035,0.072,0.067,0.072,0.129,0.129,0.131,0.089,0.093,0.087,0.051,0.050,0.055,0.098,0.093,0.098,0.063,0.064,0.066,0.139,0.136,0.138,0.058,0.063,0.061,0.097,0.098,0.095,0.075,0.077,0.073,0.057,0.057,0.059,0.052,0.048,0.053,0.029,0.043,0.030,0.000,0.000,0.000,0.000,0.000,0.000,0.100,0.106,0.103,0.000,0.000,0.000,0.000,0.000,0.000,0.000,0.000,0.000,0.074,0.074,0.071,0.000,0.000,0.000,0.000,0.000,0.000,0.000,0.000,0.000,0.009,0.000,0.013,0.000,0.000,0.000,0.000,0.000,0.000,0.000,0.000,0.000,0.000,0.008,0.000,0.000,0.000,0.000,0.000,0.000,0.000,0.000,0.000,0.000,0.085,0.082,0.091,0.041,0.023,0.013,0.009,0.015,0.016,0.008,0.000,0.000,0.000,0.000,0.000,0.000,0.000,0.000,0.000,0.000,0.000,0.000,0.000,0.000,0.000,0.000,0.000,0.000,0.000,0.000,0.000,0.000,0.000,0.000,0.000,0.000,0.000,0.000,0.000,0.000,0.000,0.000,0.000,0.000,0.000,0.000,0.000,0.000,0.000,0.000,0.000,0.000,0.000,0.000,0.019,0.000,0.008,0.000,0.000,0.000,0.068,0.063,0.069,0.000,0.000,0.000,0.087,0.091,0.087,0.000,0.000,0.000,0.096,0.092,0.095,0.000,0.000,0.000,0.135,0.132,0.135,0.000,0.021,0.005,0.096,0.097,0.094,0.000,0.000,0.000,0.053,0.053,0.053,0.000,0.000,0.000,0.022,0.027,0.005,0.000,0.000,0.000,0.000,0.000,0.000,0.000,0.000,0.000,0.000,0.000,0.000,0.000,0.000,0.000,0.000,0.000,0.000,0.000,0.000,0.000,0.000,0.000,0.000,0.000,0.000,0.000,0.000,0.000,0.000,0.000,0.000,0.000,0.000,0.000,0.000,0.000,0.000,0.000,0.000,0.000,0.000,0.000,0.000,0.000,0.000,0.000,0.000
2025-07-06 22:40:47,238.877,238.833,238.821,0.000,0.000,0.000,2.099,2.103,2.103,0.246,0.235,0.236,0.076,0.055,0.076,1.052,1.059,1.055,0.037,0.000,0.018,1.142,1.144,1.144,0.031,0.008,0.000,1.257,1.256,1.258,0.035,0.000,0.022,0.281,0.284,0.279,0.000,0.000,0.000,0.106,0.104,0.109,0.000,0.000,0.000,0.368,0.367,0.375,0.000,0.002,0.000,0.050,0.043,0.026,0.000,0.000,0.000,0.185,0.187,0.189,0.000,0.002,0.000,0.160,0.159,0.159,0.008,0.017,0.030,0.038,0.058,0.056,0.070,0.071,0.072,0.131,0.134,0.134,0.088,0.095,0.086,0.061,0.058,0.062,0.094,0.095,0.100,0.070,0.070,0.073,0.140,0.137,0.138,0.062,0.065,0.067,0.098,0.099,0.099,0.078,0.078,0.076,0.062,0.058,0.063,0.052,0.048,0.051,0.045,0.029,0.047,0.000,0.000,0.000,0.000,0.000,0.000,0.103,0.103,0.101,0.000,0.000,0.000,0.000,0.002,0.008,0.000,0.000,0.000,0.074,0.076,0.075,0.000,0.000,0.000,0.000,0.000,0.000,0.000,0.000,0.000,0.018,0.013,0.000,0.000,0.000,0.000,0.000,0.002,0.000,0.000,0.000,0.000,0.000,0.016,0.000,0.000,0.000,0.000,0.000,0.013,0.000,0.000,0.000,0.000,0.063,0.036,0.038,0.024,0.000,0.000,0.019,0.000,0.000,0.016,0.000,0.000,0.000,0.000,0.000,0.000,0.000,0.000,0.000,0.000,0.000,0.000,0.000,0.000,0.000,0.000,0.000,0.000,0.000,0.000,0.000,0.000,0.000,0.000,0.000,0.000,0.000,0.000,0.000,0.000,0.000,0.000,0.000,0.000,0.000,0.000,0.000,0.000,0.000,0.000,0.000,0.000,0.000,0.000,0.011,0.017,0.016,0.000,0.000,0.000,0.066,0.069,0.069,0.000,0.000,0.000,0.088,0.091,0.085,0.000,0.000,0.000,0.092,0.093,0.097,0.000,0.000,0.000,0.134,0.133,0.137,0.008,0.016,0.000,0.097,0.097,0.097,0.000,0.000,0.000,0.055,0.052,0.058,0.000,0.000,0.000,0.031,0.000,0.002,0.000,0.000,0.000,0.000,0.000,0.000,0.000,0.000,0.000,0.000,0.000,0.000,0.000,0.000,0.000,0.000,0.000,0.000,0.000,0.000,0.000,0.000,0.000,0.000,0.000,0.000,0.000,0.000,0.000,0.000,0.000,0.000,0.000,0.000,0.000,0.000,0.000,0.000,0.000,0.000,0.000,0.000,0.000,0.000,0.000,0.000,0.000,0.000
2025-07-06 22:40:50,238.822,238.779,238.765,0.000,0.000,0.000,2.119,2.124,2.121,0.236,0.235,0.229,0.053,0.048,0.062,1.072,1.077,1.072,0.000,0.000,0.000,1.141,1.147,1.141,0.000,0.024,0.000,1.276,1.274,1.278,0.000,0.000,0.000,0.270,0.269,0.267,0.000,0.000,0.000,0.104,0.103,0.105,0.000,0.000,0.000,0.371,0.370,0.370,0.000,0.000,0.000,0.031,0.009,0.027,0.000,0.000,0.000,0.197,0.198,0.197,0.000,0.000,0.000,0.160,0.161,0.161,0.038,0.022,0.015,0.054,0.054,0.058,0.071,0.071,0.070,0.136,0.137,0.131,0.092,0.092,0.088,0.062,0.068,0.064,0.093,0.097,0.098,0.077,0.074,0.079,0.141,0.138,0.143,0.069,0.078,0.073,0.094,0.100,0.097,0.084,0.088,0.088,0.055,0.056,0.061,0.051,0.025,0.033,0.024,0.044,0.046,0.000,0.000,0.000,0.000,0.000,0.000,0.105,0.101,0.102,0.000,0.000,0.000,0.002,0.000,0.005,0.000,0.000,0.000,0.078,0.078,0.081,0.000,0.000,0.000,0.000,0.000,0.000,0.000,0.000,0.000,0.000,0.000,0.000,0.000,0.000,0.000,0.000,0.000,0.000,0.000,0.000,0.000,0.000,0.000,0.000,0.000,0.000,0.000,0.000,0.018,0.000,0.000,0.000,0.000,0.027,0.026,0.019,0.000,0.000,0.000,0.000,0.000,0.000,0.000,0.000,0.000,0.000,0.000,0.000,0.000,0.000,0.000,0.000,0.000,0.000,0.000,0.000,0.000,0.000,0.000,0.000,0.000,0.000,0.000,0.000,0.000,0.000,0.000,0.000,0.000,0.000,0.000,0.000,0.000,0.000,0.000,0.000,0.000,0.000,0.000,0.000,0.000,0.000,0.000,0.000,0.000,0.000,0.000,0.038,0.002,0.000,0.000,0.000,0.000,0.067,0.067,0.067,0.000,0.000,0.000,0.091,0.092,0.086,0.000,0.000,0.000,0.091,0.095,0.095,0.000,0.000,0.000,0.139,0.135,0.138,0.005,0.013,0.000,0.094,0.098,0.094,0.000,0.000,0.000,0.053,0.051,0.053,0.000,0.000,0.000,0.002,0.016,0.000,0.000,0.000,0.000,0.000,0.000,0.000,0.000,0.000,0.000,0.000,0.000,0.000,0.000,0.000,0.000,0.000,0.000,0.000,0.000,0.000,0.000,0.000,0.000,0.000,0.000,0.000,0.000,0.000,0.000,0.000,0.000,0.000,0.000,0.000,0.000,0.000,0.000,0.000,0.000,0.000,0.000,0.000,0.000,0.000,0.000,0.000,0.000,0.000
2025-07-06 22:40:53,238.803,238.759,238.746,0.000,0.000,0.000,5.822,3.643,3.138,13.278,9.971,6.925,3.743,2.179,1.736,2.327,1.542,1.371,1.340,0.541,0.504,1.615,1.200,1.184,0.854,0.317,0.341,1.583,1.299,1.325,0.662,0.229,0.245,0.714,0.378,0.349,0.514,0.180,0.187,0.488,0.185,0.195,0.426,0.153,0.141,0.632,0.421,0.386,0.359,0.125,0.132,0.359,0.129,0.139,0.327,0.095,0.116,0.402,0.251,0.228,0.282,0.116,0.106,0.336,0.207,0.205,0.278,0.099,0.095,0.289,0.102,0.103,0.275,0.119,0.119,0.287,0.169,0.162,0.276,0.138,0.129,0.244,0.101,0.100,0.251,0.128,0.134,0.238,0.100,0.109,0.272,0.159,0.174,0.237,0.090,0.103,0.213,0.117,0.125,0.226,0.126,0.119,0.210,0.092,0.096,0.199,0.070,0.080,0.193,0.078,0.074,0.179,0.059,0.056,0.180,0.060,0.054,0.215,0.103,0.115,0.167,0.050,0.069,0.186,0.051,0.069,0.162,0.041,0.060,0.198,0.095,0.093,0.155,0.039,0.052,0.163,0.039,0.052,0.163,0.040,0.049,0.151,0.065,0.069,0.156,0.054,0.062,0.160,0.059,0.059,0.161,0.039,0.046,0.159,0.061,0.047,0.163,0.067,0.065,0.159,0.053,0.052,1.356,1.537,1.011,12.544,9.607,6.553,2.341,1.287,1.072,1.680,0.551,0.577,1.154,0.563,0.482,0.969,0.501,0.556,0.969,0.438,0.496,0.968,0.575,0.619,0.653,0.222,0.220,0.553,0.221,0.270,0.474,0.174,0.173,0.425,0.145,0.162,0.477,0.213,0.162,0.450,0.224,0.297,0.343,0.131,0.124,0.327,0.108,0.128,0.352,0.142,0.135,0.303,0.164,0.174,0.289,0.141,0.115,0.286,0.131,0.164,0.271,0.089,0.087,0.278,0.119,0.108,0.258,0.110,0.103,0.282,0.142,0.147,0.233,0.092,0.062,0.247,0.125,0.117,0.212,0.089,0.090,0.276,0.150,0.132,0.216,0.094,0.102,0.230,0.112,0.119,0.204,0.095,0.092,0.210,0.110,0.113,0.189,0.062,0.073,0.188,0.078,0.074,0.178,0.060,0.067,0.171,0.056,0.070,0.191,0.085,0.054,0.164,0.048,0.096,0.170,0.048,0.069,0.163,0.040,0.062,0.174,0.075,0.061,0.161,0.058,0.082,0.159,0.036,0.050,0.159,0.040,0.049,0.152,0.047,0.049,0.151,0.056,0.067,0.155,0.051,0.062,0.154,0.037,0.042,0.159,0.058,0.044,0.149,0.037,0.060
2025-07-06 22:40:56,238.756,238.713,238.699,0.000,0.000,0.000,2.351,3.149,4.279,2.869,4.936,7.307,0.689,1.405,2.259,1.143,1.436,1.846,0.189,0.457,0.770,1.143,1.259,1.404,0.079,0.314,0.437,1.276,1.363,1.446,0.124,0.221,0.393,0.299,0.366,0.507,0.084,0.181,0.296,0.125,0.213,0.322,0.059,0.153,0.246,0.367,0.413,0.466,0.058,0.116,0.213,0.062,0.113,0.224,0.055,0.106,0.194,0.204,0.250,0.317,0.035,0.095,0.179,0.165,0.207,0.259,0.041,0.096,0.140,0.065,0.119,0.168,0.092,0.123,0.183,0.140,0.175,0.232,0.102,0.134,0.191,0.070,0.114,0.168,0.106,0.131,0.185,0.080,0.119,0.172,0.147,0.164,0.214,0.078,0.101,0.155,0.101,0.123,0.181,0.089,0.117,0.160,0.064,0.091,0.145,0.050,0.079,0.126,0.041,0.081,0.131,0.011,0.044,0.094,0.020,0.049,0.107,0.103,0.123,0.165,0.000,0.044,0.092,0.033,0.048,0.108,0.011,0.038,0.090,0.082,0.107,0.141,0.009,0.044,0.089,0.022,0.041,0.087,0.009,0.039,0.088,0.027,0.061,0.116,0.023,0.040,0.081,0.027,0.061,0.085,0.010,0.041,0.083,0.023,0.046,0.085,0.025,0.044,0.097,0.027,0.048,0.091,0.469,0.736,1.131,2.690,4.613,6.812,0.443,0.882,1.476,0.176,0.521,0.849,0.224,0.439,0.713,0.155,0.378,0.501,0.191,0.544,0.515,0.299,0.326,0.524,0.098,0.199,0.353,0.123,0.205,0.331,0.084,0.174,0.279,0.048,0.146,0.249,0.124,0.219,0.268,0.125,0.168,0.251,0.053,0.113,0.201,0.056,0.107,0.195,0.099,0.156,0.225,0.063,0.133,0.199,0.070,0.120,0.179,0.072,0.130,0.176,0.033,0.077,0.138,0.095,0.122,0.175,0.070,0.102,0.172,0.114,0.146,0.197,0.042,0.068,0.126,0.106,0.140,0.192,0.017,0.073,0.116,0.152,0.177,0.224,0.044,0.059,0.117,0.104,0.126,0.182,0.027,0.077,0.108,0.076,0.104,0.143,0.019,0.044,0.098,0.044,0.084,0.128,0.008,0.044,0.092,0.012,0.045,0.091,0.047,0.058,0.110,0.034,0.093,0.118,0.009,0.048,0.088,0.028,0.040,0.103,0.029,0.050,0.103,0.033,0.083,0.107,0.009,0.042,0.087,0.008,0.040,0.085,0.008,0.044,0.088,0.029,0.053,0.081,0.026,0.040,0.081,0.010,0.039,0.081,0.008,0.046,0.083,0.025,0.040,0.080
2025-07-06 22:40:59,238.782,238.737,238.725,0.000,0.000,0.000,3.156,5.905,5.549,7.760,14.577,16.186,1.861,3.997,3.986,1.337,2.311,2.171,0.484,1.375,1.115,1.208,1.609,1.455,0.241,0.798,0.701,1.301,1.614,1.453,0.191,0.571,0.592,0.309,0.604,0.569,0.152,0.475,0.400,0.167,0.454,0.395,0.123,0.378,0.372,0.377,0.585,0.511,0.094,0.346,0.282,0.100,0.324,0.282,0.080,0.303,0.256,0.210,0.388,0.353,0.079,0.276,0.224,0.176,0.340,0.288,0.090,0.248,0.198,0.089,0.259,0.192,0.096,0.247,0.215,0.150,0.284,0.233,0.115,0.247,0.212,0.082,0.236,0.188,0.108,0.231,0.186,0.107,0.228,0.200,0.135,0.238,0.222,0.108,0.227,0.169,0.098,0.202,0.194,0.094,0.210,0.182,0.077,0.185,0.152,0.059,0.175,0.150,0.069,0.168,0.156,0.051,0.162,0.139,0.061,0.170,0.138,0.098,0.193,0.169,0.046,0.159,0.146,0.056,0.161,0.131,0.050,0.150,0.132,0.094,0.178,0.155,0.045,0.157,0.138,0.046,0.150,0.126,0.052,0.152,0.128,0.061,0.150,0.143,0.034,0.151,0.128,0.063,0.159,0.124,0.031,0.147,0.125,0.032,0.150,0.122,0.057,0.161,0.148,0.055,0.155,0.124,1.387,1.803,2.478,7.388,13.796,15.496,1.183,2.507,2.446,0.469,1.658,1.228,0.687,1.412,1.004,0.352,0.828,0.948,0.662,1.174,0.856,0.427,0.868,0.967,0.187,0.564,0.576,0.206,0.489,0.434,0.154,0.453,0.382,0.142,0.383,0.369,0.239,0.452,0.465,0.202,0.433,0.340,0.094,0.322,0.284,0.085,0.308,0.253,0.137,0.352,0.325,0.125,0.285,0.257,0.113,0.309,0.281,0.130,0.264,0.219,0.079,0.242,0.193,0.087,0.256,0.207,0.123,0.249,0.230,0.122,0.253,0.218,0.076,0.222,0.186,0.104,0.230,0.193,0.055,0.217,0.187,0.138,0.246,0.218,0.081,0.205,0.189,0.108,0.220,0.184,0.068,0.197,0.181,0.088,0.190,0.161,0.064,0.167,0.147,0.056,0.166,0.150,0.054,0.160,0.137,0.037,0.158,0.136,0.074,0.180,0.168,0.073,0.163,0.147,0.048,0.153,0.125,0.052,0.150,0.132,0.048,0.165,0.155,0.075,0.160,0.135,0.029,0.146,0.124,0.047,0.150,0.126,0.048,0.144,0.138,0.058,0.143,0.126,0.049,0.147,0.132,0.056,0.145,0.123,0.033,0.144,0.122,0.031,0.139,0.118
2025-07-06 22:41:02,238.642,238.597,238.585,0.000,0.000,0.000,2.287,2.244,2.239,2.834,2.234,2.401,0.640,0.487,0.541,1.136,1.130,1.120,0.155,0.118,0.127,1.140,1.147,1.143,0.072,0.065,0.076,1.263,1.270,1.268,0.063,0.042,0.042,0.277,0.276,0.271,0.048,0.027,0.013,0.112,0.111,0.104,0.044,0.028,0.020,0.370,0.363,0.365,0.033,0.013,0.024,0.018,0.028,0.022,0.033,0.000,0.016,0.193,0.189,0.189,0.015,0.014,0.000,0.159,0.164,0.154,0.023,0.029,0.014,0.047,0.047,0.046,0.075,0.075,0.068,0.134,0.138,0.138,0.094,0.097,0.094,0.058,0.056,0.063,0.099,0.100,0.096,0.074,0.074,0.068,0.141,0.140,0.147,0.066,0.062,0.061,0.099,0.100,0.097,0.076,0.080,0.071,0.059,0.058,0.062,0.040,0.040,0.049,0.044,0.041,0.046,0.000,0.000,0.000,0.000,0.000,0.000,0.092,0.095,0.095,0.000,0.014,0.000,0.029,0.030,0.015,0.013,0.000,0.000,0.079,0.080,0.078,0.000,0.000,0.000,0.000,0.000,0.000,0.000,0.000,0.000,0.044,0.044,0.031,0.000,0.000,0.000,0.019,0.019,0.000,0.000,0.000,0.000,0.000,0.000,0.000,0.000,0.000,0.000,0.000,0.000,0.000,0.509,0.380,0.448,2.678,2.112,2.268,0.388,0.302,0.331,0.137,0.106,0.108,0.212,0.176,0.202,0.132,0.105,0.099,0.205,0.177,0.226,0.254,0.201,0.190,0.055,0.019,0.038,0.093,0.060,0.063,0.048,0.022,0.026,0.046,0.032,0.026,0.098,0.083,0.100,0.123,0.094,0.102,0.019,0.000,0.005,0.016,0.000,0.017,0.063,0.047,0.061,0.073,0.055,0.053,0.054,0.008,0.038,0.069,0.090,0.072,0.000,0.015,0.000,0.068,0.075,0.067,0.062,0.039,0.061,0.103,0.117,0.112,0.023,0.000,0.007,0.091,0.102,0.101,0.035,0.006,0.011,0.135,0.144,0.148,0.040,0.000,0.024,0.096,0.097,0.100,0.037,0.019,0.009,0.071,0.071,0.074,0.019,0.000,0.005,0.030,0.023,0.039,0.000,0.013,0.000,0.014,0.013,0.000,0.028,0.022,0.013,0.041,0.033,0.047,0.014,0.000,0.000,0.016,0.015,0.016,0.027,0.009,0.010,0.035,0.028,0.039,0.000,0.000,0.000,0.000,0.000,0.000,0.015,0.000,0.006,0.022,0.000,0.000,0.000,0.000,0.005,0.019,0.014,0.000,0.000,0.000,0.000,0.000,0.000,0.000
2025-07-06 22:41:05,238.672,238.627,238.615,0.000,0.000,0.000,2.125,2.122,2.121,0.461,0.474,0.408,0.105,0.113,0.102,1.080,1.078,1.078,0.034,0.037,0.033,1.144,1.138,1.138,0.014,0.007,0.006,1.273,1.273,1.276,0.000,0.000,0.006,0.279,0.278,0.281,0.000,0.000,0.000,0.103,0.098,0.101,0.000,0.013,0.000,0.367,0.368,0.362,0.000,0.000,0.000,0.023,0.039,0.023,0.000,0.000,0.000,0.196,0.192,0.193,0.000,0.000,0.000,0.154,0.161,0.160,0.014,0.028,0.015,0.052,0.034,0.049,0.069,0.069,0.068,0.128,0.118,0.123,0.091,0.093,0.091,0.057,0.062,0.056,0.098,0.095,0.093,0.070,0.079,0.073,0.143,0.140,0.143,0.067,0.065,0.068,0.096,0.095,0.095,0.076,0.079,0.078,0.061,0.059,0.062,0.046,0.050,0.045,0.045,0.029,0.044,0.000,0.000,0.000,0.000,0.000,0.000,0.093,0.094,0.094,0.000,0.000,0.000,0.022,0.013,0.027,0.000,0.000,0.000,0.079,0.079,0.079,0.000,0.000,0.000,0.000,0.000,0.000,0.000,0.000,0.000,0.013,0.041,0.029,0.000,0.000,0.000,0.000,0.013,0.008,0.000,0.000,0.000,0.000,0.000,0.000,0.000,0.000,0.000,0.000,0.000,0.000,0.057,0.050,0.045,0.352,0.381,0.286,0.045,0.044,0.059,0.016,0.007,0.007,0.023,0.027,0.011,0.014,0.006,0.006,0.025,0.031,0.027,0.022,0.027,0.011,0.000,0.000,0.000,0.000,0.000,0.000,0.000,0.000,0.000,0.000,0.000,0.000,0.014,0.008,0.007,0.018,0.009,0.006,0.000,0.000,0.000,0.000,0.000,0.000,0.000,0.006,0.006,0.000,0.000,0.000,0.000,0.005,0.000,0.014,0.015,0.021,0.000,0.000,0.000,0.063,0.065,0.066,0.014,0.006,0.006,0.089,0.091,0.088,0.000,0.000,0.000,0.093,0.090,0.091,0.014,0.000,0.000,0.140,0.139,0.141,0.000,0.000,0.000,0.092,0.093,0.092,0.000,0.000,0.000,0.056,0.056,0.059,0.000,0.000,0.000,0.014,0.027,0.013,0.000,0.000,0.000,0.000,0.000,0.000,0.000,0.005,0.000,0.015,0.000,0.000,0.000,0.000,0.000,0.000,0.000,0.000,0.000,0.006,0.000,0.000,0.000,0.000,0.000,0.000,0.000,0.000,0.000,0.000,0.000,0.000,0.000,0.000,0.000,0.000,0.000,0.000,0.000,0.000,0.000,0.000,0.000,0.000,0.000,0.000,0.000,0.000
2025-07-06 22:41:08,238.672,238.627,238.616,0.000,0.000,0.000,2.118,2.119,2.120,0.248,0.243,0.243,0.054,0.047,0.048,1.079,1.078,1.078,0.020,0.000,0.020,1.139,1.140,1.143,0.000,0.000,0.013,1.271,1.274,1.275,0.008,0.000,0.000,0.281,0.283,0.276,0.000,0.000,0.000,0.096,0.095,0.105,0.000,0.000,0.000,0.366,0.365,0.358,0.022,0.000,0.000,0.006,0.030,0.042,0.000,0.000,0.000,0.198,0.200,0.190,0.000,0.000,0.000,0.154,0.156,0.160,0.009,0.005,0.029,0.050,0.041,0.048,0.067,0.067,0.068,0.127,0.129,0.127,0.088,0.089,0.091,0.059,0.059,0.065,0.097,0.095,0.097,0.072,0.073,0.072,0.141,0.139,0.140,0.067,0.069,0.072,0.095,0.097,0.098,0.083,0.082,0.083,0.056,0.061,0.066,0.017,0.029,0.028,0.021,0.031,0.034,0.008,0.000,0.000,0.000,0.000,0.000,0.093,0.091,0.091,0.000,0.000,0.000,0.013,0.014,0.000,0.000,0.000,0.000,0.079,0.080,0.079,0.000,0.000,0.000,0.000,0.000,0.000,0.000,0.000,0.000,0.044,0.037,0.005,0.000,0.000,0.000,0.014,0.013,0.018,0.000,0.000,0.000,0.000,0.000,0.000,0.000,0.000,0.000,0.000,0.000,0.000,0.006,0.000,0.000,0.075,0.060,0.058,0.000,0.005,0.005,0.000,0.000,0.000,0.000,0.000,0.000,0.000,0.000,0.000,0.000,0.000,0.000,0.000,0.000,0.000,0.000,0.000,0.000,0.000,0.000,0.000,0.000,0.000,0.000,0.000,0.000,0.000,0.000,0.000,0.000,0.000,0.000,0.000,0.000,0.000,0.014,0.000,0.000,0.000,0.000,0.000,0.000,0.000,0.000,0.000,0.000,0.000,0.000,0.000,0.005,0.027,0.000,0.000,0.000,0.064,0.064,0.064,0.000,0.000,0.000,0.087,0.088,0.087,0.000,0.000,0.000,0.094,0.090,0.093,0.000,0.000,0.000,0.140,0.140,0.139,0.000,0.000,0.000,0.094,0.095,0.093,0.000,0.000,0.000,0.054,0.058,0.061,0.000,0.000,0.000,0.015,0.028,0.013,0.000,0.000,0.000,0.000,0.000,0.000,0.000,0.000,0.000,0.000,0.000,0.000,0.000,0.000,0.000,0.000,0.000,0.000,0.000,0.000,0.000,0.000,0.000,0.000,0.000,0.000,0.000,0.000,0.000,0.000,0.000,0.000,0.000,0.000,0.000,0.000,0.000,0.000,0.000,0.000,0.000,0.000,0.000,0.000,0.000,0.000,0.000,0.000
2025-07-06 22:41:11,238.694,238.650,238.638,0.000,0.000,0.000,2.116,2.109,2.112,0.233,0.230,0.227,0.053,0.028,0.015,1.072,1.070,1.070,0.000,0.000,0.000,1.142,1.139,1.144,0.013,0.008,0.013,1.274,1.271,1.273,0.005,0.000,0.000,0.265,0.266,0.267,0.000,0.000,0.000,0.098,0.095,0.100,0.000,0.000,0.000,0.368,0.360,0.363,0.005,0.000,0.000,0.029,0.039,0.006,0.008,0.000,0.000,0.196,0.196,0.193,0.000,0.013,0.000,0.158,0.156,0.153,0.015,0.008,0.023,0.031,0.043,0.052,0.070,0.069,0.068,0.123,0.121,0.125,0.089,0.090,0.091,0.059,0.062,0.056,0.098,0.096,0.094,0.076,0.072,0.068,0.143,0.142,0.136,0.066,0.068,0.067,0.096,0.093,0.097,0.075,0.073,0.075,0.064,0.059,0.058,0.037,0.038,0.034,0.032,0.042,0.024,0.005,0.000,0.000,0.000,0.000,0.000,0.093,0.096,0.095,0.000,0.000,0.000,0.019,0.028,0.008,0.013,0.000,0.000,0.083,0.075,0.075,0.000,0.000,0.000,0.000,0.000,0.000,0.000,0.000,0.000,0.041,0.028,0.000,0.000,0.000,0.000,0.000,0.000,0.000,0.000,0.000,0.000,0.000,0.000,0.000,0.000,0.000,0.000,0.008,0.000,0.000,0.000,0.000,0.000,0.014,0.022,0.000,0.000,0.000,0.000,0.000,0.000,0.000,0.000,0.000,0.000,0.000,0.000,0.000,0.000,0.000,0.000,0.000,0.000,0.000,0.000,0.000,0.000,0.000,0.000,0.000,0.000,0.000,0.000,0.000,0.000,0.000,0.000,0.000,0.000,0.000,0.000,0.000,0.000,0.000,0.000,0.000,0.000,0.000,0.008,0.000,0.000,0.000,0.000,0.000,0.000,0.000,0.000,0.009,0.000,0.022,0.000,0.000,0.000,0.065,0.064,0.063,0.000,0.000,0.000,0.088,0.088,0.091,0.000,0.000,0.000,0.093,0.092,0.089,0.000,0.000,0.000,0.141,0.139,0.136,0.000,0.000,0.000,0.092,0.090,0.092,0.000,0.000,0.000,0.060,0.055,0.055,0.000,0.000,0.000,0.000,0.018,0.014,0.000,0.000,0.000,0.000,0.000,0.000,0.000,0.000,0.000,0.000,0.000,0.000,0.000,0.000,0.000,0.000,0.000,0.000,0.000,0.000,0.000,0.000,0.000,0.000,0.000,0.000,0.000,0.000,0.000,0.000,0.000,0.000,0.000,0.000,0.000,0.000,0.000,0.000,0.000,0.000,0.000,0.000,0.000,0.000,0.000,0.000,0.000,0.000
2025-07-06 22:41:14,238.747,238.703,238.691,0.000,0.000,0.000,2.098,2.091,2.089,0.231,0.233,0.227,0.051,0.042,0.056,1.060,1.049,1.051,0.000,0.008,0.000,1.140,1.134,1.135,0.000,0.014,0.015,1.261,1.264,1.257,0.000,0.000,0.000,0.270,0.269,0.270,0.000,0.000,0.000,0.096,0.092,0.093,0.000,0.000,0.000,0.360,0.357,0.364,0.000,0.015,0.000,0.015,0.042,0.028,0.005,0.013,0.000,0.192,0.186,0.193,0.000,0.000,0.000,0.158,0.170,0.160,0.019,0.019,0.014,0.046,0.048,0.050,0.069,0.068,0.066,0.119,0.118,0.117,0.089,0.091,0.087,0.048,0.050,0.053,0.095,0.094,0.095,0.072,0.072,0.074,0.138,0.142,0.140,0.065,0.062,0.061,0.096,0.098,0.097,0.085,0.082,0.082,0.058,0.061,0.061,0.000,0.000,0.008,0.037,0.045,0.038,0.000,0.000,0.000,0.000,0.000,0.000,0.086,0.083,0.087,0.000,0.000,0.000,0.009,0.000,0.013,0.000,0.000,0.000,0.079,0.076,0.077,0.000,0.000,0.000,0.000,0.000,0.000,0.000,0.000,0.000,0.042,0.015,0.015,0.000,0.000,0.000,0.008,0.014,0.015,0.000,0.000,0.000,0.000,0.000,0.000,0.000,0.000,0.000,0.005,0.000,0.000,0.000,0.000,0.000,0.013,0.017,0.000,0.000,0.000,0.000,0.000,0.000,0.000,0.000,0.000,0.000,0.000,0.000,0.000,0.000,0.000,0.000,0.000,0.000,0.000,0.000,0.000,0.000,0.000,0.000,0.000,0.000,0.000,0.000,0.000,0.000,0.000,0.000,0.000,0.000,0.000,0.000,0.000,0.000,0.013,0.000,0.000,0.000,0.000,0.005,0.000,0.000,0.000,0.000,0.000,0.000,0.000,0.000,0.006,0.008,0.005,0.000,0.000,0.000,0.065,0.063,0.061,0.000,0.000,0.000,0.088,0.089,0.086,0.000,0.000,0.000,0.093,0.093,0.091,0.000,0.000,0.000,0.137,0.140,0.139,0.000,0.000,0.000,0.093,0.094,0.092,0.000,0.000,0.000,0.058,0.057,0.058,0.000,0.000,0.000,0.014,0.009,0.014,0.000,0.000,0.000,0.000,0.000,0.000,0.000,0.000,0.000,0.000,0.000,0.000,0.000,0.000,0.000,0.000,0.000,0.000,0.000,0.000,0.000,0.000,0.000,0.000,0.000,0.000,0.000,0.000,0.000,0.000,0.000,0.000,0.000,0.000,0.000,0.000,0.000,0.000,0.000,0.000,0.000,0.000,0.000,0.000,0.000,0.000,0.000,0.000
2025-07-06 22:41:17,238.742,238.698,238.686,0.000,0.000,0.000,2.102,2.098,2.093,0.235,0.237,0.229,0.072,0.077,0.075,1.067,1.071,1.064,0.000,0.005,0.000,1.143,1.133,1.141,0.008,0.019,0.000,1.259,1.258,1.251,0.000,0.000,0.000,0.268,0.266,0.271,0.000,0.000,0.000,0.099,0.100,0.101,0.000,0.000,0.000,0.363,0.361,0.359,0.000,0.000,0.000,0.013,0.006,0.013,0.000,0.000,0.000,0.189,0.189,0.182,0.000,0.000,0.015,0.159,0.156,0.155,0.014,0.014,0.023,0.039,0.048,0.050,0.070,0.074,0.067,0.111,0.110,0.109,0.089,0.094,0.090,0.051,0.054,0.054,0.097,0.096,0.094,0.070,0.073,0.071,0.141,0.141,0.140,0.060,0.060,0.057,0.095,0.097,0.093,0.077,0.080,0.079,0.062,0.061,0.059,0.015,0.013,0.029,0.043,0.045,0.021,0.000,0.000,0.000,0.000,0.000,0.000,0.086,0.085,0.088,0.000,0.000,0.000,0.014,0.022,0.029,0.000,0.008,0.000,0.077,0.079,0.078,0.000,0.000,0.000,0.000,0.000,0.000,0.000,0.000,0.000,0.006,0.000,0.000,0.000,0.000,0.000,0.019,0.014,0.000,0.000,0.000,0.000,0.000,0.000,0.000,0.000,0.000,0.000,0.000,0.000,0.000,0.000,0.000,0.000,0.040,0.037,0.014,0.000,0.000,0.000,0.000,0.000,0.000,0.000,0.000,0.000,0.000,0.000,0.000,0.000,0.000,0.000,0.000,0.000,0.000,0.000,0.000,0.000,0.000,0.000,0.000,0.000,0.000,0.000,0.000,0.000,0.000,0.000,0.000,0.000,0.000,0.000,0.000,0.000,0.000,0.000,0.000,0.000,0.000,0.000,0.000,0.000,0.000,0.000,0.000,0.000,0.000,0.000,0.014,0.005,0.015,0.000,0.000,0.000,0.067,0.070,0.064,0.000,0.000,0.000,0.089,0.094,0.088,0.000,0.000,0.000,0.094,0.093,0.091,0.000,0.000,0.000,0.140,0.140,0.139,0.000,0.000,0.000,0.092,0.093,0.090,0.000,0.000,0.000,0.057,0.058,0.060,0.000,0.000,0.000,0.000,0.006,0.000,0.000,0.000,0.000,0.000,0.000,0.000,0.000,0.000,0.000,0.000,0.000,0.000,0.000,0.000,0.000,0.000,0.000,0.000,0.000,0.000,0.000,0.000,0.000,0.000,0.000,0.000,0.000,0.000,0.000,0.000,0.000,0.000,0.000,0.000,0.000,0.000,0.000,0.000,0.000,0.000,0.000,0.000,0.000,0.000,0.000,0.000,0.000,0.000
2025-07-06 22:41:20,239.008,238.964,238.952,0.000,0.000,0.000,2.091,2.087,2.088,0.234,0.232,0.231,0.054,0.063,0.061,1.055,1.048,1.057,0.000,0.000,0.000,1.138,1.130,1.131,0.014,0.023,0.000,1.254,1.257,1.254,0.000,0.000,0.000,0.274,0.271,0.270,0.000,0.000,0.000,0.095,0.095,0.090,0.000,0.000,0.000,0.361,0.363,0.359,0.000,0.000,0.000,0.047,0.044,0.045,0.000,0.000,0.000,0.194,0.200,0.195,0.000,0.000,0.013,0.156,0.156,0.158,0.000,0.014,0.000,0.044,0.051,0.050,0.067,0.068,0.068,0.115,0.123,0.116,0.090,0.089,0.092,0.052,0.052,0.054,0.102,0.097,0.096,0.067,0.069,0.066,0.141,0.140,0.141,0.063,0.061,0.064,0.096,0.096,0.097,0.082,0.084,0.082,0.060,0.060,0.064,0.013,0.008,0.019,0.042,0.032,0.044,0.000,0.000,0.000,0.000,0.000,0.000,0.091,0.089,0.090,0.000,0.000,0.000,0.044,0.044,0.046,0.000,0.005,0.000,0.081,0.084,0.082,0.000,0.000,0.000,0.000,0.000,0.000,0.000,0.000,0.000,0.021,0.035,0.013,0.000,0.000,0.000,0.000,0.000,0.008,0.000,0.000,0.000,0.000,0.000,0.000,0.000,0.000,0.000,0.000,0.000,0.000,0.000,0.000,0.000,0.006,0.024,0.027,0.000,0.000,0.000,0.000,0.000,0.000,0.000,0.000,0.000,0.000,0.000,0.000,0.000,0.000,0.000,0.000,0.000,0.000,0.000,0.000,0.000,0.000,0.000,0.000,0.000,0.000,0.000,0.000,0.000,0.000,0.000,0.000,0.000,0.000,0.000,0.000,0.000,0.000,0.000,0.000,0.000,0.000,0.000,0.000,0.000,0.000,0.000,0.000,0.000,0.000,0.000,0.000,0.013,0.000,0.000,0.000,0.000,0.064,0.065,0.064,0.000,0.000,0.000,0.087,0.088,0.088,0.000,0.000,0.000,0.097,0.094,0.091,0.014,0.000,0.000,0.141,0.140,0.139,0.000,0.000,0.000,0.093,0.092,0.093,0.000,0.000,0.000,0.058,0.056,0.060,0.000,0.000,0.000,0.013,0.000,0.000,0.000,0.000,0.000,0.000,0.000,0.000,0.000,0.000,0.000,0.000,0.000,0.000,0.000,0.000,0.000,0.000,0.000,0.000,0.000,0.000,0.000,0.000,0.000,0.000,0.000,0.000,0.000,0.000,0.000,0.000,0.000,0.000,0.000,0.000,0.000,0.000,0.000,0.000,0.000,0.000,0.000,0.000,0.000,0.000,0.000,0.000,0.000,0.000
2025-07-06 22:41:23,239.086,239.041,239.029,0.000,0.000,0.000,2.106,2.097,2.105,0.223,0.232,0.238,0.054,0.049,0.058,1.077,1.069,1.085,0.013,0.013,0.000,1.137,1.135,1.131,0.019,0.005,0.000,1.262,1.257,1.261,0.013,0.000,0.000,0.272,0.273,0.266,0.000,0.000,0.000,0.091,0.093,0.094,0.000,0.000,0.013,0.354,0.356,0.354,0.000,0.000,0.000,0.057,0.047,0.054,0.000,0.000,0.000,0.198,0.187,0.194,0.000,0.014,0.000,0.170,0.169,0.164,0.000,0.022,0.023,0.048,0.043,0.048,0.068,0.067,0.067,0.111,0.109,0.109,0.088,0.092,0.091,0.049,0.043,0.054,0.094,0.097,0.098,0.070,0.071,0.071,0.138,0.139,0.141,0.064,0.064,0.064,0.092,0.099,0.096,0.083,0.084,0.083,0.059,0.061,0.060,0.000,0.005,0.000,0.042,0.044,0.013,0.000,0.000,0.000,0.000,0.000,0.000,0.086,0.083,0.084,0.000,0.000,0.000,0.006,0.005,0.019,0.000,0.000,0.000,0.076,0.080,0.078,0.000,0.000,0.000,0.000,0.000,0.000,0.000,0.000,0.000,0.019,0.020,0.000,0.000,0.000,0.000,0.029,0.030,0.028,0.000,0.000,0.000,0.000,0.000,0.000,0.000,0.000,0.000,0.000,0.000,0.000,0.000,0.000,0.000,0.000,0.022,0.037,0.000,0.000,0.000,0.000,0.000,0.000,0.000,0.000,0.000,0.000,0.000,0.000,0.000,0.000,0.000,0.000,0.000,0.000,0.000,0.000,0.000,0.000,0.000,0.000,0.000,0.000,0.000,0.000,0.000,0.000,0.000,0.000,0.000,0.000,0.000,0.000,0.000,0.000,0.013,0.000,0.000,0.013,0.000,0.000,0.000,0.000,0.000,0.000,0.000,0.000,0.000,0.000,0.013,0.023,0.000,0.000,0.000,0.062,0.064,0.061,0.000,0.000,0.000,0.088,0.091,0.089,0.000,0.000,0.000,0.090,0.092,0.095,0.000,0.000,0.000,0.137,0.138,0.141,0.000,0.000,0.000,0.089,0.095,0.094,0.000,0.000,0.000,0.055,0.057,0.057,0.000,0.000,0.000,0.000,0.000,0.000,0.000,0.000,0.000,0.000,0.000,0.000,0.000,0.000,0.000,0.000,0.000,0.000,0.000,0.000,0.000,0.000,0.000,0.000,0.000,0.000,0.000,0.000,0.000,0.000,0.000,0.000,0.000,0.000,0.000,0.000,0.000,0.000,0.000,0.000,0.000,0.000,0.000,0.000,0.000,0.000,0.000,0.000,0.000,0.000,0.000,0.000,0.000,0.000
2025-07-06 22:41:26,239.038,238.994,238.982,0.000,0.000,0.000,2.108,2.108,2.105,0.227,0.235,0.231,0.049,0.037,0.050,1.076,1.077,1.078,0.000,0.000,0.000,1.140,1.137,1.132,0.000,0.014,0.008,1.268,1.266,1.264,0.000,0.000,0.000,0.267,0.269,0.266,0.000,0.000,0.000,0.095,0.098,0.094,0.000,0.000,0.000,0.359,0.363,0.366,0.000,0.000,0.000,0.041,0.030,0.033,0.000,0.000,0.014,0.189,0.189,0.187,0.000,0.000,0.000,0.162,0.155,0.161,0.008,0.044,0.033,0.048,0.048,0.048,0.067,0.071,0.068,0.107,0.107,0.110,0.087,0.097,0.089,0.051,0.045,0.053,0.096,0.096,0.096,0.076,0.071,0.074,0.137,0.141,0.138,0.064,0.059,0.060,0.094,0.098,0.099,0.085,0.083,0.081,0.059,0.059,0.061,0.000,0.015,0.014,0.023,0.047,0.046,0.000,0.000,0.000,0.000,0.000,0.000,0.087,0.090,0.090,0.000,0.000,0.000,0.039,0.038,0.037,0.000,0.014,0.000,0.081,0.082,0.084,0.000,0.000,0.000,0.000,0.000,0.000,0.000,0.000,0.000,0.021,0.014,0.000,0.000,0.000,0.000,0.013,0.000,0.019,0.000,0.000,0.000,0.000,0.000,0.000,0.000,0.000,0.000,0.000,0.000,0.000,0.000,0.000,0.000,0.014,0.009,0.014,0.000,0.000,0.000,0.000,0.000,0.000,0.000,0.000,0.000,0.000,0.000,0.000,0.000,0.000,0.000,0.000,0.000,0.000,0.000,0.000,0.000,0.000,0.000,0.000,0.000,0.000,0.000,0.000,0.000,0.000,0.000,0.000,0.000,0.000,0.000,0.000,0.000,0.000,0.000,0.000,0.000,0.000,0.000,0.000,0.013,0.000,0.000,0.000,0.000,0.000,0.000,0.000,0.028,0.019,0.000,0.000,0.000,0.062,0.068,0.064,0.000,0.000,0.000,0.086,0.095,0.089,0.000,0.000,0.000,0.092,0.093,0.092,0.000,0.000,0.000,0.137,0.138,0.137,0.000,0.000,0.000,0.091,0.094,0.094,0.000,0.000,0.000,0.055,0.056,0.056,0.000,0.000,0.000,0.016,0.000,0.000,0.000,0.000,0.000,0.000,0.000,0.000,0.000,0.000,0.000,0.000,0.000,0.000,0.000,0.000,0.000,0.000,0.000,0.000,0.000,0.000,0.000,0.000,0.000,0.000,0.000,0.000,0.000,0.000,0.000,0.000,0.000,0.000,0.000,0.000,0.000,0.000,0.000,0.000,0.000,0.000,0.000,0.000,0.000,0.000,0.000,0.000,0.000,0.000
2025-07-06 22:41:29,238.979,238.936,238.924,0.000,0.000,0.000,2.106,2.100,2.103,0.230,0.233,0.234,0.058,0.065,0.075,1.080,1.072,1.079,0.014,0.013,0.000,1.136,1.130,1.132,0.013,0.000,0.005,1.262,1.263,1.260,0.000,0.000,0.014,0.270,0.269,0.267,0.000,0.000,0.000,0.096,0.095,0.096,0.000,0.000,0.000,0.357,0.358,0.361,0.000,0.000,0.000,0.023,0.049,0.033,0.000,0.000,0.000,0.189,0.195,0.193,0.000,0.000,0.014,0.162,0.160,0.164,0.032,0.005,0.014,0.046,0.037,0.021,0.070,0.071,0.069,0.110,0.112,0.110,0.090,0.094,0.093,0.054,0.054,0.053,0.097,0.096,0.094,0.077,0.072,0.076,0.139,0.139,0.141,0.061,0.060,0.063,0.096,0.098,0.095,0.085,0.088,0.090,0.059,0.056,0.057,0.014,0.022,0.008,0.037,0.044,0.031,0.000,0.000,0.000,0.013,0.000,0.000,0.086,0.084,0.087,0.000,0.000,0.000,0.005,0.005,0.005,0.000,0.000,0.000,0.082,0.080,0.082,0.000,0.000,0.000,0.000,0.000,0.000,0.000,0.000,0.000,0.026,0.014,0.027,0.000,0.000,0.000,0.013,0.014,0.014,0.000,0.000,0.000,0.000,0.000,0.000,0.000,0.000,0.000,0.000,0.000,0.000,0.000,0.000,0.000,0.020,0.028,0.025,0.000,0.000,0.000,0.000,0.000,0.000,0.000,0.000,0.000,0.000,0.000,0.000,0.000,0.000,0.000,0.000,0.000,0.000,0.000,0.000,0.000,0.000,0.000,0.000,0.000,0.000,0.000,0.000,0.000,0.000,0.000,0.000,0.000,0.000,0.000,0.000,0.000,0.000,0.000,0.000,0.000,0.000,0.000,0.000,0.000,0.000,0.000,0.000,0.000,0.000,0.000,0.015,0.014,0.013,0.000,0.000,0.000,0.065,0.066,0.065,0.000,0.000,0.000,0.088,0.093,0.090,0.000,0.000,0.000,0.092,0.093,0.092,0.000,0.000,0.000,0.138,0.137,0.140,0.000,0.000,0.000,0.092,0.093,0.092,0.000,0.000,0.000,0.056,0.054,0.056,0.000,0.000,0.000,0.000,0.015,0.022,0.000,0.000,0.000,0.000,0.000,0.000,0.000,0.000,0.000,0.000,0.000,0.000,0.000,0.000,0.000,0.000,0.000,0.000,0.000,0.000,0.000,0.000,0.000,0.000,0.000,0.000,0.000,0.000,0.000,0.000,0.000,0.000,0.000,0.000,0.000,0.000,0.000,0.000,0.000,0.000,0.000,0.000,0.000,0.000,0.000,0.000,0.000,0.000
2025-07-06 22:41:32,238.976,238.932,238.920,0.000,0.000,0.000,2.099,2.098,2.097,0.233,0.234,0.236,0.060,0.068,0.064,1.078,1.071,1.076,0.000,0.008,0.008,1.138,1.140,1.136,0.000,0.013,0.014,1.250,1.252,1.249,0.000,0.000,0.013,0.273,0.276,0.270,0.000,0.000,0.000,0.105,0.103,0.107,0.000,0.000,0.000,0.348,0.348,0.349,0.000,0.000,0.000,0.045,0.029,0.020,0.000,0.000,0.000,0.198,0.188,0.189,0.000,0.000,0.000,0.159,0.158,0.159,0.000,0.013,0.022,0.046,0.041,0.023,0.071,0.067,0.067,0.111,0.110,0.111,0.091,0.092,0.093,0.051,0.051,0.056,0.095,0.097,0.098,0.074,0.073,0.071,0.141,0.139,0.142,0.058,0.060,0.059,0.094,0.099,0.101,0.089,0.086,0.082,0.058,0.064,0.059,0.000,0.028,0.028,0.042,0.044,0.048,0.000,0.000,0.000,0.000,0.000,0.000,0.086,0.087,0.090,0.000,0.000,0.000,0.036,0.029,0.029,0.000,0.000,0.000,0.081,0.084,0.083,0.000,0.000,0.000,0.000,0.000,0.000,0.000,0.000,0.000,0.019,0.008,0.027,0.000,0.000,0.000,0.000,0.008,0.013,0.000,0.000,0.000,0.000,0.000,0.000,0.000,0.000,0.000,0.000,0.000,0.000,0.000,0.000,0.000,0.032,0.027,0.042,0.000,0.000,0.000,0.000,0.000,0.000,0.000,0.000,0.000,0.000,0.000,0.000,0.000,0.000,0.000,0.000,0.000,0.000,0.000,0.000,0.000,0.000,0.000,0.000,0.000,0.000,0.000,0.000,0.000,0.000,0.000,0.000,0.000,0.000,0.000,0.000,0.000,0.000,0.000,0.000,0.000,0.000,0.000,0.000,0.000,0.000,0.000,0.000,0.000,0.000,0.000,0.000,0.014,0.000,0.000,0.000,0.000,0.065,0.063,0.064,0.000,0.000,0.000,0.090,0.090,0.090,0.000,0.000,0.000,0.091,0.093,0.095,0.000,0.000,0.000,0.140,0.138,0.141,0.000,0.000,0.000,0.091,0.097,0.096,0.000,0.000,0.000,0.057,0.058,0.055,0.000,0.000,0.000,0.026,0.008,0.014,0.000,0.000,0.000,0.000,0.000,0.000,0.000,0.000,0.000,0.000,0.000,0.000,0.000,0.000,0.000,0.000,0.000,0.000,0.000,0.000,0.000,0.000,0.000,0.000,0.000,0.000,0.000,0.000,0.000,0.000,0.000,0.000,0.000,0.000,0.000,0.000,0.000,0.000,0.000,0.000,0.000,0.000,0.000,0.000,0.000,0.000,0.000,0.000
2025-07-06 22:41:35,239.054,239.009,238.996,0.000,0.000,0.000,2.103,2.101,2.094,0.238,0.240,0.231,0.051,0.051,0.034,1.083,1.081,1.084,0.013,0.021,0.019,1.146,1.136,1.133,0.000,0.000,0.000,1.246,1.255,1.247,0.000,0.000,0.000,0.275,0.270,0.267,0.000,0.000,0.000,0.107,0.107,0.110,0.013,0.000,0.000,0.343,0.342,0.340,0.014,0.000,0.000,0.049,0.049,0.042,0.000,0.000,0.000,0.193,0.190,0.189,0.016,0.000,0.000,0.161,0.167,0.162,0.013,0.022,0.014,0.028,0.045,0.046,0.072,0.071,0.071,0.105,0.109,0.111,0.096,0.097,0.093,0.056,0.055,0.058,0.098,0.097,0.095,0.078,0.077,0.074,0.143,0.141,0.138,0.059,0.060,0.059,0.093,0.095,0.097,0.086,0.085,0.084,0.055,0.059,0.058,0.000,0.006,0.005,0.029,0.027,0.042,0.000,0.000,0.000,0.008,0.000,0.000,0.080,0.078,0.080,0.000,0.000,0.000,0.042,0.009,0.013,0.000,0.000,0.000,0.080,0.079,0.080,0.000,0.000,0.000,0.000,0.000,0.000,0.000,0.000,0.000,0.028,0.027,0.013,0.000,0.000,0.000,0.014,0.005,0.013,0.000,0.000,0.000,0.000,0.000,0.000,0.000,0.000,0.000,0.000,0.008,0.000,0.000,0.000,0.000,0.025,0.033,0.006,0.000,0.000,0.000,0.000,0.000,0.000,0.000,0.000,0.000,0.000,0.000,0.000,0.000,0.000,0.000,0.000,0.000,0.000,0.000,0.000,0.000,0.000,0.000,0.000,0.000,0.000,0.000,0.000,0.000,0.000,0.000,0.000,0.000,0.000,0.000,0.000,0.000,0.000,0.000,0.000,0.000,0.000,0.000,0.000,0.000,0.000,0.000,0.000,0.000,0.000,0.000,0.022,0.022,0.009,0.000,0.000,0.000,0.067,0.065,0.066,0.000,0.013,0.000,0.093,0.094,0.092,0.000,0.000,0.000,0.096,0.092,0.092,0.000,0.021,0.000,0.141,0.141,0.138,0.000,0.000,0.000,0.091,0.093,0.094,0.000,0.000,0.000,0.054,0.058,0.056,0.000,0.000,0.000,0.000,0.005,0.005,0.000,0.000,0.000,0.000,0.000,0.000,0.000,0.000,0.000,0.000,0.000,0.000,0.000,0.000,0.000,0.000,0.000,0.000,0.000,0.000,0.000,0.000,0.000,0.000,0.000,0.000,0.000,0.000,0.000,0.000,0.000,0.000,0.000,0.000,0.000,0.000,0.000,0.000,0.000,0.000,0.000,0.000,0.000,0.000,0.000,0.000,0.000,0.000
2025-07-06 22:41:38,239.071,239.027,239.015,0.000,0.000,0.000,2.074,2.072,2.073,0.236,0.236,0.229,0.046,0.030,0.017,1.065,1.057,1.067,0.000,0.013,0.000,1.134,1.131,1.128,0.000,0.000,0.000,1.234,1.237,1.236,0.000,0.000,0.000,0.267,0.271,0.263,0.000,0.000,0.000,0.116,0.104,0.102,0.000,0.000,0.000,0.328,0.341,0.344,0.000,0.000,0.000,0.038,0.055,0.036,0.000,0.000,0.000,0.180,0.186,0.178,0.008,0.000,0.000,0.152,0.151,0.157,0.022,0.019,0.006,0.046,0.028,0.015,0.069,0.070,0.067,0.094,0.091,0.089,0.097,0.091,0.095,0.062,0.060,0.062,0.096,0.094,0.097,0.072,0.077,0.075,0.142,0.144,0.141,0.056,0.058,0.054,0.099,0.095,0.096,0.077,0.073,0.072,0.059,0.063,0.057,0.028,0.041,0.043,0.046,0.046,0.043,0.000,0.000,0.000,0.005,0.000,0.013,0.090,0.089,0.090,0.000,0.000,0.000,0.020,0.006,0.000,0.000,0.000,0.000,0.076,0.077,0.074,0.000,0.000,0.000,0.000,0.000,0.000,0.000,0.000,0.000,0.000,0.006,0.000,0.000,0.000,0.000,0.000,0.000,0.000,0.000,0.000,0.000,0.000,0.000,0.000,0.000,0.000,0.000,0.000,0.005,0.000,0.000,0.000,0.000,0.015,0.018,0.014,0.000,0.000,0.000,0.000,0.000,0.000,0.000,0.000,0.000,0.000,0.000,0.000,0.000,0.000,0.000,0.000,0.000,0.000,0.000,0.000,0.000,0.000,0.000,0.000,0.000,0.000,0.000,0.000,0.000,0.000,0.000,0.000,0.000,0.000,0.000,0.000,0.000,0.000,0.000,0.000,0.000,0.000,0.000,0.000,0.000,0.000,0.000,0.000,0.000,0.000,0.000,0.019,0.019,0.006,0.000,0.000,0.000,0.066,0.065,0.065,0.000,0.000,0.000,0.093,0.090,0.092,0.000,0.000,0.000,0.094,0.091,0.094,0.000,0.005,0.000,0.141,0.143,0.139,0.000,0.000,0.000,0.096,0.091,0.091,0.000,0.000,0.000,0.057,0.056,0.052,0.000,0.000,0.000,0.000,0.013,0.000,0.000,0.000,0.000,0.000,0.000,0.000,0.000,0.000,0.000,0.000,0.000,0.000,0.000,0.000,0.000,0.000,0.000,0.000,0.000,0.000,0.000,0.000,0.000,0.000,0.000,0.000,0.000,0.000,0.000,0.000,0.000,0.000,0.000,0.000,0.000,0.000,0.000,0.000,0.000,0.000,0.000,0.000,0.000,0.000,0.000,0.000,0.000,0.000
2025-07-06 22:41:41,239.124,239.079,239.067,0.000,0.000,0.000,2.077,2.074,2.076,0.236,0.232,0.235,0.064,0.058,0.061,1.070,1.064,1.067,0.014,0.000,0.000,1.135,1.131,1.130,0.000,0.013,0.000,1.238,1.239,1.238,0.000,0.000,0.000,0.260,0.258,0.259,0.000,0.000,0.000,0.115,0.115,0.117,0.000,0.008,0.009,0.319,0.328,0.331,0.000,0.000,0.000,0.049,0.056,0.053,0.000,0.008,0.022,0.185,0.187,0.185,0.027,0.000,0.000,0.144,0.151,0.152,0.028,0.015,0.000,0.050,0.044,0.047,0.066,0.066,0.068,0.090,0.091,0.091,0.093,0.089,0.093,0.065,0.065,0.069,0.094,0.095,0.095,0.077,0.076,0.080,0.140,0.139,0.141,0.053,0.055,0.058,0.102,0.098,0.097,0.073,0.074,0.072,0.062,0.059,0.058,0.037,0.037,0.036,0.042,0.027,0.044,0.000,0.000,0.000,0.000,0.000,0.000,0.088,0.084,0.083,0.000,0.000,0.000,0.000,0.000,0.013,0.000,0.000,0.000,0.074,0.074,0.074,0.000,0.000,0.000,0.000,0.000,0.000,0.000,0.000,0.000,0.000,0.009,0.000,0.000,0.000,0.000,0.000,0.000,0.000,0.000,0.000,0.000,0.000,0.000,0.000,0.000,0.000,0.000,0.000,0.000,0.000,0.000,0.000,0.000,0.024,0.027,0.023,0.000,0.000,0.000,0.000,0.000,0.000,0.000,0.000,0.000,0.000,0.000,0.000,0.000,0.000,0.000,0.000,0.000,0.000,0.000,0.000,0.000,0.000,0.000,0.000,0.000,0.000,0.000,0.000,0.000,0.000,0.000,0.000,0.000,0.000,0.000,0.000,0.000,0.000,0.000,0.000,0.000,0.008,0.000,0.008,0.000,0.000,0.000,0.000,0.000,0.000,0.000,0.014,0.013,0.021,0.000,0.000,0.000,0.062,0.063,0.064,0.000,0.000,0.000,0.092,0.089,0.092,0.000,0.000,0.000,0.091,0.092,0.093,0.000,0.000,0.000,0.139,0.138,0.140,0.000,0.000,0.000,0.099,0.094,0.094,0.000,0.000,0.000,0.061,0.057,0.056,0.000,0.000,0.000,0.013,0.000,0.000,0.000,0.000,0.000,0.000,0.000,0.000,0.000,0.000,0.000,0.000,0.000,0.000,0.000,0.000,0.000,0.000,0.000,0.000,0.000,0.000,0.000,0.000,0.000,0.000,0.000,0.000,0.000,0.000,0.000,0.000,0.000,0.000,0.000,0.000,0.000,0.000,0.000,0.000,0.000,0.000,0.000,0.000,0.000,0.000,0.000,0.000,0.000,0.000
2025-07-06 22:41:44,239.179,239.135,239.123,0.000,0.000,0.000,2.078,2.080,2.072,0.239,0.239,0.239,0.085,0.098,0.090,1.081,1.082,1.078,0.013,0.000,0.013,1.128,1.131,1.126,0.000,0.000,0.008,1.229,1.229,1.225,0.000,0.000,0.014,0.259,0.266,0.262,0.000,0.000,0.000,0.124,0.113,0.119,0.000,0.005,0.020,0.334,0.329,0.333,0.014,0.000,0.000,0.036,0.057,0.041,0.000,0.005,0.005,0.182,0.177,0.180,0.020,0.014,0.000,0.155,0.164,0.158,0.019,0.038,0.028,0.050,0.046,0.034,0.067,0.072,0.067,0.097,0.094,0.094,0.095,0.091,0.092,0.067,0.066,0.065,0.096,0.099,0.100,0.073,0.074,0.075,0.142,0.141,0.139,0.051,0.052,0.050,0.098,0.101,0.100,0.062,0.066,0.067,0.060,0.063,0.056,0.042,0.044,0.042,0.035,0.044,0.031,0.000,0.000,0.000,0.013,0.000,0.000,0.086,0.083,0.086,0.000,0.000,0.000,0.000,0.000,0.008,0.000,0.000,0.000,0.075,0.071,0.073,0.000,0.000,0.000,0.000,0.000,0.000,0.000,0.000,0.000,0.000,0.006,0.000,0.000,0.000,0.000,0.000,0.000,0.000,0.000,0.000,0.000,0.000,0.000,0.000,0.000,0.000,0.000,0.000,0.000,0.000,0.000,0.000,0.000,0.039,0.044,0.053,0.014,0.000,0.000,0.000,0.000,0.000,0.000,0.000,0.000,0.000,0.000,0.000,0.000,0.000,0.000,0.000,0.000,0.000,0.000,0.000,0.000,0.000,0.000,0.000,0.000,0.000,0.000,0.000,0.000,0.000,0.000,0.000,0.000,0.000,0.000,0.000,0.000,0.000,0.000,0.000,0.000,0.005,0.000,0.005,0.000,0.000,0.000,0.000,0.000,0.000,0.000,0.035,0.037,0.018,0.000,0.000,0.000,0.063,0.068,0.063,0.000,0.000,0.000,0.094,0.089,0.090,0.000,0.000,0.000,0.092,0.095,0.097,0.000,0.000,0.000,0.140,0.138,0.137,0.000,0.000,0.000,0.095,0.093,0.096,0.000,0.013,0.000,0.056,0.055,0.054,0.000,0.000,0.000,0.000,0.000,0.014,0.000,0.000,0.000,0.000,0.000,0.000,0.000,0.000,0.000,0.000,0.000,0.000,0.000,0.000,0.000,0.000,0.000,0.000,0.000,0.000,0.000,0.000,0.000,0.000,0.000,0.000,0.000,0.000,0.000,0.000,0.000,0.000,0.000,0.000,0.000,0.000,0.000,0.000,0.000,0.000,0.000,0.000,0.000,0.000,0.000,0.000,0.000,0.000
2025-07-06 22:41:47,239.197,239.153,239.141,0.000,0.000,0.000,2.075,2.075,2.075,0.235,0.228,0.238,0.056,0.062,0.053,1.074,1.078,1.073,0.000,0.013,0.000,1.130,1.123,1.131,0.009,0.000,0.005,1.228,1.233,1.231,0.000,0.000,0.000,0.262,0.260,0.258,0.000,0.000,0.000,0.129,0.126,0.124,0.000,0.000,0.000,0.333,0.331,0.337,0.000,0.000,0.000,0.045,0.048,0.046,0.000,0.000,0.000,0.193,0.191,0.188,0.000,0.000,0.000,0.147,0.143,0.142,0.035,0.005,0.014,0.048,0.049,0.051,0.072,0.069,0.071,0.088,0.081,0.084,0.093,0.088,0.095,0.066,0.071,0.068,0.097,0.097,0.096,0.080,0.077,0.077,0.141,0.137,0.141,0.052,0.049,0.048,0.096,0.098,0.100,0.068,0.066,0.067,0.055,0.061,0.060,0.047,0.049,0.050,0.036,0.030,0.044,0.000,0.000,0.000,0.000,0.000,0.000,0.088,0.087,0.086,0.000,0.000,0.000,0.000,0.013,0.018,0.000,0.000,0.000,0.078,0.072,0.075,0.000,0.000,0.000,0.000,0.000,0.000,0.000,0.000,0.000,0.000,0.000,0.000,0.000,0.000,0.000,0.000,0.000,0.000,0.000,0.000,0.000,0.000,0.000,0.000,0.000,0.000,0.000,0.000,0.000,0.000,0.000,0.000,0.000,0.014,0.007,0.037,0.000,0.000,0.000,0.000,0.000,0.000,0.000,0.000,0.000,0.000,0.000,0.000,0.000,0.000,0.000,0.000,0.000,0.000,0.000,0.000,0.000,0.000,0.000,0.000,0.000,0.000,0.000,0.000,0.000,0.000,0.000,0.000,0.000,0.000,0.000,0.000,0.000,0.000,0.000,0.000,0.000,0.000,0.000,0.000,0.000,0.000,0.000,0.000,0.000,0.000,0.000,0.018,0.005,0.000,0.000,0.000,0.000,0.065,0.065,0.066,0.000,0.000,0.000,0.092,0.085,0.094,0.000,0.000,0.000,0.095,0.093,0.093,0.000,0.000,0.000,0.141,0.137,0.141,0.000,0.000,0.000,0.094,0.094,0.097,0.000,0.000,0.000,0.052,0.058,0.058,0.000,0.000,0.000,0.013,0.000,0.008,0.000,0.000,0.000,0.000,0.000,0.000,0.000,0.000,0.000,0.000,0.000,0.000,0.000,0.000,0.000,0.000,0.000,0.000,0.000,0.000,0.000,0.000,0.000,0.000,0.000,0.000,0.000,0.000,0.000,0.000,0.000,0.000,0.000,0.000,0.000,0.000,0.000,0.000,0.000,0.000,0.000,0.000,0.000,0.000,0.000,0.000,0.000,0.000
2025-07-06 22:41:50,239.157,239.112,239.101,0.000,0.000,0.000,2.089,2.083,2.081,0.228,0.232,0.233,0.014,0.048,0.026,1.081,1.080,1.081,0.000,0.000,0.000,1.142,1.134,1.134,0.022,0.022,0.022,1.239,1.237,1.236,0.000,0.000,0.000,0.271,0.261,0.265,0.000,0.000,0.000,0.128,0.126,0.127,0.000,0.000,0.000,0.321,0.324,0.321,0.000,0.000,0.000,0.048,0.050,0.046,0.000,0.000,0.000,0.195,0.192,0.188,0.000,0.000,0.000,0.139,0.139,0.138,0.005,0.000,0.000,0.046,0.048,0.050,0.067,0.068,0.069,0.091,0.091,0.089,0.091,0.092,0.092,0.063,0.066,0.069,0.096,0.098,0.097,0.078,0.077,0.080,0.142,0.143,0.141,0.052,0.050,0.053,0.094,0.097,0.095,0.080,0.077,0.076,0.061,0.057,0.060,0.029,0.046,0.032,0.044,0.044,0.015,0.000,0.000,0.000,0.000,0.000,0.000,0.085,0.084,0.084,0.000,0.000,0.000,0.000,0.008,0.000,0.000,0.008,0.000,0.071,0.072,0.072,0.000,0.000,0.000,0.000,0.000,0.000,0.000,0.000,0.000,0.000,0.014,0.000,0.000,0.000,0.000,0.000,0.000,0.000,0.000,0.000,0.000,0.000,0.000,0.000,0.000,0.000,0.000,0.000,0.000,0.000,0.000,0.000,0.000,0.014,0.015,0.000,0.000,0.000,0.000,0.000,0.000,0.000,0.000,0.000,0.000,0.000,0.000,0.000,0.000,0.000,0.000,0.000,0.000,0.000,0.000,0.000,0.000,0.000,0.000,0.000,0.000,0.000,0.000,0.000,0.000,0.000,0.000,0.000,0.000,0.000,0.000,0.000,0.000,0.000,0.000,0.000,0.000,0.000,0.000,0.000,0.000,0.000,0.000,0.000,0.000,0.000,0.000,0.000,0.000,0.000,0.000,0.000,0.000,0.062,0.064,0.066,0.000,0.000,0.000,0.090,0.091,0.091,0.000,0.000,0.000,0.092,0.094,0.094,0.000,0.000,0.000,0.140,0.140,0.140,0.000,0.000,0.000,0.090,0.092,0.094,0.000,0.000,0.000,0.056,0.054,0.058,0.000,0.000,0.000,0.000,0.013,0.013,0.000,0.000,0.000,0.000,0.000,0.000,0.000,0.000,0.000,0.000,0.000,0.000,0.000,0.000,0.000,0.000,0.000,0.000,0.000,0.000,0.000,0.000,0.000,0.000,0.000,0.000,0.000,0.000,0.000,0.000,0.000,0.000,0.000,0.000,0.000,0.000,0.000,0.000,0.000,0.000,0.000,0.000,0.000,0.000,0.000,0.000,0.000,0.000
2025-07-06 22:41:53,239.182,239.137,239.126,0.000,0.000,0.000,2.085,2.078,2.080,0.229,0.235,0.237,0.048,0.039,0.055,1.074,1.074,1.079,0.000,0.008,0.000,1.144,1.134,1.133,0.000,0.005,0.006,1.237,1.234,1.237,0.000,0.000,0.000,0.268,0.265,0.261,0.000,0.000,0.000,0.121,0.124,0.120,0.000,0.000,0.000,0.317,0.314,0.313,0.000,0.000,0.000,0.048,0.049,0.053,0.000,0.000,0.000,0.205,0.200,0.199,0.000,0.000,0.000,0.128,0.126,0.126,0.000,0.000,0.000,0.047,0.050,0.051,0.069,0.070,0.072,0.096,0.095,0.096,0.090,0.097,0.095,0.065,0.067,0.066,0.098,0.098,0.100,0.075,0.075,0.074,0.140,0.143,0.140,0.053,0.051,0.050,0.098,0.105,0.101,0.076,0.074,0.073,0.055,0.060,0.057,0.033,0.048,0.035,0.042,0.038,0.050,0.000,0.000,0.000,0.000,0.000,0.000,0.089,0.089,0.087,0.000,0.000,0.000,0.000,0.005,0.000,0.000,0.005,0.000,0.074,0.074,0.073,0.000,0.000,0.000,0.000,0.000,0.000,0.000,0.000,0.000,0.013,0.000,0.000,0.000,0.000,0.000,0.000,0.000,0.000,0.000,0.000,0.000,0.000,0.000,0.000,0.000,0.000,0.000,0.000,0.000,0.000,0.000,0.000,0.000,0.000,0.000,0.022,0.000,0.000,0.000,0.000,0.000,0.000,0.000,0.000,0.000,0.000,0.000,0.000,0.000,0.000,0.000,0.000,0.000,0.000,0.000,0.000,0.000,0.000,0.000,0.000,0.000,0.000,0.000,0.000,0.000,0.000,0.000,0.000,0.000,0.000,0.000,0.000,0.000,0.000,0.000,0.000,0.000,0.000,0.000,0.000,0.000,0.000,0.000,0.000,0.000,0.000,0.000,0.000,0.000,0.000,0.000,0.000,0.000,0.065,0.068,0.068,0.000,0.000,0.000,0.088,0.094,0.093,0.000,0.000,0.000,0.096,0.095,0.096,0.000,0.000,0.000,0.139,0.140,0.139,0.000,0.000,0.000,0.095,0.099,0.096,0.000,0.000,0.000,0.055,0.059,0.054,0.000,0.000,0.000,0.000,0.000,0.019,0.000,0.000,0.000,0.000,0.000,0.000,0.000,0.000,0.000,0.000,0.000,0.000,0.000,0.000,0.000,0.000,0.000,0.000,0.000,0.000,0.000,0.000,0.000,0.000,0.000,0.000,0.000,0.000,0.000,0.000,0.000,0.000,0.000,0.000,0.000,0.000,0.000,0.000,0.000,0.000,0.000,0.000,0.000,0.000,0.000,0.000,0.000,0.000
2025-07-06 22:41:56,239.145,239.100,239.089,0.000,0.000,0.000,2.086,2.088,2.080,0.236,0.233,0.238,0.030,0.032,0.034,1.082,1.079,1.082,0.000,0.005,0.000,1.137,1.138,1.129,0.000,0.000,0.000,1.235,1.240,1.235,0.000,0.000,0.000,0.275,0.271,0.270,0.000,0.000,0.000,0.126,0.128,0.127,0.000,0.000,0.000,0.318,0.316,0.312,0.000,0.000,0.000,0.050,0.051,0.054,0.000,0.000,0.000,0.208,0.214,0.206,0.000,0.000,0.000,0.128,0.125,0.125,0.013,0.013,0.013,0.044,0.054,0.056,0.072,0.070,0.069,0.099,0.099,0.100,0.092,0.097,0.095,0.064,0.067,0.064,0.097,0.098,0.099,0.074,0.077,0.078,0.141,0.143,0.142,0.054,0.055,0.054,0.102,0.097,0.103,0.076,0.078,0.076,0.058,0.057,0.058,0.041,0.042,0.047,0.047,0.038,0.044,0.000,0.000,0.000,0.000,0.000,0.000,0.083,0.082,0.084,0.000,0.000,0.000,0.000,0.000,0.000,0.000,0.000,0.000,0.074,0.074,0.073,0.000,0.000,0.000,0.000,0.000,0.000,0.000,0.000,0.000,0.000,0.000,0.000,0.000,0.000,0.000,0.000,0.000,0.000,0.000,0.000,0.000,0.000,0.000,0.000,0.000,0.000,0.000,0.000,0.000,0.000,0.000,0.000,0.000,0.008,0.009,0.005,0.000,0.000,0.000,0.000,0.000,0.000,0.000,0.000,0.000,0.000,0.000,0.000,0.000,0.000,0.000,0.000,0.000,0.000,0.000,0.000,0.000,0.000,0.000,0.000,0.000,0.000,0.000,0.000,0.000,0.000,0.000,0.000,0.000,0.000,0.000,0.000,0.000,0.000,0.000,0.000,0.000,0.000,0.000,0.000,0.000,0.000,0.000,0.000,0.000,0.000,0.000,0.000,0.000,0.000,0.000,0.000,0.000,0.066,0.066,0.066,0.000,0.000,0.000,0.091,0.094,0.092,0.000,0.000,0.000,0.093,0.094,0.097,0.008,0.000,0.000,0.140,0.142,0.143,0.000,0.000,0.000,0.097,0.093,0.099,0.000,0.000,0.000,0.055,0.054,0.058,0.000,0.000,0.000,0.035,0.008,0.013,0.000,0.000,0.000,0.000,0.000,0.000,0.000,0.000,0.000,0.000,0.000,0.000,0.000,0.000,0.000,0.000,0.000,0.000,0.000,0.000,0.000,0.000,0.000,0.000,0.000,0.000,0.000,0.000,0.000,0.000,0.000,0.000,0.000,0.000,0.000,0.000,0.000,0.000,0.000,0.000,0.000,0.000,0.000,0.000,0.000,0.000,0.000,0.000
2025-07-06 22:41:59,239.181,239.136,239.124,0.000,0.000,0.000,2.065,2.053,2.053,0.239,0.233,0.235,0.056,0.059,0.037,1.082,1.066,1.068,0.000,0.000,0.000,1.118,1.114,1.116,0.000,0.000,0.000,1.216,1.214,1.211,0.000,0.000,0.000,0.266,0.271,0.272,0.000,0.000,0.000,0.134,0.141,0.132,0.000,0.000,0.000,0.310,0.301,0.305,0.000,0.000,0.000,0.060,0.059,0.059,0.000,0.000,0.000,0.234,0.227,0.225,0.000,0.013,0.000,0.120,0.122,0.118,0.013,0.000,0.016,0.053,0.052,0.055,0.070,0.074,0.068,0.096,0.104,0.097,0.093,0.094,0.093,0.072,0.069,0.067,0.100,0.094,0.099,0.072,0.075,0.073,0.139,0.141,0.141,0.056,0.058,0.051,0.098,0.099,0.103,0.068,0.073,0.072,0.056,0.058,0.061,0.039,0.023,0.047,0.042,0.045,0.046,0.000,0.000,0.000,0.000,0.000,0.000,0.083,0.082,0.083,0.000,0.000,0.000,0.000,0.008,0.008,0.000,0.000,0.000,0.075,0.074,0.076,0.000,0.000,0.000,0.000,0.000,0.000,0.000,0.000,0.000,0.000,0.000,0.000,0.000,0.000,0.000,0.000,0.000,0.000,0.000,0.000,0.000,0.000,0.000,0.000,0.000,0.000,0.000,0.000,0.000,0.000,0.000,0.000,0.000,0.039,0.028,0.013,0.000,0.000,0.000,0.000,0.000,0.000,0.000,0.000,0.000,0.000,0.000,0.000,0.000,0.000,0.000,0.000,0.000,0.000,0.000,0.000,0.000,0.000,0.000,0.000,0.000,0.000,0.000,0.000,0.000,0.000,0.000,0.000,0.000,0.000,0.000,0.000,0.000,0.000,0.000,0.000,0.000,0.000,0.000,0.000,0.000,0.000,0.000,0.000,0.000,0.000,0.000,0.013,0.000,0.022,0.000,0.000,0.000,0.064,0.067,0.064,0.000,0.000,0.000,0.092,0.092,0.091,0.000,0.000,0.000,0.097,0.091,0.095,0.005,0.000,0.000,0.140,0.138,0.139,0.000,0.000,0.000,0.095,0.095,0.097,0.000,0.000,0.000,0.053,0.054,0.055,0.000,0.000,0.000,0.019,0.019,0.008,0.000,0.000,0.000,0.000,0.000,0.000,0.000,0.000,0.000,0.000,0.000,0.000,0.000,0.000,0.000,0.000,0.000,0.000,0.000,0.000,0.000,0.000,0.000,0.000,0.000,0.000,0.000,0.000,0.000,0.000,0.000,0.000,0.000,0.000,0.000,0.000,0.000,0.000,0.000,0.000,0.000,0.000,0.000,0.000,0.000,0.000,0.000,0.000
2025-07-06 22:42:02,239.218,239.173,239.161,0.000,0.000,0.000,2.072,2.072,2.072,0.233,0.234,0.237,0.049,0.030,0.024,1.082,1.079,1.086,0.000,0.000,0.013,1.128,1.133,1.122,0.014,0.013,0.000,1.217,1.220,1.222,0.008,0.000,0.000,0.275,0.272,0.267,0.000,0.000,0.000,0.131,0.133,0.133,0.000,0.000,0.000,0.304,0.295,0.307,0.000,0.000,0.000,0.069,0.065,0.059,0.000,0.000,0.000,0.241,0.230,0.236,0.000,0.000,0.000,0.105,0.112,0.111,0.008,0.014,0.021,0.056,0.056,0.056,0.066,0.069,0.071,0.101,0.111,0.102,0.090,0.094,0.093,0.067,0.068,0.065,0.100,0.096,0.100,0.072,0.067,0.072,0.140,0.138,0.141,0.052,0.052,0.046,0.103,0.098,0.098,0.067,0.067,0.064,0.060,0.053,0.058,0.045,0.047,0.048,0.047,0.042,0.043,0.000,0.000,0.000,0.000,0.000,0.000,0.086,0.085,0.085,0.000,0.000,0.000,0.000,0.005,0.005,0.000,0.000,0.000,0.074,0.073,0.074,0.000,0.000,0.000,0.000,0.000,0.000,0.000,0.000,0.000,0.000,0.000,0.000,0.000,0.000,0.000,0.000,0.000,0.000,0.000,0.000,0.000,0.000,0.013,0.000,0.000,0.000,0.000,0.000,0.000,0.000,0.000,0.000,0.000,0.000,0.019,0.016,0.000,0.000,0.000,0.000,0.000,0.000,0.000,0.000,0.000,0.000,0.000,0.000,0.000,0.000,0.000,0.000,0.000,0.000,0.000,0.000,0.000,0.000,0.000,0.000,0.000,0.000,0.000,0.000,0.000,0.000,0.000,0.000,0.000,0.000,0.000,0.000,0.000,0.000,0.000,0.000,0.000,0.000,0.000,0.000,0.000,0.000,0.000,0.000,0.000,0.000,0.000,0.000,0.008,0.013,0.000,0.000,0.000,0.062,0.066,0.068,0.000,0.000,0.000,0.089,0.095,0.093,0.000,0.000,0.000,0.097,0.093,0.096,0.000,0.000,0.000,0.139,0.137,0.140,0.000,0.000,0.000,0.097,0.095,0.096,0.000,0.000,0.000,0.055,0.050,0.054,0.000,0.000,0.000,0.027,0.021,0.014,0.000,0.000,0.000,0.000,0.000,0.000,0.000,0.000,0.000,0.000,0.000,0.000,0.000,0.000,0.000,0.000,0.000,0.000,0.000,0.000,0.000,0.000,0.000,0.000,0.000,0.000,0.000,0.000,0.000,0.000,0.000,0.000,0.000,0.000,0.000,0.000,0.000,0.000,0.000,0.000,0.000,0.000,0.000,0.000,0.000,0.000,0.000,0.000
2025-07-06 22:42:06,239.237,239.193,239.180,0.000,0.000,0.000,2.085,2.077,2.079,0.236,0.235,0.230,0.019,0.035,0.003,1.082,1.082,1.078,0.008,0.024,0.000,1.143,1.131,1.136,0.000,0.028,0.002,1.228,1.228,1.230,0.005,0.000,0.000,0.273,0.268,0.270,0.000,0.000,0.000,0.129,0.134,0.140,0.000,0.000,0.000,0.296,0.292,0.296,0.000,0.000,0.000,0.064,0.066,0.066,0.000,0.000,0.000,0.240,0.237,0.239,0.000,0.000,0.000,0.109,0.114,0.110,0.005,0.008,0.014,0.052,0.049,0.049,0.066,0.068,0.069,0.103,0.115,0.114,0.093,0.090,0.092,0.062,0.064,0.061,0.100,0.098,0.094,0.075,0.063,0.065,0.145,0.138,0.136,0.055,0.053,0.052,0.101,0.102,0.103,0.078,0.073,0.079,0.058,0.057,0.058,0.029,0.005,0.006,0.048,0.043,0.044,0.000,0.000,0.000,0.000,0.000,0.000,0.079,0.076,0.071,0.000,0.000,0.000,0.000,0.000,0.000,0.000,0.000,0.000,0.074,0.075,0.070,0.000,0.000,0.000,0.000,0.000,0.000,0.000,0.000,0.000,0.000,0.000,0.024,0.000,0.000,0.000,0.000,0.000,0.000,0.000,0.000,0.000,0.000,0.000,0.000,0.000,0.000,0.000,0.000,0.000,0.000,0.000,0.000,0.000,0.008,0.025,0.000,0.000,0.000,0.000,0.000,0.000,0.000,0.000,0.000,0.000,0.000,0.000,0.000,0.000,0.000,0.000,0.000,0.000,0.000,0.000,0.000,0.000,0.000,0.000,0.000,0.000,0.000,0.000,0.000,0.000,0.000,0.000,0.000,0.000,0.000,0.000,0.000,0.000,0.000,0.000,0.000,0.000,0.000,0.000,0.000,0.000,0.000,0.000,0.000,0.000,0.000,0.000,0.000,0.014,0.014,0.000,0.000,0.000,0.063,0.062,0.066,0.000,0.024,0.000,0.091,0.089,0.091,0.000,0.000,0.000,0.097,0.094,0.091,0.000,0.000,0.000,0.142,0.135,0.136,0.000,0.000,0.000,0.096,0.099,0.098,0.000,0.000,0.000,0.055,0.055,0.054,0.000,0.000,0.000,0.028,0.013,0.014,0.000,0.000,0.000,0.000,0.000,0.000,0.000,0.000,0.000,0.000,0.000,0.000,0.000,0.000,0.000,0.000,0.000,0.000,0.000,0.000,0.000,0.000,0.000,0.000,0.000,0.000,0.000,0.000,0.000,0.000,0.000,0.000,0.000,0.000,0.000,0.000,0.000,0.000,0.000,0.000,0.000,0.000,0.000,0.000,0.000,0.000,0.000,0.000
2025-07-06 22:42:09,238.992,238.948,238.935,0.000,0.000,0.000,2.087,2.082,2.082,0.241,0.236,0.235,0.056,0.039,0.053,1.083,1.081,1.083,0.005,0.000,0.000,1.144,1.140,1.142,0.000,0.000,0.000,1.231,1.231,1.228,0.000,0.000,0.000,0.277,0.275,0.274,0.000,0.000,0.000,0.142,0.140,0.143,0.000,0.000,0.000,0.293,0.287,0.285,0.000,0.000,0.000,0.069,0.073,0.065,0.000,0.000,0.000,0.237,0.234,0.234,0.000,0.000,0.000,0.108,0.118,0.108,0.022,0.005,0.027,0.054,0.055,0.056,0.070,0.068,0.071,0.104,0.112,0.108,0.097,0.089,0.094,0.055,0.059,0.057,0.100,0.098,0.098,0.064,0.070,0.067,0.141,0.139,0.140,0.051,0.048,0.048,0.102,0.096,0.098,0.069,0.069,0.071,0.063,0.056,0.057,0.000,0.021,0.000,0.030,0.029,0.020,0.000,0.000,0.000,0.008,0.000,0.000,0.074,0.074,0.071,0.000,0.000,0.000,0.000,0.000,0.000,0.000,0.000,0.000,0.066,0.063,0.065,0.000,0.000,0.000,0.000,0.000,0.000,0.000,0.000,0.000,0.000,0.000,0.000,0.000,0.000,0.000,0.000,0.000,0.000,0.000,0.000,0.000,0.000,0.000,0.000,0.000,0.000,0.000,0.000,0.000,0.000,0.000,0.000,0.000,0.019,0.025,0.023,0.000,0.000,0.000,0.000,0.000,0.000,0.000,0.000,0.000,0.000,0.000,0.000,0.000,0.000,0.000,0.000,0.000,0.000,0.000,0.000,0.000,0.000,0.000,0.000,0.000,0.000,0.000,0.000,0.000,0.000,0.000,0.000,0.000,0.000,0.000,0.000,0.000,0.000,0.000,0.000,0.000,0.000,0.000,0.000,0.000,0.000,0.000,0.000,0.000,0.000,0.000,0.009,0.019,0.006,0.000,0.000,0.000,0.068,0.064,0.067,0.000,0.000,0.000,0.094,0.088,0.094,0.000,0.000,0.000,0.096,0.094,0.095,0.014,0.000,0.000,0.140,0.138,0.139,0.000,0.000,0.000,0.098,0.094,0.095,0.000,0.000,0.000,0.060,0.055,0.055,0.000,0.000,0.000,0.014,0.027,0.006,0.000,0.000,0.000,0.000,0.000,0.000,0.000,0.000,0.000,0.000,0.000,0.000,0.000,0.000,0.000,0.000,0.000,0.000,0.000,0.000,0.000,0.000,0.000,0.000,0.000,0.000,0.000,0.000,0.000,0.000,0.000,0.000,0.000,0.000,0.000,0.000,0.000,0.000,0.000,0.000,0.000,0.000,0.000,0.000,0.000,0.000,0.000,0.000
2025-07-06 22:42:12,239.042,238.998,238.985,0.000,0.000,0.000,2.077,2.071,2.065,0.241,0.234,0.235,0.042,0.035,0.039,1.062,1.056,1.057,0.009,0.000,0.000,1.148,1.147,1.134,0.015,0.000,0.023,1.225,1.218,1.222,0.000,0.000,0.000,0.266,0.264,0.262,0.000,0.000,0.000,0.153,0.151,0.153,0.000,0.000,0.000,0.304,0.307,0.307,0.000,0.000,0.000,0.059,0.062,0.060,0.000,0.000,0.000,0.240,0.242,0.241,0.000,0.000,0.000,0.094,0.101,0.102,0.033,0.021,0.018,0.056,0.055,0.056,0.073,0.071,0.072,0.104,0.104,0.100,0.095,0.097,0.090,0.061,0.064,0.066,0.100,0.101,0.102,0.069,0.073,0.070,0.143,0.143,0.142,0.055,0.058,0.055,0.100,0.102,0.101,0.070,0.068,0.069,0.061,0.061,0.063,0.024,0.043,0.037,0.034,0.042,0.040,0.000,0.000,0.000,0.005,0.000,0.000,0.085,0.085,0.082,0.000,0.000,0.000,0.021,0.015,0.000,0.000,0.000,0.000,0.073,0.075,0.074,0.000,0.000,0.000,0.000,0.000,0.000,0.000,0.000,0.000,0.000,0.000,0.000,0.000,0.000,0.000,0.000,0.000,0.000,0.000,0.000,0.000,0.000,0.000,0.000,0.000,0.000,0.000,0.000,0.000,0.000,0.000,0.000,0.000,0.037,0.000,0.006,0.000,0.000,0.000,0.000,0.000,0.000,0.000,0.000,0.000,0.000,0.000,0.000,0.000,0.000,0.000,0.000,0.000,0.000,0.000,0.000,0.000,0.000,0.000,0.000,0.000,0.000,0.000,0.000,0.000,0.000,0.000,0.000,0.000,0.000,0.000,0.000,0.000,0.000,0.000,0.000,0.000,0.000,0.000,0.000,0.000,0.000,0.000,0.000,0.000,0.000,0.000,0.019,0.000,0.000,0.000,0.000,0.000,0.068,0.066,0.069,0.000,0.000,0.000,0.094,0.095,0.089,0.000,0.000,0.000,0.096,0.097,0.098,0.013,0.000,0.000,0.140,0.140,0.141,0.000,0.000,0.000,0.095,0.097,0.095,0.000,0.000,0.000,0.057,0.054,0.055,0.000,0.000,0.000,0.008,0.005,0.014,0.000,0.000,0.000,0.000,0.000,0.000,0.000,0.000,0.000,0.000,0.000,0.000,0.000,0.000,0.000,0.000,0.000,0.000,0.000,0.000,0.000,0.000,0.000,0.000,0.000,0.000,0.000,0.000,0.000,0.000,0.000,0.000,0.000,0.000,0.000,0.000,0.000,0.000,0.000,0.000,0.000,0.000,0.000,0.000,0.000,0.000,0.000,0.000
2025-07-06 22:42:15,239.122,239.077,239.066,0.000,0.000,0.000,7.484,6.638,3.461,19.095,15.738,6.337,4.883,3.558,1.777,2.998,2.301,1.447,1.632,1.346,0.665,2.040,1.662,1.340,0.990,0.867,0.427,1.811,1.456,1.309,0.792,0.418,0.267,0.814,0.474,0.416,0.630,0.480,0.230,0.639,0.659,0.289,0.514,0.691,0.194,0.683,0.889,0.365,0.415,0.843,0.185,0.429,0.906,0.191,0.383,0.899,0.162,0.486,0.955,0.296,0.357,0.851,0.109,0.377,0.812,0.182,0.310,0.695,0.139,0.336,0.621,0.139,0.316,0.499,0.153,0.347,0.404,0.174,0.298,0.300,0.161,0.304,0.193,0.125,0.306,0.165,0.149,0.285,0.210,0.139,0.314,0.302,0.185,0.278,0.283,0.122,0.285,0.322,0.142,0.268,0.301,0.113,0.254,0.295,0.111,0.235,0.255,0.103,0.226,0.211,0.100,0.210,0.161,0.078,0.212,0.130,0.090,0.239,0.154,0.112,0.206,0.148,0.075,0.210,0.165,0.070,0.204,0.170,0.073,0.229,0.163,0.108,0.195,0.130,0.080,0.195,0.108,0.071,0.197,0.147,0.072,0.194,0.202,0.070,0.196,0.264,0.070,0.184,0.315,0.070,0.185,0.349,0.069,0.188,0.357,0.071,0.202,0.344,0.073,0.194,0.252,0.072,2.074,2.331,0.638,18.198,13.312,5.945,3.066,2.322,1.111,2.004,1.454,0.814,1.535,1.184,0.617,1.154,1.158,0.487,1.012,0.851,0.480,1.085,0.780,0.573,0.729,0.316,0.231,0.637,0.449,0.300,0.594,0.532,0.216,0.511,0.647,0.218,0.512,0.732,0.204,0.465,0.845,0.237,0.402,0.852,0.162,0.382,0.887,0.163,0.374,0.898,0.175,0.357,0.869,0.173,0.339,0.799,0.104,0.307,0.739,0.163,0.302,0.639,0.115,0.325,0.549,0.148,0.279,0.443,0.128,0.312,0.344,0.172,0.261,0.233,0.090,0.303,0.162,0.136,0.248,0.166,0.108,0.315,0.257,0.161,0.246,0.287,0.134,0.276,0.298,0.144,0.242,0.290,0.074,0.243,0.288,0.112,0.221,0.267,0.079,0.215,0.214,0.094,0.207,0.173,0.079,0.204,0.141,0.075,0.203,0.133,0.072,0.194,0.128,0.099,0.206,0.153,0.072,0.197,0.170,0.069,0.199,0.161,0.068,0.181,0.141,0.097,0.198,0.114,0.075,0.190,0.120,0.071,0.194,0.169,0.069,0.191,0.227,0.070,0.183,0.286,0.067,0.181,0.324,0.068,0.181,0.351,0.069,0.181,0.340,0.067
2025-07-06 22:42:18,239.133,239.090,239.077,0.000,0.000,0.000,3.026,3.923,2.871,6.744,7.298,6.404,1.612,1.854,1.558,1.363,1.536,1.180,0.404,0.771,0.415,1.255,1.306,1.202,0.198,0.451,0.210,1.245,1.251,1.239,0.208,0.200,0.142,0.326,0.330,0.304,0.157,0.235,0.094,0.214,0.364,0.199,0.127,0.354,0.085,0.328,0.563,0.325,0.096,0.428,0.060,0.102,0.465,0.090,0.091,0.464,0.066,0.235,0.579,0.250,0.072,0.400,0.044,0.122,0.447,0.125,0.081,0.354,0.073,0.092,0.341,0.084,0.096,0.282,0.095,0.125,0.257,0.130,0.113,0.190,0.112,0.095,0.129,0.082,0.121,0.140,0.118,0.093,0.130,0.079,0.155,0.204,0.154,0.079,0.160,0.076,0.124,0.203,0.115,0.082,0.180,0.080,0.082,0.161,0.069,0.076,0.142,0.075,0.074,0.120,0.049,0.039,0.088,0.044,0.045,0.059,0.026,0.102,0.123,0.101,0.040,0.063,0.030,0.059,0.079,0.057,0.039,0.071,0.024,0.088,0.102,0.076,0.034,0.042,0.030,0.035,0.029,0.025,0.033,0.047,0.026,0.058,0.098,0.029,0.037,0.115,0.028,0.038,0.155,0.027,0.033,0.163,0.026,0.034,0.171,0.029,0.045,0.170,0.051,0.038,0.129,0.032,1.276,1.164,1.164,6.420,6.080,6.074,1.014,1.254,0.978,0.413,0.793,0.425,0.546,0.851,0.608,0.325,0.561,0.257,0.435,0.746,0.628,0.496,0.484,0.339,0.175,0.203,0.184,0.224,0.267,0.123,0.162,0.286,0.150,0.144,0.346,0.099,0.181,0.456,0.227,0.202,0.485,0.095,0.086,0.419,0.074,0.085,0.464,0.049,0.123,0.524,0.182,0.173,0.474,0.097,0.071,0.413,0.078,0.108,0.414,0.086,0.057,0.337,0.066,0.103,0.316,0.091,0.079,0.234,0.088,0.122,0.232,0.120,0.060,0.123,0.058,0.120,0.137,0.114,0.063,0.106,0.075,0.132,0.177,0.146,0.060,0.149,0.073,0.102,0.178,0.114,0.061,0.165,0.053,0.083,0.170,0.074,0.049,0.127,0.052,0.076,0.125,0.062,0.056,0.091,0.045,0.042,0.063,0.029,0.058,0.089,0.077,0.080,0.090,0.055,0.046,0.079,0.045,0.036,0.068,0.024,0.053,0.082,0.048,0.067,0.078,0.050,0.033,0.031,0.026,0.034,0.032,0.024,0.032,0.077,0.030,0.036,0.099,0.026,0.036,0.126,0.027,0.035,0.150,0.024,0.017,0.167,0.029,0.035,0.159,0.026
2025-07-06 22:42:21,238.858,238.812,238.800,0.000,0.000,0.000,2.476,3.642,2.826,3.056,5.400,4.584,0.867,1.603,1.284,1.170,1.459,1.214,0.329,0.787,0.459,1.219,1.336,1.224,0.236,0.429,0.339,1.202,1.238,1.260,0.111,0.309,0.181,0.312,0.386,0.339,0.117,0.259,0.183,0.195,0.370,0.217,0.075,0.351,0.132,0.317,0.497,0.356,0.087,0.363,0.121,0.102,0.395,0.139,0.068,0.385,0.114,0.236,0.498,0.269,0.087,0.355,0.109,0.141,0.360,0.153,0.079,0.318,0.088,0.090,0.292,0.116,0.097,0.251,0.112,0.126,0.234,0.137,0.118,0.188,0.127,0.089,0.138,0.107,0.119,0.155,0.131,0.098,0.134,0.097,0.154,0.196,0.170,0.070,0.153,0.097,0.113,0.188,0.137,0.077,0.167,0.097,0.078,0.149,0.097,0.068,0.140,0.085,0.062,0.121,0.076,0.040,0.097,0.059,0.042,0.084,0.058,0.096,0.134,0.104,0.031,0.097,0.051,0.049,0.101,0.071,0.040,0.098,0.047,0.082,0.111,0.105,0.025,0.072,0.052,0.026,0.063,0.043,0.026,0.077,0.046,0.031,0.101,0.053,0.024,0.123,0.043,0.023,0.140,0.041,0.023,0.136,0.051,0.026,0.170,0.055,0.027,0.149,0.060,0.026,0.131,0.057,0.328,0.488,0.532,2.844,4.488,4.295,0.535,1.061,0.803,0.390,0.922,0.564,0.327,0.743,0.430,0.280,0.458,0.441,0.355,0.439,0.460,0.167,0.527,0.313,0.101,0.286,0.165,0.145,0.243,0.223,0.131,0.267,0.169,0.069,0.357,0.130,0.099,0.380,0.148,0.120,0.379,0.204,0.081,0.367,0.111,0.068,0.386,0.123,0.111,0.393,0.134,0.101,0.416,0.170,0.103,0.341,0.117,0.079,0.322,0.097,0.064,0.300,0.087,0.100,0.266,0.124,0.084,0.231,0.089,0.118,0.205,0.142,0.069,0.134,0.068,0.122,0.148,0.117,0.055,0.126,0.070,0.160,0.162,0.147,0.047,0.128,0.095,0.109,0.174,0.120,0.062,0.142,0.069,0.075,0.165,0.093,0.040,0.126,0.065,0.055,0.127,0.072,0.025,0.101,0.048,0.043,0.088,0.057,0.062,0.111,0.067,0.052,0.106,0.070,0.037,0.091,0.059,0.025,0.097,0.046,0.060,0.105,0.074,0.040,0.087,0.067,0.025,0.063,0.043,0.025,0.065,0.043,0.027,0.089,0.047,0.022,0.108,0.041,0.023,0.133,0.042,0.023,0.130,0.048,0.025,0.167,0.054,0.023,0.147,0.044
2025-07-06 22:42:24,238.661,238.617,238.604,0.000,0.000,0.000,2.100,2.093,2.096,0.867,0.833,0.761,0.247,0.233,0.209,1.035,1.032,1.051,0.110,0.072,0.094,1.161,1.164,1.156,0.081,0.058,0.061,1.226,1.222,1.217,0.020,0.022,0.011,0.272,0.263,0.266,0.024,0.028,0.014,0.158,0.165,0.159,0.020,0.020,0.007,0.302,0.294,0.302,0.018,0.023,0.011,0.069,0.071,0.073,0.016,0.006,0.008,0.223,0.220,0.220,0.021,0.025,0.008,0.121,0.119,0.122,0.048,0.024,0.007,0.064,0.060,0.055,0.070,0.069,0.071,0.105,0.096,0.097,0.093,0.094,0.094,0.065,0.065,0.075,0.102,0.102,0.098,0.069,0.074,0.073,0.139,0.142,0.138,0.059,0.064,0.054,0.106,0.101,0.097,0.076,0.072,0.069,0.063,0.060,0.058,0.048,0.022,0.045,0.046,0.049,0.021,0.000,0.000,0.006,0.013,0.000,0.006,0.082,0.082,0.077,0.000,0.005,0.000,0.015,0.043,0.029,0.000,0.005,0.000,0.078,0.075,0.077,0.000,0.000,0.005,0.000,0.000,0.000,0.000,0.000,0.000,0.013,0.000,0.005,0.000,0.000,0.000,0.000,0.000,0.000,0.000,0.000,0.005,0.000,0.006,0.006,0.000,0.000,0.006,0.013,0.000,0.005,0.063,0.065,0.062,0.766,0.726,0.658,0.158,0.146,0.117,0.121,0.111,0.097,0.098,0.065,0.070,0.093,0.070,0.069,0.098,0.079,0.081,0.037,0.031,0.036,0.019,0.007,0.008,0.029,0.034,0.039,0.022,0.029,0.015,0.020,0.006,0.008,0.023,0.008,0.010,0.026,0.034,0.015,0.021,0.007,0.011,0.014,0.022,0.007,0.023,0.045,0.012,0.020,0.037,0.012,0.019,0.024,0.012,0.026,0.022,0.029,0.015,0.007,0.000,0.068,0.068,0.067,0.005,0.008,0.006,0.095,0.090,0.090,0.000,0.022,0.030,0.102,0.101,0.103,0.000,0.020,0.006,0.137,0.136,0.137,0.019,0.016,0.007,0.102,0.100,0.095,0.020,0.006,0.007,0.056,0.057,0.054,0.014,0.000,0.008,0.035,0.042,0.021,0.000,0.005,0.000,0.000,0.000,0.006,0.000,0.020,0.011,0.019,0.006,0.000,0.000,0.000,0.007,0.000,0.005,0.000,0.000,0.009,0.007,0.016,0.014,0.006,0.000,0.000,0.000,0.000,0.000,0.000,0.000,0.000,0.000,0.000,0.000,0.000,0.000,0.000,0.000,0.000,0.000,0.005,0.000,0.006,0.006,0.000,0.000,0.000
2025-07-06 22:42:27,238.390,238.346,238.334,0.000,0.000,0.000,2.150,2.148,2.178,0.287,0.272,0.261,0.061,0.040,0.053,1.141,1.142,1.176,0.020,0.009,0.000,1.192,1.185,1.208,0.006,0.020,0.014,1.231,1.233,1.232,0.000,0.000,0.000,0.276,0.269,0.264,0.000,0.000,0.000,0.167,0.167,0.169,0.000,0.000,0.000,0.286,0.301,0.303,0.000,0.000,0.000,0.050,0.068,0.059,0.000,0.000,0.000,0.235,0.228,0.221,0.000,0.009,0.000,0.124,0.133,0.129,0.023,0.044,0.030,0.058,0.057,0.062,0.071,0.072,0.073,0.129,0.116,0.118,0.091,0.094,0.095,0.061,0.056,0.053,0.103,0.101,0.103,0.066,0.075,0.074,0.138,0.138,0.139,0.067,0.058,0.074,0.100,0.096,0.099,0.087,0.086,0.086,0.059,0.057,0.062,0.016,0.000,0.000,0.030,0.041,0.042,0.000,0.000,0.000,0.000,0.000,0.000,0.074,0.069,0.077,0.000,0.000,0.000,0.025,0.015,0.031,0.000,0.000,0.000,0.074,0.072,0.075,0.000,0.000,0.000,0.000,0.000,0.000,0.000,0.000,0.000,0.014,0.015,0.014,0.000,0.000,0.000,0.000,0.000,0.000,0.000,0.000,0.000,0.000,0.000,0.000,0.000,0.000,0.000,0.000,0.000,0.000,0.000,0.000,0.000,0.118,0.088,0.082,0.009,0.011,0.019,0.018,0.008,0.014,0.009,0.005,0.000,0.015,0.005,0.000,0.005,0.007,0.013,0.000,0.000,0.000,0.000,0.000,0.000,0.000,0.000,0.000,0.000,0.000,0.000,0.000,0.000,0.000,0.009,0.000,0.000,0.000,0.000,0.000,0.010,0.000,0.000,0.008,0.000,0.000,0.008,0.000,0.000,0.009,0.000,0.000,0.009,0.000,0.000,0.023,0.036,0.027,0.000,0.000,0.000,0.071,0.070,0.071,0.000,0.000,0.000,0.090,0.089,0.090,0.000,0.013,0.008,0.104,0.101,0.104,0.000,0.000,0.000,0.134,0.136,0.135,0.014,0.000,0.008,0.100,0.097,0.097,0.000,0.000,0.000,0.057,0.054,0.056,0.000,0.000,0.000,0.027,0.021,0.014,0.000,0.000,0.000,0.000,0.000,0.000,0.000,0.000,0.000,0.000,0.000,0.000,0.000,0.000,0.000,0.000,0.000,0.000,0.000,0.000,0.000,0.000,0.000,0.000,0.000,0.000,0.000,0.000,0.000,0.000,0.000,0.000,0.000,0.000,0.000,0.000,0.000,0.000,0.000,0.000,0.000,0.000,0.000,0.000,0.000,0.000,0.000,0.000
2025-07-06 22:42:30,238.092,238.048,238.034,0.000,0.000,0.000,2.137,2.140,2.133,0.249,0.245,0.245,0.036,0.049,0.031,1.161,1.166,1.157,0.009,0.023,0.014,1.185,1.184,1.187,0.014,0.000,0.000,1.199,1.201,1.194,0.000,0.000,0.000,0.236,0.232,0.230,0.000,0.000,0.000,0.172,0.175,0.179,0.000,0.000,0.000,0.333,0.334,0.340,0.000,0.000,0.014,0.084,0.090,0.087,0.000,0.000,0.000,0.196,0.189,0.188,0.000,0.006,0.000,0.124,0.129,0.131,0.030,0.020,0.028,0.067,0.073,0.073,0.077,0.078,0.081,0.087,0.086,0.084,0.090,0.094,0.092,0.051,0.041,0.032,0.105,0.107,0.103,0.065,0.070,0.072,0.139,0.136,0.139,0.081,0.080,0.085,0.088,0.093,0.090,0.078,0.082,0.073,0.073,0.067,0.068,0.015,0.000,0.009,0.050,0.045,0.046,0.023,0.025,0.010,0.000,0.009,0.000,0.089,0.090,0.091,0.000,0.000,0.000,0.034,0.000,0.000,0.000,0.000,0.000,0.076,0.080,0.080,0.000,0.000,0.000,0.000,0.000,0.000,0.000,0.000,0.000,0.000,0.000,0.000,0.000,0.000,0.000,0.000,0.000,0.000,0.000,0.000,0.000,0.000,0.000,0.000,0.000,0.000,0.000,0.000,0.000,0.000,0.000,0.000,0.000,0.034,0.034,0.023,0.000,0.000,0.000,0.007,0.000,0.000,0.006,0.000,0.000,0.006,0.000,0.000,0.000,0.000,0.000,0.000,0.000,0.000,0.000,0.000,0.000,0.000,0.000,0.000,0.000,0.000,0.000,0.000,0.000,0.000,0.006,0.000,0.000,0.000,0.000,0.000,0.006,0.000,0.000,0.005,0.000,0.000,0.005,0.000,0.000,0.006,0.000,0.000,0.006,0.000,0.000,0.021,0.019,0.042,0.000,0.000,0.000,0.076,0.077,0.078,0.000,0.000,0.000,0.085,0.087,0.085,0.000,0.000,0.005,0.105,0.108,0.102,0.000,0.000,0.000,0.134,0.131,0.135,0.000,0.015,0.027,0.088,0.093,0.090,0.000,0.000,0.000,0.070,0.061,0.063,0.000,0.000,0.000,0.046,0.042,0.038,0.000,0.000,0.000,0.000,0.000,0.000,0.000,0.000,0.000,0.000,0.000,0.000,0.000,0.000,0.000,0.000,0.000,0.000,0.000,0.000,0.000,0.000,0.000,0.000,0.000,0.000,0.000,0.000,0.000,0.000,0.000,0.000,0.000,0.000,0.000,0.000,0.000,0.000,0.000,0.000,0.000,0.000,0.000,0.000,0.000,0.000,0.000,0.000
2025-07-06 22:42:33,238.010,237.966,237.954,0.000,0.000,0.000,2.113,2.108,2.100,0.243,0.245,0.244,0.022,0.035,0.020,1.148,1.145,1.137,0.020,0.016,0.009,1.164,1.160,1.159,0.000,0.000,0.000,1.181,1.179,1.172,0.000,0.000,0.000,0.227,0.225,0.226,0.000,0.000,0.000,0.185,0.187,0.192,0.000,0.000,0.000,0.346,0.345,0.348,0.000,0.000,0.000,0.101,0.098,0.098,0.000,0.013,0.000,0.208,0.206,0.212,0.000,0.014,0.013,0.148,0.152,0.149,0.031,0.029,0.021,0.074,0.075,0.083,0.083,0.082,0.079,0.079,0.083,0.084,0.087,0.085,0.084,0.048,0.031,0.050,0.107,0.099,0.101,0.092,0.098,0.098,0.136,0.140,0.143,0.078,0.075,0.073,0.088,0.089,0.088,0.064,0.064,0.064,0.073,0.071,0.074,0.019,0.038,0.045,0.046,0.050,0.052,0.045,0.035,0.045,0.008,0.006,0.000,0.084,0.081,0.079,0.000,0.000,0.000,0.000,0.000,0.000,0.000,0.014,0.000,0.077,0.076,0.075,0.000,0.000,0.000,0.000,0.000,0.000,0.000,0.000,0.000,0.000,0.000,0.000,0.000,0.000,0.000,0.000,0.000,0.000,0.000,0.000,0.000,0.000,0.000,0.000,0.000,0.000,0.000,0.000,0.000,0.000,0.000,0.000,0.000,0.010,0.041,0.018,0.000,0.000,0.000,0.000,0.000,0.000,0.000,0.000,0.000,0.000,0.000,0.000,0.000,0.000,0.000,0.000,0.000,0.000,0.000,0.000,0.000,0.000,0.000,0.000,0.000,0.000,0.000,0.000,0.000,0.000,0.000,0.000,0.000,0.000,0.000,0.000,0.000,0.000,0.000,0.000,0.000,0.000,0.000,0.000,0.000,0.000,0.000,0.000,0.000,0.000,0.000,0.026,0.030,0.033,0.000,0.000,0.000,0.081,0.077,0.074,0.000,0.000,0.000,0.082,0.081,0.082,0.015,0.000,0.000,0.108,0.100,0.102,0.000,0.000,0.000,0.131,0.138,0.136,0.000,0.013,0.021,0.089,0.090,0.088,0.000,0.000,0.000,0.069,0.067,0.068,0.000,0.000,0.000,0.031,0.046,0.048,0.000,0.000,0.008,0.000,0.000,0.000,0.000,0.000,0.000,0.000,0.000,0.000,0.000,0.000,0.000,0.000,0.000,0.000,0.000,0.000,0.000,0.000,0.000,0.000,0.000,0.000,0.000,0.000,0.000,0.000,0.000,0.000,0.000,0.000,0.000,0.000,0.000,0.000,0.000,0.000,0.000,0.000,0.000,0.000,0.000,0.000,0.000,0.000
2025-07-06 22:42:36,238.077,238.032,238.020,0.000,0.000,0.000,2.104,2.095,2.097,0.251,0.242,0.258,0.010,0.022,0.024,1.145,1.142,1.144,0.024,0.020,0.035,1.162,1.153,1.149,0.000,0.013,0.000,1.172,1.167,1.172,0.000,0.000,0.009,0.235,0.239,0.244,0.000,0.000,0.000,0.172,0.177,0.175,0.013,0.008,0.000,0.341,0.338,0.330,0.000,0.000,0.008,0.097,0.097,0.092,0.000,0.008,0.000,0.219,0.221,0.219,0.009,0.008,0.021,0.140,0.149,0.149,0.044,0.023,0.038,0.068,0.067,0.067,0.082,0.077,0.074,0.089,0.093,0.100,0.087,0.086,0.086,0.065,0.066,0.064,0.105,0.103,0.096,0.074,0.081,0.076,0.143,0.136,0.146,0.073,0.066,0.076,0.087,0.087,0.096,0.072,0.074,0.076,0.069,0.070,0.069,0.029,0.033,0.015,0.050,0.046,0.056,0.018,0.015,0.018,0.005,0.000,0.000,0.073,0.068,0.071,0.000,0.000,0.000,0.000,0.000,0.000,0.000,0.000,0.000,0.071,0.067,0.068,0.000,0.000,0.000,0.000,0.000,0.000,0.000,0.000,0.000,0.015,0.000,0.000,0.000,0.000,0.000,0.000,0.000,0.000,0.000,0.000,0.000,0.000,0.000,0.000,0.000,0.000,0.000,0.000,0.000,0.000,0.000,0.000,0.000,0.032,0.048,0.055,0.000,0.000,0.000,0.000,0.000,0.015,0.000,0.000,0.014,0.000,0.000,0.000,0.000,0.000,0.000,0.000,0.000,0.000,0.000,0.000,0.000,0.000,0.000,0.000,0.000,0.000,0.000,0.000,0.000,0.000,0.000,0.000,0.000,0.000,0.000,0.000,0.000,0.000,0.000,0.000,0.000,0.013,0.000,0.000,0.000,0.000,0.000,0.014,0.000,0.000,0.000,0.020,0.023,0.026,0.000,0.000,0.000,0.080,0.078,0.070,0.000,0.000,0.013,0.082,0.082,0.078,0.022,0.000,0.017,0.105,0.105,0.094,0.000,0.000,0.000,0.139,0.132,0.143,0.023,0.000,0.009,0.089,0.086,0.095,0.000,0.000,0.000,0.066,0.066,0.067,0.000,0.000,0.000,0.048,0.038,0.051,0.000,0.000,0.005,0.000,0.000,0.000,0.000,0.000,0.000,0.000,0.000,0.000,0.000,0.000,0.000,0.000,0.000,0.000,0.000,0.000,0.000,0.000,0.000,0.000,0.000,0.000,0.000,0.000,0.000,0.000,0.000,0.000,0.000,0.000,0.000,0.000,0.000,0.000,0.000,0.000,0.000,0.000,0.000,0.000,0.000,0.000,0.000,0.000
2025-07-06 22:42:39,237.699,237.656,237.643,0.000,0.000,0.000,2.071,2.067,2.068,0.253,0.248,0.275,0.058,0.059,0.059,1.126,1.125,1.134,0.014,0.013,0.029,1.132,1.130,1.116,0.000,0.015,0.028,1.155,1.154,1.156,0.027,0.038,0.029,0.269,0.273,0.269,0.000,0.000,0.000,0.194,0.189,0.192,0.008,0.033,0.014,0.304,0.301,0.302,0.014,0.039,0.037,0.081,0.068,0.073,0.023,0.049,0.038,0.247,0.247,0.246,0.033,0.034,0.030,0.128,0.125,0.124,0.049,0.044,0.042,0.049,0.036,0.052,0.078,0.084,0.097,0.109,0.103,0.111,0.076,0.079,0.091,0.069,0.069,0.075,0.088,0.099,0.110,0.073,0.067,0.072,0.145,0.131,0.141,0.059,0.066,0.059,0.083,0.078,0.081,0.066,0.061,0.065,0.080,0.079,0.075,0.051,0.048,0.051,0.058,0.034,0.056,0.000,0.000,0.000,0.000,0.000,0.000,0.068,0.069,0.066,0.000,0.000,0.000,0.000,0.000,0.000,0.000,0.013,0.013,0.071,0.070,0.067,0.000,0.000,0.000,0.000,0.000,0.000,0.000,0.000,0.000,0.000,0.000,0.000,0.000,0.000,0.000,0.000,0.000,0.000,0.000,0.000,0.000,0.000,0.000,0.000,0.000,0.000,0.000,0.000,0.000,0.000,0.000,0.000,0.000,0.051,0.052,0.059,0.000,0.000,0.000,0.000,0.000,0.000,0.000,0.000,0.000,0.000,0.000,0.000,0.000,0.000,0.000,0.000,0.000,0.000,0.000,0.000,0.000,0.000,0.000,0.000,0.000,0.000,0.000,0.000,0.000,0.000,0.000,0.000,0.000,0.000,0.000,0.028,0.015,0.014,0.013,0.000,0.029,0.000,0.000,0.009,0.013,0.017,0.017,0.022,0.000,0.010,0.015,0.041,0.039,0.038,0.013,0.010,0.026,0.073,0.078,0.091,0.009,0.009,0.024,0.070,0.071,0.084,0.005,0.008,0.023,0.086,0.098,0.108,0.036,0.008,0.025,0.140,0.126,0.136,0.030,0.023,0.021,0.082,0.075,0.077,0.000,0.000,0.000,0.077,0.074,0.072,0.009,0.000,0.008,0.054,0.019,0.027,0.000,0.000,0.008,0.000,0.000,0.000,0.000,0.000,0.000,0.000,0.000,0.000,0.000,0.000,0.000,0.000,0.000,0.000,0.000,0.000,0.000,0.000,0.000,0.000,0.000,0.000,0.000,0.000,0.000,0.000,0.000,0.000,0.000,0.000,0.000,0.000,0.000,0.000,0.000,0.000,0.000,0.000,0.000,0.000,0.000,0.000,0.000,0.000
2025-07-06 22:42:42,237.396,237.352,237.340,0.000,0.000,0.000,2.049,2.039,2.039,0.276,0.288,0.281,0.067,0.074,0.064,1.113,1.110,1.106,0.047,0.027,0.043,1.111,1.103,1.109,0.014,0.022,0.042,1.156,1.153,1.152,0.037,0.013,0.019,0.300,0.298,0.299,0.000,0.000,0.008,0.168,0.170,0.171,0.049,0.029,0.037,0.288,0.282,0.280,0.042,0.049,0.045,0.022,0.019,0.015,0.054,0.055,0.053,0.216,0.218,0.212,0.058,0.063,0.063,0.110,0.102,0.100,0.068,0.068,0.068,0.068,0.076,0.072,0.099,0.103,0.103,0.095,0.092,0.091,0.077,0.082,0.077,0.055,0.059,0.055,0.100,0.101,0.103,0.079,0.080,0.075,0.127,0.130,0.125,0.055,0.054,0.053,0.067,0.066,0.062,0.063,0.063,0.060,0.076,0.076,0.078,0.060,0.049,0.059,0.028,0.027,0.037,0.000,0.000,0.000,0.000,0.000,0.000,0.071,0.068,0.067,0.000,0.000,0.000,0.015,0.013,0.000,0.000,0.000,0.000,0.066,0.065,0.065,0.000,0.000,0.000,0.000,0.000,0.000,0.000,0.000,0.000,0.000,0.000,0.000,0.000,0.000,0.000,0.000,0.000,0.000,0.000,0.000,0.000,0.000,0.000,0.000,0.000,0.000,0.000,0.000,0.000,0.000,0.000,0.000,0.000,0.065,0.068,0.063,0.000,0.000,0.000,0.000,0.014,0.000,0.000,0.000,0.000,0.000,0.000,0.029,0.000,0.000,0.000,0.000,0.000,0.000,0.000,0.000,0.000,0.000,0.000,0.000,0.000,0.000,0.000,0.008,0.013,0.008,0.000,0.000,0.000,0.021,0.014,0.022,0.009,0.027,0.024,0.042,0.044,0.040,0.023,0.020,0.022,0.043,0.048,0.054,0.041,0.049,0.041,0.056,0.060,0.060,0.044,0.048,0.050,0.093,0.093,0.096,0.033,0.052,0.044,0.072,0.076,0.069,0.032,0.031,0.032,0.099,0.101,0.101,0.030,0.048,0.048,0.125,0.125,0.122,0.043,0.045,0.015,0.068,0.066,0.063,0.000,0.000,0.000,0.071,0.072,0.072,0.029,0.015,0.035,0.005,0.028,0.000,0.000,0.000,0.005,0.000,0.000,0.000,0.000,0.000,0.000,0.000,0.000,0.000,0.000,0.000,0.000,0.000,0.000,0.000,0.000,0.000,0.000,0.000,0.000,0.000,0.000,0.000,0.000,0.000,0.000,0.000,0.000,0.000,0.000,0.000,0.000,0.000,0.000,0.000,0.000,0.000,0.000,0.000,0.000,0.000,0.000,0.000,0.000,0.000
2025-07-06 22:42:45,237.310,237.266,237.254,0.000,0.000,0.000,2.059,2.059,2.054,0.295,0.280,0.292,0.076,0.080,0.072,1.104,1.107,1.103,0.043,0.044,0.020,1.115,1.117,1.114,0.040,0.042,0.044,1.176,1.179,1.177,0.033,0.016,0.011,0.316,0.303,0.303,0.000,0.002,0.005,0.141,0.142,0.143,0.049,0.028,0.048,0.295,0.296,0.292,0.055,0.052,0.051,0.015,0.015,0.020,0.054,0.060,0.063,0.193,0.196,0.186,0.055,0.070,0.061,0.117,0.118,0.120,0.065,0.077,0.066,0.072,0.069,0.075,0.110,0.103,0.102,0.100,0.092,0.092,0.087,0.073,0.081,0.053,0.056,0.068,0.102,0.089,0.107,0.077,0.074,0.077,0.131,0.118,0.121,0.065,0.058,0.063,0.065,0.065,0.071,0.067,0.058,0.068,0.082,0.070,0.073,0.048,0.050,0.051,0.016,0.029,0.000,0.000,0.000,0.000,0.000,0.000,0.000,0.065,0.070,0.065,0.000,0.000,0.000,0.000,0.000,0.000,0.000,0.000,0.000,0.068,0.069,0.063,0.000,0.000,0.000,0.000,0.000,0.000,0.000,0.000,0.000,0.000,0.000,0.000,0.000,0.000,0.000,0.000,0.000,0.000,0.000,0.000,0.000,0.000,0.000,0.000,0.000,0.000,0.000,0.000,0.000,0.000,0.000,0.000,0.000,0.071,0.073,0.070,0.010,0.000,0.000,0.000,0.000,0.012,0.000,0.000,0.000,0.037,0.000,0.000,0.000,0.000,0.000,0.000,0.000,0.000,0.000,0.000,0.000,0.000,0.000,0.000,0.000,0.000,0.000,0.005,0.002,0.005,0.008,0.000,0.000,0.043,0.038,0.019,0.045,0.000,0.018,0.049,0.049,0.054,0.038,0.036,0.049,0.046,0.061,0.058,0.046,0.042,0.048,0.057,0.070,0.063,0.051,0.051,0.059,0.101,0.097,0.099,0.052,0.047,0.049,0.083,0.068,0.072,0.039,0.048,0.046,0.098,0.089,0.109,0.045,0.044,0.049,0.124,0.114,0.115,0.043,0.044,0.000,0.064,0.059,0.071,0.008,0.028,0.030,0.073,0.068,0.067,0.005,0.000,0.010,0.000,0.000,0.000,0.000,0.000,0.000,0.000,0.000,0.000,0.000,0.000,0.000,0.000,0.000,0.000,0.000,0.000,0.000,0.000,0.000,0.000,0.000,0.000,0.000,0.000,0.000,0.000,0.000,0.000,0.000,0.000,0.000,0.000,0.000,0.000,0.000,0.000,0.000,0.000,0.000,0.000,0.000,0.000,0.000,0.000,0.000,0.000,0.000,0.000,0.000,0.000
2025-07-06 22:42:48,237.212,237.168,237.155,0.000,0.000,0.000,2.061,2.055,2.057,0.290,0.293,0.293,0.090,0.101,0.092,1.089,1.079,1.088,0.033,0.051,0.043,1.124,1.121,1.117,0.050,0.043,0.051,1.187,1.181,1.185,0.022,0.033,0.013,0.310,0.310,0.303,0.008,0.016,0.000,0.111,0.111,0.115,0.044,0.042,0.045,0.317,0.330,0.325,0.050,0.054,0.058,0.062,0.060,0.057,0.056,0.057,0.056,0.182,0.190,0.186,0.068,0.065,0.065,0.144,0.140,0.143,0.072,0.069,0.070,0.080,0.068,0.069,0.098,0.097,0.100,0.110,0.113,0.114,0.084,0.078,0.077,0.061,0.065,0.072,0.100,0.091,0.092,0.067,0.058,0.059,0.114,0.117,0.116,0.060,0.064,0.066,0.068,0.063,0.061,0.051,0.051,0.035,0.069,0.074,0.073,0.032,0.048,0.051,0.005,0.000,0.000,0.008,0.014,0.035,0.000,0.000,0.000,0.056,0.057,0.058,0.000,0.000,0.000,0.000,0.000,0.000,0.000,0.000,0.000,0.059,0.061,0.059,0.000,0.000,0.000,0.000,0.000,0.000,0.000,0.000,0.000,0.000,0.000,0.000,0.000,0.000,0.000,0.000,0.000,0.000,0.000,0.000,0.000,0.000,0.000,0.000,0.000,0.000,0.000,0.000,0.000,0.000,0.000,0.000,0.000,0.083,0.088,0.079,0.005,0.028,0.013,0.014,0.009,0.005,0.000,0.000,0.000,0.037,0.028,0.039,0.000,0.000,0.000,0.000,0.000,0.000,0.000,0.000,0.000,0.000,0.000,0.000,0.000,0.000,0.000,0.000,0.029,0.008,0.013,0.000,0.000,0.019,0.044,0.044,0.036,0.024,0.045,0.052,0.036,0.051,0.028,0.051,0.035,0.062,0.059,0.063,0.049,0.041,0.049,0.048,0.061,0.060,0.053,0.054,0.057,0.097,0.095,0.097,0.032,0.050,0.044,0.076,0.073,0.073,0.055,0.051,0.052,0.098,0.092,0.094,0.043,0.032,0.035,0.112,0.116,0.112,0.021,0.005,0.038,0.064,0.059,0.059,0.019,0.023,0.020,0.064,0.068,0.067,0.000,0.000,0.000,0.000,0.000,0.000,0.000,0.000,0.000,0.000,0.000,0.000,0.000,0.000,0.000,0.000,0.000,0.000,0.000,0.000,0.000,0.000,0.000,0.000,0.000,0.000,0.000,0.000,0.000,0.000,0.000,0.000,0.000,0.000,0.000,0.000,0.000,0.000,0.000,0.000,0.000,0.000,0.000,0.000,0.000,0.000,0.000,0.000,0.000,0.000,0.000,0.000,0.000,0.000
2025-07-06 22:42:51,237.188,237.144,237.131,0.000,0.000,0.000,2.063,2.059,2.054,0.291,0.294,0.291,0.103,0.100,0.099,1.085,1.079,1.077,0.049,0.054,0.050,1.124,1.120,1.121,0.052,0.048,0.050,1.190,1.189,1.182,0.005,0.037,0.018,0.295,0.303,0.302,0.027,0.014,0.027,0.118,0.112,0.111,0.050,0.050,0.033,0.327,0.333,0.333,0.052,0.056,0.051,0.058,0.068,0.066,0.059,0.058,0.060,0.197,0.196,0.189,0.068,0.069,0.069,0.136,0.140,0.139,0.063,0.067,0.065,0.070,0.075,0.075,0.095,0.093,0.102,0.115,0.121,0.120,0.084,0.073,0.081,0.070,0.067,0.067,0.089,0.090,0.095,0.058,0.058,0.040,0.117,0.113,0.116,0.064,0.059,0.062,0.062,0.060,0.056,0.054,0.055,0.054,0.067,0.071,0.066,0.047,0.048,0.047,0.014,0.000,0.008,0.042,0.028,0.030,0.000,0.000,0.000,0.055,0.057,0.056,0.014,0.000,0.000,0.008,0.013,0.022,0.000,0.000,0.000,0.055,0.056,0.053,0.000,0.000,0.000,0.000,0.000,0.000,0.000,0.000,0.000,0.000,0.000,0.000,0.000,0.000,0.000,0.000,0.000,0.000,0.000,0.000,0.000,0.000,0.000,0.000,0.000,0.000,0.000,0.000,0.000,0.000,0.000,0.000,0.000,0.088,0.085,0.087,0.000,0.015,0.008,0.014,0.020,0.013,0.000,0.000,0.000,0.040,0.040,0.046,0.000,0.000,0.000,0.000,0.000,0.000,0.000,0.000,0.000,0.000,0.000,0.000,0.000,0.000,0.000,0.009,0.000,0.020,0.029,0.024,0.009,0.023,0.046,0.045,0.027,0.025,0.020,0.050,0.054,0.039,0.048,0.054,0.042,0.060,0.061,0.066,0.051,0.051,0.039,0.047,0.047,0.047,0.055,0.058,0.056,0.094,0.091,0.101,0.049,0.052,0.043,0.077,0.067,0.070,0.053,0.052,0.048,0.092,0.090,0.095,0.027,0.039,0.027,0.114,0.110,0.113,0.021,0.037,0.029,0.055,0.060,0.056,0.024,0.005,0.000,0.062,0.071,0.065,0.000,0.000,0.000,0.000,0.000,0.000,0.000,0.000,0.000,0.000,0.000,0.000,0.000,0.000,0.000,0.000,0.000,0.000,0.000,0.000,0.000,0.000,0.000,0.000,0.000,0.000,0.000,0.000,0.000,0.000,0.000,0.000,0.000,0.000,0.000,0.000,0.000,0.000,0.000,0.000,0.000,0.000,0.000,0.000,0.000,0.000,0.000,0.000,0.000,0.000,0.000,0.000,0.000,0.000
2025-07-06 22:42:54,237.252,237.208,237.196,0.000,0.000,0.000,2.060,2.051,2.054,0.297,0.301,0.295,0.106,0.097,0.096,1.089,1.075,1.078,0.055,0.050,0.053,1.109,1.114,1.114,0.048,0.044,0.051,1.196,1.185,1.187,0.009,0.019,0.024,0.297,0.301,0.306,0.005,0.013,0.014,0.107,0.110,0.110,0.045,0.052,0.038,0.335,0.331,0.331,0.055,0.060,0.053,0.072,0.074,0.075,0.058,0.066,0.059,0.191,0.193,0.193,0.067,0.068,0.066,0.146,0.149,0.145,0.065,0.066,0.063,0.072,0.068,0.075,0.097,0.094,0.098,0.113,0.120,0.120,0.076,0.078,0.076,0.074,0.070,0.069,0.094,0.089,0.092,0.057,0.051,0.060,0.112,0.119,0.116,0.064,0.066,0.067,0.058,0.063,0.059,0.054,0.055,0.051,0.066,0.071,0.071,0.030,0.020,0.014,0.000,0.000,0.005,0.020,0.000,0.019,0.000,0.000,0.000,0.049,0.050,0.055,0.000,0.000,0.000,0.042,0.029,0.037,0.000,0.000,0.000,0.051,0.055,0.054,0.000,0.000,0.000,0.000,0.000,0.000,0.000,0.000,0.000,0.000,0.000,0.000,0.000,0.000,0.000,0.000,0.000,0.000,0.000,0.000,0.000,0.000,0.000,0.000,0.000,0.000,0.000,0.000,0.000,0.000,0.000,0.000,0.000,0.091,0.081,0.086,0.000,0.014,0.005,0.035,0.023,0.030,0.000,0.000,0.000,0.042,0.029,0.045,0.000,0.000,0.000,0.000,0.000,0.000,0.000,0.000,0.000,0.000,0.000,0.000,0.000,0.000,0.000,0.006,0.027,0.000,0.015,0.029,0.035,0.047,0.052,0.046,0.045,0.038,0.030,0.050,0.057,0.049,0.055,0.057,0.057,0.062,0.065,0.062,0.053,0.050,0.045,0.055,0.060,0.055,0.055,0.054,0.052,0.093,0.092,0.096,0.050,0.055,0.054,0.070,0.074,0.070,0.054,0.050,0.052,0.093,0.089,0.092,0.045,0.025,0.029,0.111,0.115,0.112,0.020,0.041,0.014,0.058,0.064,0.059,0.006,0.009,0.013,0.065,0.067,0.067,0.000,0.013,0.000,0.000,0.000,0.000,0.000,0.000,0.000,0.000,0.000,0.000,0.000,0.000,0.000,0.000,0.000,0.000,0.000,0.000,0.000,0.000,0.000,0.000,0.000,0.000,0.000,0.000,0.000,0.000,0.000,0.000,0.000,0.000,0.000,0.000,0.000,0.000,0.000,0.000,0.000,0.000,0.000,0.000,0.000,0.000,0.000,0.000,0.000,0.000,0.000,0.000,0.000,0.000
2025-07-06 22:42:57,237.213,237.169,237.156,0.000,0.000,0.000,2.034,2.031,2.033,0.299,0.294,0.292,0.106,0.109,0.106,1.088,1.084,1.078,0.053,0.054,0.057,1.088,1.092,1.094,0.048,0.052,0.047,1.164,1.164,1.167,0.043,0.026,0.045,0.305,0.306,0.310,0.014,0.000,0.021,0.126,0.126,0.126,0.029,0.032,0.040,0.330,0.320,0.326,0.059,0.056,0.057,0.064,0.063,0.064,0.059,0.057,0.059,0.201,0.200,0.207,0.069,0.071,0.074,0.143,0.136,0.139,0.072,0.068,0.060,0.066,0.069,0.067,0.103,0.099,0.098,0.119,0.116,0.120,0.079,0.080,0.078,0.081,0.074,0.075,0.094,0.093,0.088,0.055,0.055,0.057,0.114,0.116,0.119,0.080,0.071,0.078,0.061,0.061,0.056,0.055,0.056,0.059,0.070,0.070,0.067,0.005,0.008,0.029,0.000,0.000,0.000,0.014,0.000,0.008,0.000,0.000,0.000,0.051,0.053,0.055,0.000,0.000,0.000,0.013,0.000,0.000,0.000,0.000,0.000,0.051,0.054,0.052,0.000,0.000,0.000,0.000,0.000,0.000,0.000,0.000,0.000,0.000,0.000,0.000,0.000,0.000,0.000,0.000,0.000,0.000,0.000,0.000,0.000,0.000,0.000,0.000,0.000,0.000,0.000,0.000,0.000,0.000,0.000,0.000,0.000,0.090,0.088,0.091,0.013,0.022,0.000,0.042,0.029,0.029,0.000,0.000,0.000,0.028,0.045,0.043,0.000,0.000,0.000,0.013,0.000,0.000,0.000,0.000,0.000,0.000,0.000,0.000,0.000,0.000,0.000,0.013,0.000,0.000,0.006,0.005,0.021,0.050,0.050,0.047,0.030,0.020,0.015,0.043,0.036,0.041,0.035,0.049,0.050,0.065,0.065,0.064,0.049,0.040,0.052,0.063,0.061,0.042,0.055,0.049,0.054,0.097,0.094,0.090,0.053,0.050,0.057,0.074,0.076,0.073,0.048,0.052,0.048,0.093,0.092,0.086,0.044,0.029,0.031,0.111,0.116,0.117,0.038,0.020,0.044,0.061,0.061,0.058,0.008,0.022,0.008,0.067,0.065,0.065,0.000,0.000,0.000,0.000,0.000,0.000,0.000,0.000,0.000,0.000,0.000,0.000,0.000,0.000,0.000,0.000,0.000,0.000,0.000,0.000,0.000,0.000,0.000,0.000,0.000,0.000,0.000,0.000,0.000,0.000,0.000,0.000,0.000,0.000,0.000,0.000,0.000,0.000,0.000,0.000,0.000,0.000,0.000,0.000,0.000,0.000,0.000,0.000,0.000,0.000,0.000,0.000,0.000,0.000
2025-07-06 22:43:00,237.133,237.089,237.076,0.000,0.000,0.000,2.039,2.040,2.034,0.292,0.293,0.291,0.115,0.112,0.114,1.091,1.083,1.082,0.050,0.054,0.053,1.095,1.097,1.094,0.053,0.055,0.053,1.163,1.168,1.165,0.034,0.021,0.045,0.302,0.298,0.301,0.000,0.000,0.005,0.128,0.132,0.131,0.031,0.044,0.032,0.340,0.342,0.336,0.052,0.059,0.052,0.061,0.064,0.067,0.056,0.059,0.056,0.191,0.205,0.188,0.069,0.072,0.068,0.140,0.138,0.143,0.067,0.068,0.063,0.073,0.067,0.074,0.101,0.095,0.098,0.112,0.121,0.114,0.078,0.075,0.076,0.077,0.077,0.075,0.091,0.093,0.095,0.061,0.061,0.063,0.120,0.114,0.114,0.061,0.068,0.069,0.059,0.061,0.062,0.057,0.054,0.055,0.071,0.068,0.073,0.050,0.038,0.049,0.000,0.000,0.000,0.000,0.015,0.018,0.000,0.000,0.000,0.057,0.057,0.053,0.000,0.000,0.000,0.005,0.000,0.013,0.000,0.000,0.000,0.057,0.058,0.054,0.000,0.000,0.000,0.000,0.000,0.000,0.000,0.000,0.000,0.000,0.000,0.000,0.000,0.000,0.000,0.000,0.000,0.000,0.000,0.000,0.000,0.000,0.000,0.000,0.000,0.000,0.000,0.000,0.000,0.000,0.000,0.000,0.000,0.090,0.093,0.094,0.027,0.028,0.000,0.028,0.018,0.013,0.000,0.000,0.000,0.048,0.050,0.047,0.000,0.000,0.000,0.000,0.000,0.000,0.000,0.000,0.000,0.000,0.000,0.000,0.000,0.000,0.000,0.000,0.000,0.008,0.008,0.008,0.027,0.018,0.039,0.041,0.005,0.034,0.041,0.028,0.049,0.027,0.052,0.055,0.050,0.059,0.059,0.059,0.049,0.042,0.048,0.060,0.038,0.057,0.053,0.056,0.053,0.093,0.089,0.094,0.054,0.051,0.048,0.075,0.074,0.072,0.052,0.047,0.051,0.089,0.090,0.090,0.033,0.032,0.022,0.116,0.113,0.109,0.021,0.013,0.044,0.059,0.062,0.061,0.020,0.008,0.005,0.070,0.063,0.069,0.000,0.000,0.000,0.000,0.000,0.000,0.000,0.000,0.000,0.000,0.000,0.000,0.000,0.000,0.000,0.000,0.000,0.000,0.000,0.000,0.000,0.000,0.000,0.000,0.000,0.000,0.000,0.000,0.000,0.000,0.000,0.000,0.000,0.000,0.000,0.000,0.000,0.000,0.000,0.000,0.000,0.000,0.000,0.000,0.000,0.000,0.000,0.000,0.000,0.000,0.000,0.000,0.000,0.000
2025-07-06 22:43:03,237.193,237.148,237.136,0.000,0.000,0.000,2.045,2.041,2.039,0.289,0.295,0.305,0.099,0.099,0.105,1.091,1.086,1.091,0.051,0.055,0.052,1.101,1.098,1.084,0.054,0.048,0.052,1.168,1.169,1.172,0.043,0.023,0.043,0.302,0.314,0.305,0.000,0.018,0.021,0.121,0.114,0.118,0.051,0.048,0.058,0.336,0.336,0.332,0.057,0.056,0.062,0.068,0.064,0.065,0.054,0.058,0.068,0.210,0.198,0.198,0.068,0.063,0.072,0.141,0.139,0.145,0.070,0.066,0.075,0.060,0.065,0.061,0.099,0.095,0.096,0.119,0.121,0.126,0.076,0.075,0.084,0.088,0.077,0.081,0.095,0.092,0.089,0.050,0.053,0.056,0.115,0.118,0.115,0.076,0.075,0.073,0.062,0.055,0.064,0.052,0.058,0.056,0.066,0.073,0.070,0.021,0.033,0.030,0.000,0.000,0.000,0.002,0.000,0.002,0.000,0.000,0.000,0.050,0.052,0.051,0.000,0.000,0.000,0.000,0.000,0.014,0.000,0.000,0.000,0.053,0.030,0.050,0.000,0.000,0.000,0.000,0.000,0.000,0.000,0.000,0.000,0.000,0.000,0.000,0.000,0.000,0.000,0.000,0.000,0.000,0.000,0.000,0.000,0.000,0.000,0.000,0.000,0.000,0.000,0.000,0.000,0.000,0.000,0.000,0.000,0.085,0.091,0.102,0.014,0.005,0.000,0.005,0.016,0.013,0.000,0.000,0.013,0.048,0.030,0.049,0.000,0.000,0.000,0.000,0.000,0.000,0.000,0.000,0.000,0.000,0.017,0.000,0.000,0.000,0.000,0.000,0.018,0.005,0.036,0.022,0.037,0.041,0.036,0.051,0.021,0.038,0.046,0.047,0.051,0.056,0.048,0.050,0.050,0.061,0.057,0.067,0.049,0.048,0.052,0.058,0.052,0.064,0.052,0.056,0.056,0.094,0.094,0.093,0.050,0.049,0.050,0.074,0.073,0.076,0.049,0.051,0.050,0.091,0.090,0.087,0.024,0.040,0.034,0.115,0.115,0.113,0.035,0.013,0.025,0.060,0.053,0.064,0.000,0.023,0.000,0.061,0.065,0.067,0.000,0.013,0.000,0.000,0.000,0.000,0.000,0.000,0.000,0.000,0.000,0.000,0.000,0.000,0.000,0.000,0.000,0.000,0.000,0.000,0.000,0.000,0.000,0.000,0.000,0.000,0.000,0.000,0.000,0.000,0.000,0.000,0.000,0.000,0.000,0.000,0.000,0.000,0.000,0.000,0.000,0.000,0.000,0.000,0.000,0.000,0.000,0.000,0.000,0.000,0.000,0.000,0.000,0.000
2025-07-06 22:43:06,237.167,237.123,237.110,0.000,0.000,0.000,2.043,2.043,2.037,0.300,0.301,0.296,0.089,0.099,0.095,1.085,1.087,1.083,0.045,0.052,0.034,1.107,1.099,1.098,0.049,0.049,0.055,1.168,1.175,1.167,0.023,0.029,0.036,0.314,0.305,0.310,0.035,0.022,0.027,0.122,0.121,0.122,0.046,0.046,0.040,0.327,0.323,0.328,0.053,0.054,0.054,0.067,0.063,0.062,0.054,0.059,0.056,0.195,0.199,0.189,0.065,0.063,0.068,0.143,0.142,0.138,0.068,0.068,0.066,0.067,0.064,0.068,0.099,0.092,0.097,0.122,0.123,0.121,0.079,0.072,0.079,0.072,0.080,0.076,0.092,0.092,0.090,0.056,0.054,0.057,0.120,0.120,0.116,0.069,0.076,0.064,0.060,0.060,0.063,0.059,0.060,0.058,0.067,0.076,0.072,0.041,0.039,0.047,0.000,0.000,0.023,0.005,0.009,0.028,0.000,0.000,0.000,0.059,0.054,0.059,0.000,0.000,0.013,0.013,0.014,0.008,0.000,0.000,0.000,0.049,0.048,0.046,0.000,0.000,0.000,0.000,0.000,0.000,0.000,0.000,0.000,0.000,0.000,0.000,0.000,0.000,0.000,0.000,0.000,0.000,0.000,0.000,0.000,0.000,0.000,0.000,0.000,0.000,0.000,0.000,0.000,0.000,0.000,0.000,0.000,0.105,0.110,0.099,0.000,0.031,0.000,0.022,0.025,0.022,0.000,0.000,0.000,0.033,0.043,0.040,0.000,0.000,0.000,0.000,0.000,0.000,0.000,0.000,0.000,0.000,0.008,0.000,0.000,0.000,0.000,0.013,0.000,0.014,0.028,0.013,0.027,0.026,0.026,0.031,0.042,0.026,0.033,0.048,0.047,0.047,0.044,0.051,0.050,0.062,0.060,0.064,0.046,0.047,0.047,0.058,0.058,0.056,0.056,0.054,0.060,0.095,0.092,0.093,0.055,0.046,0.050,0.076,0.072,0.074,0.052,0.049,0.049,0.093,0.093,0.089,0.044,0.038,0.043,0.117,0.115,0.112,0.027,0.038,0.018,0.060,0.060,0.061,0.000,0.008,0.014,0.063,0.071,0.065,0.000,0.000,0.000,0.000,0.000,0.000,0.000,0.000,0.000,0.000,0.000,0.000,0.000,0.000,0.000,0.000,0.000,0.000,0.000,0.000,0.000,0.000,0.000,0.000,0.000,0.000,0.000,0.000,0.000,0.000,0.000,0.000,0.000,0.000,0.000,0.000,0.000,0.000,0.000,0.000,0.000,0.000,0.000,0.000,0.000,0.000,0.000,0.000,0.000,0.000,0.000,0.000,0.000,0.000
2025-07-06 22:43:09,237.198,237.155,237.142,0.000,0.000,0.000,2.043,2.037,2.039,0.297,0.299,0.291,0.094,0.101,0.096,1.086,1.081,1.077,0.049,0.038,0.050,1.098,1.099,1.099,0.058,0.056,0.051,1.169,1.166,1.172,0.005,0.046,0.015,0.311,0.309,0.306,0.026,0.019,0.042,0.123,0.124,0.124,0.044,0.050,0.027,0.334,0.334,0.334,0.053,0.054,0.058,0.060,0.060,0.061,0.055,0.058,0.056,0.201,0.197,0.198,0.068,0.068,0.066,0.137,0.133,0.137,0.067,0.069,0.063,0.072,0.070,0.065,0.095,0.098,0.094,0.129,0.116,0.129,0.079,0.079,0.076,0.078,0.079,0.084,0.096,0.092,0.093,0.056,0.059,0.056,0.125,0.116,0.119,0.075,0.073,0.072,0.062,0.063,0.057,0.048,0.059,0.057,0.076,0.074,0.070,0.030,0.047,0.051,0.000,0.008,0.020,0.025,0.006,0.014,0.000,0.000,0.000,0.061,0.062,0.060,0.000,0.000,0.000,0.013,0.000,0.020,0.000,0.000,0.000,0.048,0.053,0.055,0.000,0.000,0.000,0.000,0.000,0.000,0.000,0.000,0.000,0.000,0.000,0.000,0.000,0.000,0.000,0.000,0.000,0.000,0.000,0.000,0.000,0.000,0.000,0.000,0.000,0.000,0.000,0.000,0.000,0.000,0.000,0.000,0.000,0.093,0.094,0.088,0.000,0.000,0.022,0.042,0.020,0.019,0.000,0.000,0.000,0.049,0.048,0.041,0.000,0.000,0.000,0.000,0.000,0.000,0.000,0.000,0.000,0.000,0.005,0.008,0.000,0.000,0.000,0.021,0.008,0.024,0.013,0.022,0.009,0.046,0.046,0.049,0.022,0.021,0.016,0.032,0.052,0.033,0.050,0.046,0.047,0.064,0.067,0.059,0.054,0.045,0.048,0.056,0.062,0.054,0.054,0.056,0.060,0.092,0.098,0.093,0.052,0.049,0.050,0.070,0.076,0.072,0.051,0.052,0.051,0.095,0.091,0.090,0.028,0.047,0.047,0.117,0.110,0.115,0.042,0.022,0.009,0.061,0.060,0.055,0.000,0.019,0.008,0.065,0.066,0.064,0.000,0.000,0.000,0.000,0.000,0.000,0.000,0.000,0.000,0.000,0.000,0.000,0.000,0.000,0.000,0.000,0.000,0.000,0.000,0.000,0.000,0.000,0.000,0.000,0.000,0.000,0.000,0.000,0.000,0.000,0.000,0.000,0.000,0.000,0.000,0.000,0.000,0.000,0.000,0.000,0.000,0.000,0.000,0.000,0.000,0.000,0.000,0.000,0.000,0.000,0.000,0.000,0.000,0.000
2025-07-06 22:43:12,237.299,237.254,237.242,0.000,0.000,0.000,2.030,2.026,2.020,0.292,0.287,0.293,0.095,0.098,0.092,1.089,1.083,1.079,0.050,0.049,0.048,1.089,1.088,1.085,0.053,0.050,0.051,1.160,1.158,1.158,0.022,0.014,0.000,0.305,0.304,0.307,0.020,0.008,0.005,0.116,0.115,0.118,0.047,0.034,0.045,0.331,0.337,0.332,0.052,0.055,0.054,0.053,0.059,0.060,0.052,0.054,0.052,0.181,0.190,0.176,0.067,0.065,0.068,0.139,0.140,0.143,0.065,0.063,0.068,0.063,0.063,0.066,0.099,0.094,0.096,0.114,0.117,0.111,0.078,0.077,0.080,0.083,0.086,0.077,0.092,0.090,0.091,0.062,0.059,0.067,0.125,0.117,0.123,0.069,0.071,0.066,0.056,0.059,0.055,0.053,0.057,0.060,0.071,0.074,0.068,0.048,0.054,0.059,0.000,0.019,0.000,0.006,0.013,0.005,0.000,0.000,0.000,0.062,0.062,0.061,0.000,0.000,0.000,0.000,0.000,0.000,0.000,0.000,0.000,0.053,0.055,0.055,0.000,0.000,0.000,0.000,0.000,0.000,0.000,0.000,0.000,0.000,0.000,0.008,0.000,0.000,0.000,0.000,0.000,0.000,0.000,0.000,0.000,0.000,0.000,0.000,0.000,0.000,0.000,0.000,0.000,0.000,0.000,0.000,0.000,0.088,0.088,0.082,0.013,0.000,0.019,0.005,0.014,0.015,0.000,0.000,0.000,0.046,0.046,0.047,0.000,0.000,0.000,0.000,0.000,0.000,0.000,0.000,0.000,0.000,0.000,0.005,0.000,0.000,0.000,0.019,0.014,0.020,0.008,0.020,0.020,0.041,0.043,0.030,0.009,0.022,0.032,0.029,0.049,0.031,0.034,0.035,0.047,0.065,0.062,0.065,0.049,0.046,0.035,0.058,0.048,0.059,0.053,0.055,0.056,0.097,0.091,0.094,0.054,0.051,0.052,0.074,0.071,0.072,0.049,0.051,0.051,0.093,0.091,0.090,0.028,0.043,0.035,0.123,0.112,0.117,0.029,0.022,0.036,0.055,0.057,0.052,0.000,0.000,0.023,0.068,0.069,0.063,0.000,0.000,0.000,0.000,0.000,0.000,0.000,0.000,0.000,0.000,0.000,0.000,0.000,0.000,0.000,0.000,0.000,0.000,0.000,0.000,0.000,0.000,0.000,0.000,0.000,0.000,0.000,0.000,0.000,0.000,0.000,0.000,0.000,0.000,0.000,0.000,0.000,0.000,0.000,0.000,0.000,0.000,0.000,0.000,0.000,0.000,0.000,0.000,0.000,0.000,0.000,0.000,0.000,0.000
2025-07-06 22:43:15,237.290,237.246,237.233,0.000,0.000,0.000,2.012,2.011,2.002,0.289,0.290,0.297,0.091,0.094,0.101,1.065,1.070,1.064,0.049,0.049,0.049,1.083,1.079,1.075,0.051,0.048,0.049,1.157,1.155,1.148,0.033,0.041,0.026,0.302,0.303,0.301,0.013,0.005,0.014,0.114,0.112,0.114,0.044,0.029,0.048,0.334,0.333,0.334,0.051,0.050,0.054,0.055,0.062,0.052,0.054,0.052,0.062,0.184,0.174,0.175,0.070,0.064,0.066,0.142,0.142,0.142,0.064,0.069,0.074,0.061,0.071,0.063,0.104,0.092,0.096,0.126,0.121,0.124,0.078,0.083,0.088,0.083,0.082,0.083,0.092,0.090,0.089,0.063,0.071,0.065,0.122,0.121,0.120,0.064,0.061,0.062,0.052,0.062,0.056,0.053,0.058,0.055,0.073,0.076,0.068,0.054,0.059,0.058,0.000,0.008,0.000,0.015,0.036,0.024,0.000,0.000,0.000,0.059,0.061,0.056,0.008,0.009,0.000,0.013,0.000,0.000,0.000,0.000,0.000,0.054,0.037,0.050,0.000,0.000,0.000,0.000,0.000,0.000,0.000,0.000,0.000,0.000,0.000,0.005,0.000,0.000,0.000,0.000,0.000,0.000,0.000,0.000,0.000,0.000,0.000,0.000,0.000,0.000,0.000,0.000,0.000,0.000,0.000,0.000,0.000,0.087,0.089,0.094,0.000,0.000,0.013,0.021,0.008,0.035,0.000,0.000,0.000,0.047,0.045,0.045,0.000,0.000,0.000,0.000,0.000,0.000,0.000,0.000,0.000,0.000,0.000,0.000,0.000,0.000,0.000,0.000,0.019,0.000,0.021,0.000,0.022,0.034,0.030,0.044,0.021,0.029,0.023,0.032,0.046,0.050,0.036,0.048,0.039,0.065,0.063,0.063,0.052,0.034,0.047,0.041,0.052,0.062,0.053,0.054,0.052,0.101,0.093,0.095,0.054,0.048,0.052,0.071,0.071,0.077,0.037,0.056,0.048,0.091,0.091,0.089,0.025,0.031,0.043,0.116,0.116,0.117,0.030,0.044,0.035,0.052,0.063,0.054,0.015,0.008,0.021,0.066,0.070,0.061,0.000,0.000,0.014,0.000,0.000,0.000,0.000,0.000,0.000,0.000,0.000,0.000,0.000,0.000,0.000,0.000,0.000,0.000,0.000,0.000,0.000,0.000,0.000,0.000,0.000,0.000,0.000,0.000,0.000,0.000,0.000,0.000,0.000,0.000,0.000,0.000,0.000,0.000,0.000,0.000,0.000,0.000,0.000,0.000,0.000,0.000,0.000,0.000,0.000,0.000,0.000,0.000,0.000,0.000
2025-07-06 22:43:18,237.062,237.018,237.006,0.000,0.000,0.000,2.043,2.033,2.036,0.552,0.301,0.315,0.138,0.091,0.102,1.093,1.088,1.083,0.062,0.049,0.051,1.092,1.096,1.100,0.054,0.050,0.054,1.171,1.162,1.167,0.036,0.019,0.014,0.304,0.300,0.302,0.000,0.000,0.027,0.105,0.105,0.106,0.045,0.048,0.049,0.333,0.333,0.325,0.051,0.056,0.054,0.064,0.061,0.068,0.059,0.066,0.060,0.178,0.187,0.183,0.066,0.071,0.067,0.140,0.133,0.133,0.066,0.070,0.064,0.074,0.066,0.074,0.085,0.097,0.087,0.129,0.131,0.125,0.080,0.075,0.082,0.077,0.077,0.074,0.081,0.098,0.087,0.063,0.053,0.061,0.120,0.119,0.119,0.065,0.064,0.065,0.060,0.062,0.066,0.061,0.061,0.067,0.064,0.067,0.073,0.053,0.048,0.051,0.000,0.005,0.015,0.026,0.037,0.033,0.000,0.000,0.000,0.060,0.059,0.063,0.005,0.006,0.000,0.008,0.013,0.008,0.000,0.000,0.000,0.046,0.048,0.049,0.000,0.000,0.000,0.000,0.000,0.000,0.000,0.000,0.000,0.000,0.000,0.000,0.000,0.000,0.000,0.000,0.000,0.000,0.000,0.000,0.000,0.000,0.000,0.000,0.000,0.000,0.000,0.000,0.000,0.000,0.016,0.000,0.013,0.405,0.094,0.121,0.046,0.016,0.013,0.039,0.025,0.036,0.023,0.000,0.000,0.050,0.045,0.046,0.014,0.000,0.000,0.000,0.000,0.000,0.000,0.000,0.000,0.000,0.000,0.000,0.000,0.000,0.000,0.000,0.015,0.024,0.017,0.016,0.018,0.039,0.049,0.049,0.015,0.027,0.029,0.049,0.058,0.056,0.053,0.036,0.041,0.061,0.065,0.063,0.053,0.049,0.048,0.056,0.062,0.060,0.053,0.053,0.053,0.086,0.097,0.084,0.047,0.048,0.051,0.075,0.067,0.076,0.043,0.050,0.052,0.083,0.100,0.089,0.024,0.043,0.043,0.117,0.113,0.117,0.029,0.014,0.031,0.056,0.060,0.064,0.018,0.014,0.041,0.060,0.067,0.067,0.000,0.000,0.013,0.000,0.000,0.000,0.000,0.000,0.000,0.000,0.000,0.000,0.000,0.000,0.000,0.000,0.000,0.000,0.000,0.000,0.000,0.000,0.000,0.000,0.000,0.000,0.000,0.000,0.000,0.000,0.000,0.000,0.000,0.000,0.000,0.000,0.000,0.000,0.000,0.000,0.000,0.000,0.000,0.000,0.000,0.000,0.000,0.000,0.000,0.000,0.000,0.000,0.000,0.000
2025-07-06 22:43:21,237.038,236.994,236.982,0.000,0.000,0.000,2.042,2.044,2.044,0.295,0.299,0.292,0.095,0.093,0.101,1.086,1.086,1.081,0.054,0.039,0.059,1.102,1.107,1.104,0.054,0.050,0.047,1.181,1.182,1.186,0.021,0.008,0.013,0.293,0.294,0.292,0.013,0.013,0.027,0.090,0.091,0.089,0.047,0.045,0.050,0.313,0.314,0.315,0.062,0.061,0.062,0.072,0.074,0.073,0.064,0.058,0.060,0.172,0.176,0.179,0.074,0.074,0.075,0.145,0.145,0.148,0.068,0.066,0.060,0.063,0.068,0.066,0.095,0.102,0.090,0.123,0.123,0.132,0.079,0.075,0.074,0.077,0.067,0.071,0.088,0.095,0.088,0.055,0.053,0.036,0.116,0.118,0.113,0.070,0.062,0.072,0.067,0.058,0.065,0.061,0.064,0.059,0.066,0.068,0.068,0.047,0.033,0.044,0.000,0.000,0.000,0.031,0.008,0.032,0.000,0.000,0.000,0.055,0.058,0.057,0.000,0.000,0.000,0.014,0.013,0.026,0.000,0.000,0.000,0.047,0.052,0.045,0.000,0.000,0.000,0.000,0.000,0.000,0.000,0.000,0.000,0.000,0.000,0.000,0.000,0.000,0.000,0.000,0.000,0.000,0.000,0.000,0.000,0.000,0.000,0.000,0.000,0.000,0.000,0.000,0.000,0.000,0.000,0.000,0.000,0.091,0.088,0.094,0.000,0.015,0.000,0.023,0.024,0.027,0.000,0.000,0.000,0.046,0.046,0.043,0.000,0.000,0.000,0.000,0.000,0.000,0.000,0.000,0.000,0.000,0.000,0.000,0.000,0.000,0.000,0.000,0.000,0.019,0.000,0.029,0.013,0.049,0.047,0.048,0.042,0.044,0.028,0.053,0.051,0.050,0.051,0.053,0.045,0.069,0.069,0.067,0.033,0.032,0.048,0.057,0.060,0.049,0.055,0.056,0.053,0.090,0.101,0.085,0.050,0.050,0.055,0.070,0.070,0.071,0.055,0.049,0.051,0.088,0.094,0.086,0.047,0.032,0.031,0.113,0.117,0.107,0.030,0.005,0.045,0.063,0.058,0.064,0.021,0.005,0.005,0.059,0.067,0.066,0.013,0.000,0.000,0.000,0.000,0.000,0.000,0.000,0.000,0.000,0.000,0.000,0.000,0.000,0.000,0.000,0.000,0.000,0.000,0.000,0.000,0.000,0.000,0.000,0.000,0.000,0.000,0.000,0.000,0.000,0.000,0.000,0.000,0.000,0.000,0.000,0.000,0.000,0.000,0.000,0.000,0.000,0.000,0.000,0.000,0.000,0.000,0.000,0.000,0.000,0.000,0.000,0.000,0.000
2025-07-06 22:43:24,236.973,236.930,236.917,0.000,0.000,0.000,2.042,2.049,2.049,0.294,0.290,0.305,0.096,0.098,0.097,1.062,1.069,1.069,0.037,0.052,0.055,1.113,1.115,1.109,0.050,0.050,0.054,1.195,1.195,1.200,0.022,0.032,0.024,0.289,0.290,0.294,0.000,0.013,0.014,0.093,0.094,0.084,0.050,0.050,0.047,0.315,0.320,0.327,0.063,0.059,0.052,0.069,0.072,0.077,0.058,0.060,0.054,0.171,0.179,0.172,0.074,0.068,0.063,0.134,0.142,0.136,0.070,0.063,0.068,0.068,0.061,0.068,0.096,0.097,0.100,0.125,0.133,0.123,0.077,0.077,0.072,0.073,0.072,0.068,0.094,0.088,0.094,0.059,0.055,0.061,0.113,0.117,0.111,0.063,0.073,0.068,0.067,0.059,0.059,0.062,0.057,0.066,0.069,0.065,0.070,0.049,0.034,0.050,0.000,0.000,0.000,0.035,0.037,0.015,0.000,0.014,0.000,0.059,0.061,0.061,0.000,0.000,0.000,0.013,0.008,0.013,0.000,0.000,0.000,0.050,0.050,0.053,0.000,0.000,0.000,0.000,0.000,0.000,0.000,0.000,0.000,0.000,0.000,0.000,0.000,0.000,0.000,0.000,0.000,0.000,0.000,0.000,0.000,0.000,0.000,0.000,0.000,0.000,0.000,0.000,0.000,0.000,0.000,0.000,0.019,0.091,0.093,0.116,0.000,0.013,0.014,0.019,0.022,0.026,0.000,0.000,0.000,0.045,0.045,0.050,0.000,0.000,0.000,0.000,0.000,0.000,0.000,0.000,0.000,0.000,0.000,0.014,0.000,0.000,0.000,0.014,0.014,0.009,0.009,0.022,0.021,0.036,0.044,0.047,0.024,0.036,0.014,0.051,0.049,0.050,0.049,0.053,0.047,0.065,0.045,0.059,0.046,0.037,0.047,0.063,0.057,0.054,0.055,0.052,0.056,0.088,0.088,0.096,0.051,0.052,0.052,0.072,0.075,0.071,0.051,0.045,0.047,0.091,0.087,0.091,0.046,0.031,0.033,0.111,0.115,0.108,0.020,0.015,0.021,0.064,0.060,0.058,0.005,0.008,0.000,0.067,0.062,0.066,0.000,0.000,0.000,0.000,0.000,0.000,0.000,0.000,0.000,0.000,0.000,0.000,0.000,0.000,0.000,0.000,0.000,0.000,0.000,0.000,0.000,0.000,0.000,0.000,0.000,0.000,0.000,0.000,0.000,0.000,0.000,0.000,0.000,0.000,0.000,0.000,0.000,0.000,0.000,0.000,0.000,0.000,0.000,0.000,0.000,0.000,0.000,0.000,0.000,0.000,0.000,0.000,0.000,0.000
2025-07-06 22:43:27,237.019,236.976,236.963,0.000,0.000,0.000,2.047,2.044,2.046,0.296,0.287,0.297,0.093,0.095,0.094,1.049,1.055,1.060,0.052,0.048,0.048,1.107,1.112,1.100,0.051,0.049,0.052,1.214,1.207,1.211,0.029,0.029,0.042,0.292,0.297,0.287,0.014,0.000,0.028,0.090,0.086,0.086,0.049,0.049,0.051,0.324,0.318,0.327,0.056,0.059,0.058,0.074,0.077,0.073,0.059,0.059,0.058,0.180,0.167,0.179,0.076,0.069,0.071,0.140,0.144,0.133,0.070,0.068,0.069,0.060,0.067,0.059,0.100,0.096,0.105,0.121,0.117,0.117,0.075,0.075,0.079,0.088,0.073,0.075,0.097,0.086,0.096,0.059,0.063,0.060,0.115,0.110,0.118,0.068,0.064,0.071,0.066,0.061,0.056,0.064,0.070,0.060,0.071,0.059,0.070,0.051,0.047,0.049,0.000,0.000,0.000,0.014,0.013,0.034,0.000,0.000,0.000,0.054,0.059,0.056,0.000,0.000,0.000,0.005,0.018,0.005,0.000,0.000,0.000,0.051,0.053,0.051,0.000,0.000,0.000,0.000,0.000,0.000,0.000,0.000,0.000,0.000,0.000,0.014,0.000,0.000,0.000,0.000,0.000,0.000,0.000,0.000,0.000,0.000,0.000,0.000,0.000,0.000,0.000,0.000,0.000,0.000,0.000,0.000,0.000,0.083,0.093,0.088,0.000,0.013,0.014,0.014,0.014,0.015,0.000,0.000,0.000,0.047,0.044,0.033,0.000,0.000,0.000,0.000,0.000,0.000,0.000,0.000,0.000,0.000,0.000,0.000,0.000,0.000,0.000,0.022,0.013,0.019,0.006,0.020,0.005,0.047,0.034,0.047,0.036,0.039,0.040,0.052,0.050,0.048,0.050,0.048,0.049,0.069,0.063,0.065,0.050,0.042,0.049,0.062,0.060,0.059,0.054,0.056,0.053,0.093,0.093,0.102,0.049,0.049,0.052,0.071,0.074,0.077,0.053,0.045,0.049,0.094,0.085,0.094,0.035,0.030,0.030,0.112,0.109,0.116,0.023,0.022,0.028,0.065,0.059,0.057,0.000,0.005,0.000,0.069,0.056,0.065,0.000,0.000,0.000,0.000,0.000,0.000,0.000,0.000,0.000,0.000,0.000,0.000,0.000,0.000,0.000,0.000,0.000,0.000,0.000,0.000,0.000,0.000,0.000,0.000,0.000,0.000,0.000,0.000,0.000,0.000,0.000,0.000,0.000,0.000,0.000,0.000,0.000,0.000,0.000,0.000,0.000,0.000,0.000,0.000,0.000,0.000,0.000,0.000,0.000,0.000,0.000,0.000,0.000,0.000
2025-07-06 22:43:30,237.079,237.035,237.023,0.000,0.000,0.000,2.042,2.046,2.036,0.299,0.293,0.342,0.094,0.093,0.098,1.055,1.065,1.056,0.031,0.051,0.046,1.097,1.098,1.078,0.049,0.049,0.056,1.211,1.210,1.222,0.028,0.027,0.020,0.299,0.301,0.295,0.015,0.021,0.000,0.085,0.085,0.077,0.048,0.049,0.053,0.324,0.319,0.318,0.058,0.057,0.054,0.074,0.073,0.081,0.058,0.059,0.055,0.169,0.174,0.167,0.072,0.071,0.071,0.142,0.141,0.139,0.065,0.072,0.068,0.065,0.066,0.058,0.095,0.096,0.098,0.115,0.124,0.117,0.076,0.071,0.085,0.077,0.079,0.075,0.096,0.091,0.094,0.070,0.062,0.059,0.122,0.112,0.121,0.068,0.067,0.061,0.054,0.061,0.060,0.060,0.059,0.063,0.069,0.068,0.066,0.052,0.041,0.049,0.000,0.000,0.000,0.037,0.022,0.009,0.000,0.000,0.000,0.049,0.046,0.046,0.000,0.000,0.000,0.008,0.008,0.008,0.000,0.000,0.000,0.049,0.050,0.048,0.000,0.000,0.000,0.000,0.000,0.000,0.000,0.000,0.000,0.013,0.000,0.000,0.000,0.000,0.000,0.000,0.000,0.000,0.000,0.000,0.000,0.000,0.000,0.000,0.000,0.000,0.000,0.000,0.000,0.000,0.000,0.000,0.016,0.094,0.090,0.158,0.000,0.000,0.030,0.022,0.008,0.015,0.000,0.000,0.016,0.046,0.042,0.048,0.000,0.000,0.000,0.000,0.000,0.000,0.000,0.000,0.000,0.000,0.000,0.000,0.000,0.000,0.000,0.005,0.000,0.036,0.039,0.023,0.023,0.045,0.034,0.044,0.045,0.044,0.027,0.039,0.049,0.049,0.055,0.055,0.046,0.068,0.065,0.069,0.052,0.049,0.047,0.040,0.060,0.062,0.056,0.060,0.055,0.094,0.095,0.094,0.049,0.053,0.052,0.071,0.066,0.081,0.049,0.049,0.054,0.093,0.091,0.092,0.031,0.045,0.030,0.121,0.109,0.119,0.014,0.029,0.013,0.055,0.057,0.058,0.000,0.013,0.021,0.067,0.066,0.064,0.014,0.000,0.000,0.000,0.000,0.000,0.000,0.000,0.000,0.000,0.000,0.000,0.000,0.000,0.000,0.000,0.000,0.000,0.000,0.000,0.000,0.000,0.000,0.000,0.000,0.000,0.000,0.000,0.000,0.000,0.000,0.000,0.000,0.000,0.000,0.000,0.000,0.000,0.000,0.000,0.000,0.000,0.000,0.000,0.000,0.000,0.000,0.000,0.000,0.000,0.000,0.000,0.000,0.000
2025-07-06 22:43:33,237.263,237.219,237.207,0.000,0.000,0.000,2.024,2.018,2.013,0.298,0.297,0.288,0.102,0.102,0.102,1.034,1.034,1.024,0.025,0.033,0.052,1.081,1.075,1.081,0.056,0.047,0.046,1.211,1.209,1.206,0.019,0.037,0.014,0.298,0.290,0.294,0.008,0.005,0.000,0.093,0.097,0.096,0.050,0.047,0.048,0.333,0.326,0.323,0.052,0.058,0.060,0.067,0.067,0.072,0.059,0.053,0.056,0.175,0.173,0.172,0.064,0.069,0.073,0.135,0.131,0.138,0.062,0.065,0.065,0.067,0.066,0.066,0.093,0.098,0.085,0.131,0.126,0.128,0.075,0.078,0.078,0.078,0.081,0.080,0.092,0.095,0.084,0.060,0.059,0.056,0.119,0.117,0.116,0.059,0.061,0.062,0.057,0.064,0.062,0.057,0.056,0.060,0.071,0.071,0.065,0.054,0.050,0.055,0.009,0.008,0.000,0.053,0.048,0.053,0.000,0.000,0.000,0.053,0.054,0.054,0.000,0.000,0.000,0.019,0.014,0.005,0.000,0.000,0.000,0.029,0.033,0.027,0.000,0.000,0.000,0.000,0.000,0.000,0.000,0.000,0.000,0.000,0.000,0.000,0.000,0.000,0.000,0.000,0.000,0.000,0.000,0.000,0.000,0.000,0.000,0.013,0.000,0.000,0.000,0.000,0.000,0.000,0.000,0.000,0.000,0.098,0.095,0.087,0.022,0.022,0.000,0.020,0.020,0.000,0.000,0.000,0.000,0.048,0.041,0.031,0.000,0.000,0.000,0.000,0.000,0.000,0.000,0.000,0.000,0.000,0.000,0.000,0.000,0.000,0.000,0.027,0.014,0.020,0.043,0.014,0.005,0.037,0.045,0.049,0.035,0.030,0.031,0.046,0.047,0.053,0.050,0.037,0.047,0.064,0.064,0.068,0.050,0.046,0.050,0.057,0.058,0.060,0.051,0.056,0.054,0.095,0.093,0.084,0.052,0.054,0.037,0.072,0.073,0.074,0.050,0.053,0.050,0.092,0.097,0.085,0.029,0.030,0.031,0.115,0.112,0.112,0.013,0.020,0.037,0.056,0.064,0.059,0.000,0.000,0.014,0.064,0.065,0.062,0.000,0.000,0.014,0.000,0.000,0.000,0.000,0.000,0.000,0.000,0.000,0.000,0.000,0.000,0.000,0.000,0.000,0.000,0.000,0.000,0.000,0.000,0.000,0.000,0.000,0.000,0.000,0.000,0.000,0.000,0.000,0.000,0.000,0.000,0.000,0.000,0.000,0.000,0.000,0.000,0.000,0.000,0.000,0.000,0.000,0.000,0.000,0.000,0.000,0.000,0.000,0.000,0.000,0.000
2025-07-06 22:43:36,237.405,237.361,237.349,0.000,0.000,0.000,2.027,2.022,2.021,0.289,0.291,0.294,0.105,0.100,0.101,1.051,1.049,1.049,0.044,0.048,0.036,1.074,1.071,1.068,0.049,0.051,0.047,1.207,1.206,1.207,0.029,0.027,0.024,0.297,0.295,0.294,0.027,0.028,0.008,0.088,0.092,0.088,0.048,0.046,0.046,0.333,0.324,0.328,0.057,0.057,0.057,0.062,0.067,0.074,0.057,0.055,0.059,0.180,0.175,0.168,0.070,0.063,0.071,0.128,0.131,0.133,0.062,0.067,0.066,0.064,0.068,0.068,0.091,0.089,0.091,0.129,0.126,0.125,0.079,0.077,0.082,0.083,0.079,0.076,0.084,0.093,0.089,0.053,0.053,0.058,0.122,0.118,0.124,0.061,0.065,0.062,0.057,0.063,0.066,0.060,0.059,0.059,0.064,0.071,0.070,0.050,0.048,0.050,0.020,0.019,0.038,0.044,0.044,0.030,0.000,0.000,0.000,0.058,0.060,0.057,0.000,0.000,0.000,0.008,0.005,0.000,0.000,0.000,0.000,0.053,0.051,0.047,0.000,0.000,0.000,0.000,0.000,0.000,0.000,0.000,0.000,0.000,0.000,0.000,0.000,0.000,0.000,0.000,0.000,0.000,0.000,0.000,0.000,0.013,0.000,0.000,0.000,0.000,0.000,0.000,0.000,0.000,0.000,0.000,0.000,0.091,0.092,0.087,0.005,0.005,0.015,0.000,0.000,0.023,0.000,0.000,0.000,0.045,0.046,0.028,0.000,0.000,0.000,0.000,0.000,0.000,0.000,0.000,0.000,0.000,0.000,0.000,0.000,0.000,0.000,0.009,0.000,0.008,0.021,0.005,0.022,0.039,0.038,0.046,0.037,0.032,0.047,0.049,0.036,0.049,0.049,0.050,0.054,0.062,0.058,0.066,0.051,0.053,0.035,0.041,0.058,0.055,0.055,0.060,0.057,0.091,0.088,0.089,0.048,0.049,0.053,0.072,0.070,0.074,0.054,0.055,0.050,0.085,0.092,0.091,0.021,0.043,0.023,0.116,0.110,0.115,0.028,0.038,0.023,0.056,0.062,0.063,0.013,0.014,0.020,0.057,0.066,0.061,0.013,0.000,0.000,0.000,0.000,0.000,0.000,0.000,0.000,0.000,0.000,0.000,0.000,0.000,0.000,0.000,0.000,0.000,0.000,0.000,0.000,0.000,0.000,0.000,0.000,0.000,0.000,0.000,0.000,0.000,0.000,0.000,0.000,0.000,0.000,0.000,0.000,0.000,0.000,0.000,0.000,0.000,0.000,0.000,0.000,0.000,0.000,0.000,0.000,0.000,0.000,0.000,0.000,0.000
2025-07-06 22:43:39,237.442,237.398,237.385,0.000,0.000,0.000,2.019,2.022,2.015,0.289,0.299,0.290,0.095,0.094,0.095,1.047,1.048,1.045,0.039,0.047,0.048,1.067,1.068,1.069,0.053,0.050,0.054,1.210,1.211,1.206,0.000,0.043,0.006,0.290,0.297,0.294,0.005,0.013,0.040,0.092,0.092,0.094,0.033,0.048,0.049,0.326,0.325,0.322,0.055,0.056,0.059,0.072,0.068,0.064,0.056,0.056,0.063,0.173,0.168,0.162,0.066,0.068,0.076,0.137,0.127,0.126,0.064,0.067,0.072,0.065,0.067,0.060,0.089,0.101,0.097,0.124,0.119,0.117,0.075,0.082,0.082,0.081,0.078,0.080,0.085,0.094,0.091,0.061,0.060,0.061,0.119,0.120,0.112,0.066,0.062,0.059,0.055,0.060,0.059,0.059,0.060,0.057,0.066,0.078,0.062,0.052,0.050,0.052,0.008,0.000,0.005,0.028,0.020,0.020,0.000,0.000,0.000,0.054,0.056,0.053,0.000,0.000,0.000,0.005,0.000,0.000,0.000,0.000,0.000,0.052,0.052,0.055,0.000,0.000,0.000,0.000,0.000,0.000,0.000,0.000,0.000,0.000,0.000,0.000,0.000,0.000,0.000,0.000,0.000,0.000,0.000,0.000,0.000,0.000,0.000,0.000,0.000,0.000,0.000,0.000,0.000,0.000,0.000,0.000,0.000,0.085,0.088,0.086,0.008,0.000,0.000,0.013,0.008,0.005,0.000,0.000,0.000,0.046,0.045,0.045,0.000,0.000,0.000,0.000,0.000,0.000,0.000,0.000,0.000,0.000,0.000,0.000,0.000,0.000,0.000,0.006,0.023,0.032,0.023,0.028,0.019,0.045,0.035,0.048,0.046,0.045,0.031,0.033,0.038,0.050,0.056,0.055,0.050,0.059,0.065,0.071,0.055,0.050,0.050,0.056,0.058,0.058,0.057,0.053,0.052,0.086,0.098,0.094,0.055,0.051,0.053,0.071,0.079,0.075,0.051,0.050,0.049,0.085,0.094,0.091,0.038,0.043,0.029,0.114,0.114,0.108,0.037,0.006,0.023,0.054,0.062,0.059,0.008,0.008,0.000,0.061,0.073,0.057,0.000,0.000,0.000,0.000,0.000,0.000,0.000,0.000,0.000,0.000,0.000,0.000,0.000,0.000,0.000,0.000,0.000,0.000,0.000,0.000,0.000,0.000,0.000,0.000,0.000,0.000,0.000,0.000,0.000,0.000,0.000,0.000,0.000,0.000,0.000,0.000,0.000,0.000,0.000,0.000,0.000,0.000,0.000,0.000,0.000,0.000,0.000,0.000,0.000,0.000,0.000,0.000,0.000,0.000
2025-07-06 22:43:42,237.196,237.153,237.139,0.000,0.000,0.000,2.021,2.016,2.012,0.278,0.266,0.259,0.143,0.106,0.092,1.042,1.038,1.034,0.035,0.049,0.037,1.069,1.070,1.068,0.057,0.047,0.026,1.209,1.203,1.206,0.014,0.022,0.009,0.288,0.291,0.289,0.031,0.011,0.019,0.096,0.096,0.098,0.045,0.042,0.031,0.341,0.343,0.342,0.055,0.036,0.047,0.070,0.072,0.066,0.060,0.049,0.056,0.176,0.179,0.179,0.067,0.071,0.064,0.127,0.126,0.119,0.058,0.066,0.068,0.066,0.071,0.070,0.091,0.106,0.099,0.112,0.116,0.112,0.072,0.081,0.077,0.072,0.066,0.072,0.084,0.094,0.091,0.070,0.075,0.073,0.112,0.110,0.102,0.048,0.054,0.043,0.055,0.058,0.056,0.066,0.058,0.065,0.065,0.068,0.059,0.061,0.066,0.066,0.018,0.014,0.030,0.005,0.013,0.029,0.000,0.000,0.000,0.061,0.061,0.061,0.000,0.000,0.014,0.000,0.000,0.000,0.000,0.000,0.000,0.056,0.054,0.056,0.000,0.000,0.000,0.000,0.000,0.000,0.000,0.000,0.000,0.000,0.000,0.000,0.000,0.000,0.000,0.000,0.000,0.000,0.000,0.000,0.000,0.000,0.000,0.014,0.000,0.000,0.000,0.000,0.000,0.000,0.000,0.000,0.000,0.095,0.076,0.053,0.045,0.000,0.000,0.014,0.005,0.000,0.000,0.000,0.000,0.019,0.018,0.006,0.000,0.000,0.000,0.000,0.000,0.000,0.000,0.000,0.000,0.000,0.000,0.013,0.000,0.000,0.000,0.000,0.005,0.014,0.019,0.000,0.014,0.036,0.014,0.038,0.035,0.006,0.021,0.037,0.030,0.040,0.050,0.021,0.038,0.058,0.059,0.053,0.053,0.023,0.040,0.051,0.054,0.050,0.043,0.040,0.048,0.087,0.100,0.091,0.043,0.051,0.047,0.067,0.068,0.067,0.032,0.043,0.046,0.087,0.092,0.090,0.032,0.043,0.030,0.111,0.106,0.100,0.022,0.042,0.020,0.050,0.056,0.053,0.005,0.005,0.000,0.063,0.064,0.042,0.000,0.000,0.000,0.000,0.000,0.000,0.000,0.000,0.000,0.000,0.000,0.000,0.000,0.000,0.000,0.000,0.000,0.000,0.000,0.000,0.000,0.000,0.000,0.000,0.000,0.000,0.000,0.000,0.000,0.000,0.000,0.000,0.000,0.000,0.000,0.000,0.000,0.000,0.000,0.000,0.000,0.000,0.000,0.000,0.000,0.000,0.000,0.000,0.000,0.000,0.000,0.000,0.000,0.000
2025-07-06 22:43:45,237.076,237.032,237.020,0.000,0.000,0.000,1.990,1.990,1.988,0.198,0.193,0.185,0.090,0.069,0.064,1.021,1.020,1.025,0.042,0.027,0.031,1.049,1.048,1.047,0.018,0.054,0.043,1.193,1.190,1.190,0.015,0.000,0.006,0.289,0.288,0.288,0.000,0.007,0.014,0.101,0.093,0.101,0.035,0.037,0.014,0.360,0.367,0.354,0.049,0.034,0.035,0.076,0.088,0.082,0.055,0.053,0.031,0.190,0.212,0.196,0.066,0.058,0.065,0.135,0.137,0.143,0.055,0.061,0.061,0.067,0.058,0.071,0.098,0.095,0.087,0.111,0.120,0.130,0.067,0.069,0.074,0.049,0.074,0.070,0.083,0.091,0.086,0.068,0.049,0.040,0.119,0.111,0.107,0.021,0.035,0.032,0.035,0.058,0.053,0.061,0.057,0.054,0.067,0.066,0.059,0.070,0.057,0.057,0.014,0.000,0.000,0.000,0.000,0.000,0.000,0.000,0.016,0.067,0.058,0.058,0.000,0.000,0.000,0.000,0.000,0.000,0.000,0.000,0.000,0.056,0.054,0.053,0.000,0.000,0.000,0.000,0.000,0.000,0.000,0.000,0.000,0.000,0.000,0.000,0.000,0.000,0.000,0.000,0.000,0.000,0.000,0.000,0.000,0.000,0.008,0.000,0.000,0.000,0.000,0.000,0.000,0.000,0.000,0.000,0.000,0.047,0.023,0.022,0.005,0.000,0.000,0.000,0.000,0.000,0.000,0.000,0.000,0.000,0.000,0.000,0.000,0.000,0.000,0.000,0.000,0.000,0.000,0.000,0.000,0.000,0.000,0.000,0.000,0.000,0.000,0.000,0.000,0.000,0.000,0.000,0.000,0.000,0.000,0.000,0.000,0.000,0.000,0.000,0.000,0.000,0.005,0.000,0.016,0.006,0.014,0.027,0.005,0.014,0.000,0.020,0.044,0.023,0.000,0.000,0.013,0.084,0.076,0.075,0.013,0.021,0.000,0.055,0.053,0.054,0.006,0.000,0.005,0.080,0.080,0.075,0.013,0.005,0.000,0.106,0.099,0.101,0.019,0.020,0.000,0.032,0.049,0.044,0.000,0.000,0.000,0.062,0.059,0.055,0.000,0.000,0.000,0.000,0.000,0.000,0.000,0.000,0.000,0.000,0.000,0.000,0.000,0.000,0.000,0.000,0.000,0.000,0.000,0.000,0.000,0.000,0.000,0.000,0.000,0.000,0.000,0.000,0.000,0.000,0.000,0.000,0.000,0.000,0.000,0.000,0.000,0.000,0.000,0.000,0.000,0.000,0.000,0.000,0.000,0.000,0.000,0.000,0.000,0.000,0.000,0.000,0.000,0.000
2025-07-06 22:43:48,236.913,236.869,236.856,0.000,0.000,0.000,2.004,2.002,2.003,0.204,0.194,0.182,0.065,0.076,0.061,1.019,1.014,1.013,0.029,0.029,0.014,1.065,1.061,1.068,0.021,0.022,0.022,1.201,1.205,1.204,0.000,0.000,0.000,0.284,0.282,0.278,0.000,0.000,0.000,0.093,0.094,0.102,0.032,0.014,0.019,0.364,0.369,0.363,0.020,0.020,0.014,0.093,0.099,0.095,0.040,0.022,0.029,0.223,0.225,0.221,0.055,0.035,0.057,0.142,0.147,0.135,0.055,0.057,0.058,0.022,0.008,0.035,0.094,0.082,0.095,0.123,0.131,0.117,0.060,0.060,0.067,0.081,0.083,0.082,0.083,0.081,0.083,0.054,0.049,0.058,0.108,0.106,0.105,0.053,0.057,0.045,0.046,0.048,0.050,0.061,0.055,0.058,0.059,0.064,0.059,0.034,0.051,0.060,0.000,0.000,0.000,0.000,0.000,0.000,0.000,0.000,0.000,0.057,0.052,0.060,0.000,0.000,0.000,0.000,0.000,0.000,0.000,0.000,0.000,0.052,0.048,0.048,0.000,0.000,0.000,0.000,0.000,0.000,0.000,0.000,0.000,0.000,0.013,0.013,0.000,0.000,0.000,0.000,0.000,0.000,0.000,0.000,0.000,0.000,0.005,0.000,0.000,0.000,0.000,0.000,0.000,0.000,0.000,0.000,0.000,0.022,0.030,0.000,0.016,0.039,0.000,0.000,0.000,0.000,0.000,0.000,0.000,0.000,0.000,0.000,0.000,0.000,0.000,0.000,0.000,0.000,0.000,0.000,0.000,0.000,0.000,0.000,0.000,0.000,0.000,0.000,0.000,0.000,0.000,0.000,0.000,0.000,0.000,0.000,0.000,0.000,0.000,0.000,0.000,0.000,0.000,0.000,0.000,0.022,0.027,0.005,0.013,0.000,0.000,0.042,0.051,0.028,0.008,0.008,0.009,0.083,0.074,0.076,0.036,0.000,0.026,0.053,0.057,0.055,0.029,0.000,0.000,0.081,0.073,0.076,0.000,0.000,0.006,0.103,0.097,0.099,0.000,0.000,0.005,0.046,0.052,0.038,0.006,0.000,0.005,0.030,0.025,0.028,0.000,0.000,0.000,0.000,0.000,0.000,0.000,0.000,0.000,0.000,0.000,0.000,0.000,0.000,0.000,0.000,0.000,0.000,0.000,0.000,0.000,0.000,0.000,0.000,0.000,0.000,0.000,0.000,0.000,0.000,0.000,0.000,0.000,0.000,0.000,0.000,0.000,0.000,0.000,0.000,0.000,0.000,0.000,0.000,0.000,0.000,0.000,0.000,0.000,0.000,0.000,0.000,0.000,0.000
2025-07-06 22:43:51,236.551,236.507,236.495,0.000,0.000,0.000,2.013,2.009,2.010,0.192,0.181,0.177,0.054,0.048,0.038,1.023,1.014,1.023,0.020,0.000,0.017,1.090,1.091,1.087,0.013,0.000,0.000,1.201,1.200,1.200,0.000,0.000,0.000,0.270,0.273,0.272,0.000,0.000,0.000,0.106,0.105,0.107,0.000,0.000,0.000,0.367,0.369,0.369,0.000,0.000,0.000,0.080,0.086,0.080,0.015,0.014,0.005,0.226,0.232,0.225,0.021,0.007,0.006,0.130,0.130,0.130,0.055,0.058,0.048,0.000,0.000,0.005,0.076,0.072,0.073,0.115,0.114,0.121,0.064,0.065,0.060,0.075,0.072,0.076,0.083,0.082,0.083,0.061,0.056,0.060,0.106,0.100,0.102,0.035,0.022,0.018,0.051,0.055,0.047,0.065,0.064,0.063,0.050,0.051,0.032,0.054,0.051,0.040,0.000,0.000,0.000,0.000,0.000,0.000,0.000,0.000,0.000,0.060,0.060,0.059,0.000,0.000,0.000,0.000,0.000,0.000,0.000,0.000,0.000,0.049,0.051,0.052,0.000,0.000,0.000,0.000,0.000,0.000,0.000,0.000,0.000,0.010,0.008,0.023,0.000,0.000,0.000,0.000,0.000,0.000,0.000,0.000,0.000,0.009,0.024,0.008,0.000,0.000,0.000,0.000,0.000,0.000,0.000,0.000,0.000,0.032,0.014,0.024,0.016,0.006,0.000,0.000,0.000,0.000,0.000,0.000,0.000,0.000,0.000,0.000,0.000,0.000,0.000,0.000,0.000,0.000,0.000,0.000,0.000,0.000,0.000,0.000,0.000,0.000,0.000,0.000,0.000,0.000,0.000,0.000,0.000,0.000,0.000,0.000,0.000,0.000,0.000,0.013,0.000,0.000,0.000,0.000,0.000,0.019,0.006,0.000,0.000,0.000,0.000,0.051,0.055,0.040,0.005,0.005,0.006,0.070,0.068,0.068,0.005,0.000,0.006,0.061,0.061,0.055,0.000,0.000,0.013,0.083,0.081,0.079,0.000,0.000,0.006,0.103,0.097,0.099,0.000,0.000,0.005,0.046,0.052,0.038,0.006,0.000,0.005,0.030,0.025,0.028,0.000,0.000,0.000,0.000,0.000,0.000,0.000,0.000,0.000,0.000,0.000,0.000,0.000,0.000,0.000,0.000,0.000,0.000,0.000,0.000,0.000,0.000,0.000,0.000,0.000,0.000,0.000,0.000,0.000,0.000,0.000,0.000,0.000,0.000,0.000,0.000,0.000,0.000,0.000,0.000,0.000,0.000,0.000,0.000,0.000,0.000,0.000,0.000,0.000,0.000,0.000,0.000,0.000,0.000
2025-07-06 22:43:54,236.332,236.287,236.275,0.000,0.000,0.000,2.001,2.001,2.002,0.168,0.160,0.175,0.018,0.037,0.051,1.004,0.999,1.000,0.015,0.024,0.009,1.096,1.098,1.101,0.014,0.000,0.022,1.207,1.208,1.205,0.000,0.000,0.000,0.263,0.265,0.266,0.000,0.000,0.000,0.122,0.117,0.116,0.000,0.000,0.000,0.351,0.354,0.353,0.000,0.000,0.000,0.066,0.074,0.079,0.013,0.000,0.000,0.208,0.211,0.215,0.014,0.000,0.000,0.115,0.112,0.109,0.047,0.051,0.048,0.048,0.050,0.044,0.072,0.065,0.078,0.107,0.106,0.100,0.055,0.061,0.064,0.035,0.033,0.020,0.086,0.079,0.084,0.063,0.065,0.063,0.101,0.097,0.103,0.059,0.062,0.061,0.048,0.054,0.047,0.036,0.037,0.049,0.016,0.019,0.022,0.041,0.041,0.043,0.000,0.000,0.000,0.022,0.030,0.015,0.000,0.000,0.000,0.049,0.046,0.050,0.000,0.000,0.000,0.014,0.014,0.027,0.000,0.000,0.000,0.019,0.027,0.006,0.000,0.000,0.000,0.000,0.000,0.000,0.000,0.000,0.000,0.006,0.005,0.006,0.000,0.000,0.000,0.000,0.000,0.000,0.000,0.000,0.000,0.006,0.006,0.019,0.000,0.000,0.000,0.000,0.000,0.000,0.000,0.000,0.000,0.014,0.000,0.017,0.000,0.000,0.000,0.000,0.000,0.000,0.000,0.000,0.000,0.000,0.000,0.000,0.000,0.000,0.000,0.000,0.000,0.000,0.000,0.000,0.000,0.000,0.000,0.000,0.000,0.000,0.000,0.000,0.000,0.000,0.000,0.000,0.000,0.000,0.000,0.000,0.000,0.000,0.000,0.000,0.000,0.000,0.000,0.000,0.000,0.000,0.000,0.000,0.000,0.000,0.000,0.044,0.038,0.045,0.000,0.000,0.000,0.063,0.057,0.073,0.000,0.000,0.000,0.053,0.057,0.061,0.000,0.000,0.000,0.083,0.078,0.081,0.000,0.000,0.000,0.097,0.094,0.101,0.000,0.000,0.000,0.047,0.050,0.035,0.000,0.000,0.000,0.006,0.000,0.005,0.000,0.000,0.000,0.000,0.000,0.000,0.000,0.000,0.000,0.000,0.000,0.000,0.000,0.000,0.000,0.000,0.000,0.000,0.000,0.000,0.000,0.000,0.000,0.000,0.000,0.000,0.000,0.000,0.000,0.000,0.000,0.000,0.000,0.000,0.000,0.000,0.000,0.000,0.000,0.000,0.000,0.000,0.000,0.000,0.000,0.000,0.000,0.000,0.000,0.000,0.000,0.000,0.000,0.000
2025-07-06 22:43:57,236.094,236.051,236.038,0.000,0.000,0.000,2.012,2.006,2.006,0.162,0.164,0.159,0.064,0.060,0.058,1.005,0.998,1.001,0.000,0.005,0.006,1.114,1.107,1.112,0.024,0.013,0.022,1.210,1.212,1.208,0.000,0.000,0.000,0.259,0.258,0.257,0.000,0.000,0.000,0.132,0.131,0.136,0.000,0.000,0.000,0.328,0.332,0.330,0.000,0.000,0.000,0.068,0.065,0.064,0.000,0.000,0.000,0.193,0.190,0.192,0.000,0.000,0.000,0.148,0.145,0.139,0.039,0.047,0.042,0.046,0.045,0.043,0.066,0.058,0.067,0.141,0.135,0.134,0.057,0.063,0.058,0.068,0.067,0.054,0.082,0.081,0.076,0.032,0.049,0.032,0.098,0.099,0.096,0.073,0.072,0.066,0.049,0.053,0.046,0.058,0.056,0.058,0.006,0.017,0.000,0.019,0.021,0.022,0.000,0.000,0.000,0.005,0.000,0.000,0.000,0.000,0.000,0.051,0.051,0.055,0.000,0.000,0.000,0.000,0.000,0.014,0.000,0.000,0.000,0.016,0.019,0.017,0.000,0.000,0.000,0.000,0.000,0.000,0.000,0.000,0.000,0.013,0.023,0.005,0.000,0.000,0.000,0.000,0.000,0.000,0.000,0.000,0.000,0.000,0.000,0.000,0.000,0.000,0.000,0.000,0.000,0.000,0.000,0.000,0.000,0.026,0.032,0.040,0.000,0.000,0.000,0.000,0.000,0.000,0.000,0.000,0.000,0.000,0.000,0.000,0.000,0.000,0.000,0.000,0.000,0.000,0.000,0.000,0.000,0.000,0.000,0.000,0.000,0.000,0.000,0.000,0.000,0.000,0.000,0.000,0.000,0.000,0.000,0.000,0.000,0.000,0.000,0.000,0.000,0.000,0.000,0.000,0.000,0.000,0.000,0.000,0.000,0.000,0.000,0.040,0.035,0.020,0.000,0.000,0.000,0.060,0.054,0.062,0.000,0.000,0.000,0.053,0.058,0.052,0.000,0.000,0.000,0.078,0.077,0.076,0.000,0.000,0.000,0.092,0.093,0.092,0.000,0.000,0.000,0.047,0.053,0.038,0.000,0.000,0.000,0.000,0.000,0.000,0.000,0.000,0.000,0.000,0.000,0.000,0.000,0.000,0.000,0.000,0.000,0.000,0.000,0.000,0.000,0.000,0.000,0.000,0.000,0.000,0.000,0.000,0.000,0.000,0.000,0.000,0.000,0.000,0.000,0.000,0.000,0.000,0.000,0.000,0.000,0.000,0.000,0.000,0.000,0.000,0.000,0.000,0.000,0.000,0.000,0.000,0.000,0.000,0.000,0.000,0.000,0.000,0.000,0.000
2025-07-06 22:44:00,235.865,235.822,235.809,0.000,0.000,0.000,2.031,2.030,2.023,0.154,0.154,0.156,0.037,0.053,0.024,1.008,1.003,1.001,0.000,0.042,0.008,1.131,1.124,1.127,0.021,0.023,0.016,1.223,1.227,1.219,0.000,0.000,0.000,0.265,0.266,0.266,0.000,0.000,0.000,0.110,0.107,0.109,0.000,0.000,0.000,0.342,0.347,0.334,0.000,0.010,0.000,0.086,0.090,0.092,0.000,0.000,0.000,0.225,0.220,0.218,0.000,0.022,0.000,0.112,0.120,0.117,0.047,0.056,0.048,0.028,0.047,0.031,0.062,0.059,0.066,0.114,0.119,0.114,0.065,0.069,0.066,0.035,0.054,0.045,0.078,0.073,0.075,0.050,0.045,0.044,0.096,0.089,0.096,0.065,0.066,0.066,0.046,0.051,0.048,0.056,0.057,0.057,0.000,0.000,0.000,0.048,0.050,0.036,0.000,0.000,0.000,0.000,0.009,0.000,0.000,0.000,0.000,0.039,0.046,0.049,0.000,0.000,0.000,0.000,0.000,0.000,0.000,0.000,0.000,0.036,0.009,0.025,0.000,0.000,0.000,0.000,0.000,0.000,0.000,0.000,0.000,0.008,0.033,0.033,0.000,0.000,0.000,0.000,0.000,0.000,0.000,0.000,0.000,0.000,0.000,0.000,0.000,0.000,0.000,0.000,0.000,0.000,0.000,0.000,0.000,0.007,0.000,0.000,0.000,0.000,0.000,0.000,0.000,0.000,0.000,0.000,0.000,0.000,0.000,0.000,0.000,0.000,0.000,0.000,0.000,0.000,0.000,0.000,0.000,0.000,0.000,0.000,0.000,0.000,0.000,0.000,0.000,0.000,0.000,0.000,0.000,0.000,0.000,0.000,0.000,0.000,0.000,0.000,0.000,0.000,0.000,0.000,0.000,0.000,0.000,0.000,0.000,0.000,0.000,0.023,0.042,0.038,0.000,0.000,0.000,0.056,0.055,0.057,0.000,0.000,0.000,0.052,0.060,0.056,0.000,0.000,0.000,0.077,0.072,0.076,0.000,0.000,0.000,0.093,0.085,0.093,0.000,0.000,0.000,0.046,0.050,0.044,0.000,0.000,0.000,0.000,0.000,0.000,0.000,0.000,0.000,0.000,0.000,0.000,0.000,0.000,0.000,0.000,0.000,0.000,0.000,0.000,0.000,0.000,0.000,0.000,0.000,0.000,0.000,0.000,0.000,0.000,0.000,0.000,0.000,0.000,0.000,0.000,0.000,0.000,0.000,0.000,0.000,0.000,0.000,0.000,0.000,0.000,0.000,0.000,0.000,0.000,0.000,0.000,0.000,0.000,0.000,0.000,0.000,0.000,0.000,0.000
2025-07-06 22:44:03,235.534,235.491,235.478,0.000,0.000,0.000,2.041,2.035,2.032,0.156,0.150,0.150,0.043,0.039,0.033,1.016,1.009,1.012,0.000,0.007,0.028,1.128,1.130,1.124,0.015,0.005,0.008,1.229,1.222,1.221,0.000,0.000,0.000,0.273,0.279,0.276,0.000,0.000,0.000,0.092,0.086,0.089,0.000,0.000,0.000,0.359,0.360,0.362,0.000,0.015,0.000,0.087,0.089,0.091,0.000,0.000,0.000,0.214,0.213,0.213,0.000,0.005,0.000,0.105,0.100,0.101,0.045,0.051,0.028,0.070,0.072,0.072,0.063,0.053,0.059,0.139,0.136,0.138,0.055,0.062,0.057,0.074,0.070,0.074,0.074,0.066,0.070,0.047,0.038,0.031,0.091,0.089,0.091,0.021,0.007,0.022,0.046,0.049,0.044,0.056,0.055,0.055,0.000,0.000,0.000,0.058,0.058,0.058,0.000,0.000,0.000,0.037,0.044,0.032,0.000,0.000,0.000,0.000,0.005,0.005,0.000,0.000,0.000,0.000,0.000,0.000,0.000,0.000,0.000,0.050,0.050,0.047,0.000,0.000,0.000,0.000,0.000,0.000,0.000,0.000,0.000,0.019,0.008,0.028,0.000,0.000,0.000,0.000,0.000,0.000,0.000,0.000,0.000,0.000,0.000,0.000,0.000,0.000,0.000,0.000,0.000,0.000,0.000,0.000,0.000,0.016,0.021,0.040,0.000,0.000,0.000,0.000,0.000,0.000,0.000,0.000,0.000,0.000,0.000,0.000,0.000,0.000,0.000,0.000,0.000,0.000,0.000,0.000,0.000,0.000,0.000,0.000,0.000,0.000,0.000,0.000,0.000,0.000,0.000,0.000,0.000,0.000,0.000,0.000,0.000,0.000,0.000,0.000,0.000,0.000,0.000,0.000,0.000,0.000,0.000,0.000,0.000,0.000,0.000,0.043,0.046,0.005,0.000,0.000,0.000,0.060,0.049,0.056,0.000,0.000,0.000,0.054,0.058,0.055,0.000,0.000,0.000,0.075,0.066,0.072,0.000,0.000,0.000,0.088,0.084,0.088,0.000,0.000,0.000,0.044,0.048,0.033,0.000,0.000,0.000,0.000,0.000,0.000,0.000,0.000,0.000,0.000,0.000,0.000,0.000,0.000,0.000,0.000,0.000,0.000,0.000,0.000,0.000,0.000,0.000,0.000,0.000,0.000,0.000,0.000,0.000,0.000,0.000,0.000,0.000,0.000,0.000,0.000,0.000,0.000,0.000,0.000,0.000,0.000,0.000,0.000,0.000,0.000,0.000,0.000,0.000,0.000,0.000,0.000,0.000,0.000,0.000,0.000,0.000,0.000,0.000,0.000
2025-07-06 22:44:06,235.473,235.430,235.417,0.000,0.000,0.000,2.168,3.468,2.771,2.209,4.442,4.720,0.523,1.120,1.225,1.040,1.168,1.227,0.125,0.564,0.351,1.119,1.203,1.157,0.064,0.478,0.267,1.213,1.372,1.259,0.048,0.458,0.268,0.281,0.629,0.353,0.039,0.439,0.162,0.105,0.454,0.198,0.045,0.402,0.140,0.362,0.598,0.398,0.029,0.401,0.122,0.097,0.408,0.157,0.026,0.367,0.107,0.217,0.454,0.264,0.010,0.331,0.095,0.101,0.375,0.142,0.049,0.328,0.106,0.081,0.335,0.123,0.064,0.314,0.113,0.157,0.358,0.184,0.057,0.288,0.101,0.071,0.265,0.112,0.074,0.260,0.116,0.005,0.207,0.065,0.095,0.240,0.120,0.016,0.175,0.070,0.046,0.179,0.082,0.056,0.161,0.082,0.000,0.108,0.061,0.050,0.119,0.081,0.000,0.078,0.061,0.013,0.074,0.074,0.000,0.051,0.055,0.014,0.049,0.057,0.000,0.053,0.040,0.000,0.070,0.056,0.000,0.085,0.039,0.050,0.121,0.077,0.000,0.123,0.039,0.000,0.134,0.035,0.000,0.142,0.039,0.009,0.163,0.058,0.000,0.162,0.048,0.000,0.170,0.057,0.000,0.159,0.038,0.008,0.149,0.064,0.000,0.116,0.040,0.000,0.069,0.052,0.404,0.529,0.669,2.031,3.562,4.451,0.313,0.792,0.757,0.113,0.545,0.423,0.194,0.589,0.265,0.083,0.502,0.446,0.204,0.608,0.263,0.157,0.551,0.535,0.054,0.446,0.250,0.068,0.469,0.161,0.038,0.427,0.150,0.040,0.392,0.153,0.118,0.455,0.170,0.062,0.409,0.212,0.038,0.384,0.124,0.019,0.371,0.112,0.084,0.400,0.130,0.045,0.319,0.158,0.039,0.341,0.108,0.041,0.332,0.108,0.032,0.297,0.102,0.064,0.323,0.115,0.066,0.310,0.111,0.069,0.286,0.133,0.025,0.252,0.083,0.079,0.258,0.117,0.000,0.204,0.060,0.094,0.236,0.108,0.015,0.184,0.068,0.047,0.180,0.079,0.020,0.147,0.062,0.010,0.120,0.063,0.017,0.101,0.058,0.008,0.087,0.062,0.000,0.067,0.061,0.009,0.055,0.056,0.000,0.048,0.053,0.000,0.045,0.043,0.000,0.054,0.056,0.000,0.077,0.038,0.018,0.104,0.056,0.008,0.105,0.056,0.000,0.128,0.050,0.000,0.131,0.036,0.000,0.149,0.052,0.008,0.156,0.055,0.000,0.166,0.051,0.000,0.161,0.052,0.000,0.150,0.060,0.008,0.132,0.037
2025-07-06 22:44:09,235.570,235.526,235.514,0.000,0.000,0.000,2.075,2.865,2.678,1.039,2.355,5.105,0.255,0.576,1.054,1.040,1.192,1.202,0.066,0.351,0.212,1.119,1.213,1.124,0.040,0.239,0.082,1.223,1.320,1.220,0.055,0.175,0.079,0.285,0.350,0.291,0.027,0.105,0.072,0.099,0.181,0.130,0.025,0.113,0.057,0.364,0.470,0.383,0.008,0.202,0.047,0.083,0.283,0.097,0.006,0.249,0.029,0.213,0.433,0.226,0.006,0.262,0.042,0.108,0.347,0.119,0.044,0.299,0.041,0.078,0.314,0.086,0.065,0.280,0.071,0.155,0.331,0.156,0.056,0.235,0.072,0.071,0.215,0.080,0.074,0.183,0.081,0.028,0.113,0.028,0.091,0.146,0.098,0.000,0.048,0.019,0.049,0.067,0.052,0.057,0.068,0.058,0.000,0.022,0.015,0.051,0.070,0.057,0.000,0.033,0.015,0.013,0.054,0.035,0.000,0.033,0.013,0.000,0.035,0.014,0.000,0.040,0.011,0.000,0.049,0.012,0.000,0.061,0.014,0.047,0.114,0.051,0.000,0.082,0.012,0.000,0.090,0.013,0.000,0.092,0.014,0.006,0.103,0.011,0.000,0.078,0.014,0.000,0.063,0.014,0.000,0.043,0.013,0.005,0.028,0.019,0.000,0.042,0.020,0.000,0.056,0.015,0.164,0.459,0.857,0.962,1.820,4.944,0.153,0.468,0.598,0.068,0.342,0.206,0.076,0.317,0.205,0.063,0.261,0.224,0.065,0.217,0.105,0.107,0.309,0.322,0.040,0.139,0.048,0.036,0.133,0.108,0.027,0.098,0.048,0.010,0.097,0.066,0.039,0.146,0.071,0.050,0.218,0.116,0.009,0.216,0.036,0.014,0.239,0.030,0.031,0.279,0.033,0.031,0.278,0.081,0.007,0.265,0.047,0.047,0.295,0.055,0.006,0.250,0.030,0.064,0.283,0.073,0.023,0.223,0.045,0.067,0.242,0.089,0.000,0.178,0.027,0.074,0.192,0.079,0.000,0.125,0.020,0.089,0.155,0.089,0.000,0.060,0.027,0.047,0.075,0.036,0.000,0.026,0.024,0.006,0.033,0.032,0.000,0.023,0.015,0.005,0.045,0.016,0.000,0.031,0.013,0.006,0.034,0.015,0.000,0.034,0.015,0.000,0.036,0.013,0.000,0.042,0.012,0.000,0.053,0.012,0.000,0.068,0.012,0.005,0.092,0.015,0.000,0.085,0.012,0.000,0.091,0.014,0.000,0.089,0.012,0.005,0.085,0.013,0.000,0.071,0.012,0.000,0.051,0.014,0.000,0.031,0.018,0.005,0.033,0.012
2025-07-06 22:44:12,235.359,235.316,235.305,0.000,0.000,0.000,3.494,4.902,5.141,6.564,10.431,11.568,1.738,2.950,3.364,1.529,1.819,2.073,0.624,1.135,1.227,1.291,1.469,1.598,0.445,0.712,0.704,1.297,1.377,1.347,0.257,0.578,0.520,0.445,0.579,0.595,0.232,0.416,0.448,0.269,0.428,0.417,0.204,0.392,0.354,0.412,0.522,0.523,0.170,0.370,0.309,0.203,0.395,0.310,0.139,0.380,0.263,0.273,0.468,0.360,0.150,0.374,0.272,0.183,0.397,0.280,0.138,0.367,0.229,0.165,0.360,0.240,0.145,0.343,0.229,0.197,0.351,0.268,0.137,0.302,0.202,0.140,0.266,0.203,0.136,0.253,0.208,0.099,0.221,0.173,0.139,0.217,0.211,0.094,0.183,0.188,0.117,0.163,0.175,0.125,0.161,0.176,0.084,0.139,0.160,0.112,0.161,0.168,0.083,0.139,0.139,0.086,0.159,0.152,0.084,0.140,0.144,0.079,0.136,0.155,0.079,0.139,0.142,0.076,0.151,0.144,0.074,0.158,0.149,0.098,0.171,0.153,0.066,0.166,0.139,0.075,0.171,0.140,0.068,0.175,0.126,0.092,0.177,0.136,0.068,0.166,0.120,0.068,0.155,0.137,0.069,0.134,0.136,0.073,0.132,0.141,0.072,0.145,0.156,0.074,0.153,0.131,0.593,1.412,1.306,6.204,9.567,10.876,1.106,1.952,2.034,0.767,1.338,1.439,0.572,1.097,1.265,0.618,0.815,0.841,0.539,0.800,0.771,0.480,0.856,0.768,0.252,0.534,0.495,0.308,0.461,0.498,0.221,0.391,0.424,0.204,0.397,0.359,0.239,0.434,0.373,0.237,0.389,0.403,0.177,0.378,0.297,0.158,0.378,0.278,0.173,0.399,0.269,0.187,0.395,0.316,0.158,0.377,0.268,0.137,0.368,0.255,0.114,0.357,0.220,0.159,0.342,0.232,0.137,0.331,0.224,0.149,0.314,0.240,0.110,0.255,0.194,0.137,0.259,0.207,0.095,0.216,0.177,0.142,0.215,0.188,0.088,0.181,0.187,0.112,0.163,0.184,0.107,0.153,0.166,0.089,0.149,0.169,0.085,0.136,0.155,0.085,0.153,0.156,0.077,0.140,0.132,0.080,0.149,0.149,0.081,0.135,0.133,0.077,0.136,0.146,0.079,0.139,0.140,0.072,0.150,0.128,0.078,0.162,0.144,0.066,0.161,0.151,0.069,0.166,0.137,0.071,0.170,0.136,0.070,0.172,0.122,0.072,0.173,0.132,0.067,0.154,0.131,0.067,0.143,0.119,0.071,0.126,0.131,0.067,0.128,0.137
2025-07-06 22:44:15,235.222,235.179,235.167,0.000,0.000,0.000,2.340,2.275,2.292,2.404,1.907,2.106,0.735,0.574,0.643,1.128,1.122,1.114,0.302,0.242,0.263,1.161,1.125,1.140,0.157,0.099,0.120,1.217,1.240,1.231,0.149,0.125,0.155,0.319,0.292,0.298,0.105,0.070,0.087,0.137,0.123,0.128,0.101,0.065,0.079,0.354,0.373,0.368,0.071,0.055,0.080,0.107,0.110,0.110,0.068,0.051,0.051,0.216,0.226,0.215,0.067,0.054,0.064,0.131,0.125,0.120,0.067,0.068,0.053,0.093,0.091,0.092,0.078,0.072,0.078,0.153,0.152,0.160,0.070,0.077,0.080,0.084,0.090,0.091,0.087,0.078,0.084,0.045,0.042,0.058,0.109,0.096,0.104,0.059,0.057,0.062,0.057,0.058,0.062,0.074,0.069,0.075,0.040,0.024,0.029,0.070,0.060,0.063,0.042,0.026,0.024,0.053,0.052,0.033,0.044,0.022,0.011,0.044,0.026,0.025,0.039,0.019,0.010,0.043,0.023,0.024,0.024,0.022,0.010,0.060,0.054,0.057,0.009,0.019,0.025,0.039,0.021,0.027,0.023,0.017,0.011,0.043,0.038,0.054,0.010,0.019,0.010,0.025,0.023,0.040,0.010,0.022,0.010,0.046,0.028,0.028,0.025,0.020,0.026,0.012,0.019,0.024,0.206,0.141,0.179,2.226,1.763,1.950,0.451,0.362,0.396,0.362,0.291,0.322,0.305,0.259,0.268,0.148,0.095,0.119,0.208,0.132,0.138,0.233,0.203,0.241,0.140,0.140,0.140,0.105,0.069,0.093,0.097,0.057,0.085,0.099,0.072,0.078,0.135,0.086,0.090,0.088,0.079,0.123,0.069,0.042,0.063,0.072,0.061,0.064,0.091,0.058,0.068,0.086,0.080,0.081,0.079,0.058,0.055,0.070,0.070,0.057,0.061,0.037,0.046,0.080,0.074,0.075,0.082,0.067,0.065,0.085,0.079,0.095,0.052,0.050,0.028,0.085,0.076,0.088,0.032,0.028,0.031,0.104,0.094,0.097,0.049,0.022,0.036,0.063,0.059,0.065,0.028,0.024,0.052,0.051,0.029,0.044,0.028,0.023,0.033,0.052,0.031,0.012,0.025,0.023,0.029,0.052,0.029,0.011,0.043,0.024,0.026,0.024,0.020,0.010,0.045,0.022,0.010,0.009,0.021,0.010,0.029,0.024,0.010,0.027,0.018,0.027,0.040,0.021,0.029,0.010,0.018,0.010,0.043,0.023,0.030,0.011,0.020,0.009,0.023,0.022,0.026,0.009,0.021,0.010,0.029,0.025,0.009,0.041,0.017,0.025
2025-07-06 22:44:18,235.227,235.183,235.171,0.000,0.000,0.000,2.049,2.038,2.033,0.363,0.329,0.314,0.125,0.119,0.103,1.035,1.030,1.027,0.054,0.051,0.034,1.124,1.122,1.116,0.037,0.022,0.028,1.214,1.202,1.204,0.020,0.023,0.020,0.271,0.271,0.270,0.014,0.005,0.000,0.094,0.097,0.093,0.000,0.006,0.006,0.371,0.372,0.378,0.008,0.008,0.000,0.086,0.080,0.080,0.000,0.006,0.009,0.218,0.214,0.220,0.015,0.008,0.006,0.114,0.111,0.106,0.040,0.049,0.047,0.082,0.084,0.076,0.055,0.053,0.060,0.154,0.144,0.143,0.057,0.064,0.057,0.072,0.071,0.070,0.072,0.065,0.071,0.000,0.028,0.028,0.091,0.089,0.094,0.034,0.027,0.041,0.049,0.049,0.046,0.059,0.055,0.056,0.000,0.000,0.000,0.058,0.058,0.059,0.000,0.000,0.000,0.027,0.047,0.040,0.000,0.000,0.000,0.000,0.000,0.000,0.000,0.000,0.000,0.000,0.000,0.000,0.000,0.000,0.000,0.050,0.053,0.050,0.000,0.000,0.000,0.000,0.000,0.000,0.000,0.000,0.000,0.015,0.024,0.028,0.000,0.000,0.000,0.000,0.000,0.000,0.000,0.000,0.000,0.000,0.013,0.000,0.000,0.000,0.000,0.000,0.000,0.000,0.017,0.005,0.009,0.288,0.267,0.238,0.051,0.046,0.038,0.034,0.027,0.032,0.037,0.025,0.031,0.000,0.003,0.000,0.000,0.000,0.214,0.000,0.000,0.222,0.000,0.000,0.210,0.000,0.000,0.214,0.000,0.000,0.204,0.000,0.000,0.204,0.000,0.000,0.198,0.000,0.000,0.204,0.002,0.000,0.192,0.000,0.002,0.183,0.000,0.000,0.179,0.000,0.000,0.178,0.000,0.000,0.171,0.047,0.045,0.199,0.000,0.000,0.160,0.055,0.056,0.189,0.000,0.000,0.140,0.053,0.058,0.177,0.000,0.000,0.126,0.071,0.072,0.173,0.000,0.000,0.108,0.086,0.087,0.174,0.000,0.000,0.091,0.050,0.047,0.112,0.000,0.000,0.070,0.000,0.000,0.060,0.000,0.000,0.050,0.000,0.000,0.044,0.000,0.000,0.031,0.000,0.000,0.024,0.000,0.000,0.020,0.000,0.000,0.019,0.000,0.000,0.026,0.000,0.000,0.035,0.000,0.000,0.045,0.000,0.000,0.053,0.000,0.000,0.064,0.000,0.000,0.069,0.000,0.000,0.079,0.000,0.000,0.080,0.000,0.000,0.085,0.000,0.000,0.083,0.000,0.000,0.080,0.000,0.000,0.066
2025-07-06 22:44:21,235.182,235.139,235.127,0.000,0.000,0.000,2.046,2.043,2.717,0.166,0.169,1.196,0.073,0.065,0.311,1.046,1.040,1.112,0.018,0.027,0.235,1.123,1.125,1.169,0.013,0.023,0.237,1.211,1.208,1.307,0.000,0.000,0.218,0.268,0.271,0.458,0.000,0.000,0.213,0.089,0.085,0.285,0.000,0.000,0.205,0.375,0.378,0.533,0.005,0.000,0.199,0.085,0.091,0.250,0.000,0.000,0.194,0.212,0.217,0.366,0.000,0.005,0.191,0.113,0.105,0.254,0.051,0.048,0.202,0.067,0.066,0.206,0.056,0.059,0.193,0.131,0.130,0.248,0.059,0.063,0.180,0.072,0.075,0.188,0.070,0.069,0.167,0.042,0.040,0.141,0.089,0.091,0.177,0.037,0.028,0.105,0.051,0.048,0.112,0.059,0.055,0.113,0.000,0.000,0.071,0.055,0.056,0.096,0.000,0.000,0.037,0.042,0.046,0.049,0.000,0.000,0.020,0.000,0.000,0.019,0.000,0.000,0.022,0.000,0.000,0.030,0.000,0.000,0.042,0.054,0.052,0.094,0.000,0.000,0.060,0.000,0.000,0.067,0.000,0.000,0.076,0.037,0.042,0.103,0.000,0.000,0.086,0.000,0.000,0.087,0.000,0.000,0.083,0.000,0.000,0.074,0.000,0.000,0.060,0.000,0.000,0.031,0.000,0.000,0.098,0.062,0.061,0.444,0.000,0.002,0.226,0.000,0.000,0.227,0.000,0.000,0.234,0.000,0.000,0.214,0.000,0.000,0.214,0.000,0.000,0.222,0.000,0.000,0.210,0.000,0.000,0.214,0.000,0.000,0.204,0.000,0.000,0.204,0.000,0.000,0.198,0.000,0.000,0.204,0.002,0.000,0.192,0.000,0.002,0.183,0.000,0.000,0.179,0.000,0.000,0.178,0.000,0.000,0.171,0.047,0.045,0.199,0.000,0.000,0.160,0.055,0.056,0.189,0.000,0.000,0.140,0.053,0.058,0.177,0.000,0.000,0.126,0.071,0.072,0.173,0.000,0.000,0.108,0.086,0.087,0.174,0.000,0.000,0.091,0.050,0.047,0.112,0.000,0.000,0.070,0.000,0.000,0.060,0.000,0.000,0.050,0.000,0.000,0.044,0.000,0.000,0.031,0.000,0.000,0.024,0.000,0.000,0.020,0.000,0.000,0.019,0.000,0.000,0.026,0.000,0.000,0.035,0.000,0.000,0.045,0.000,0.000,0.053,0.000,0.000,0.064,0.000,0.000,0.069,0.000,0.000,0.079,0.000,0.000,0.080,0.000,0.000,0.085,0.000,0.000,0.083,0.000,0.000,0.080,0.000,0.000,0.066
2025-07-06 22:44:24,235.082,235.038,235.026,0.000,0.000,0.000,6.177,3.530,4.038,17.660,9.012,9.401,4.106,2.100,2.309,2.504,1.494,1.563,1.455,0.623,0.741,1.707,1.262,1.291,0.913,0.492,0.519,1.581,1.284,1.392,0.655,0.311,0.508,0.689,0.405,0.568,0.520,0.225,0.393,0.513,0.253,0.393,0.442,0.191,0.361,0.625,0.398,0.533,0.362,0.173,0.296,0.372,0.190,0.305,0.320,0.136,0.272,0.436,0.259,0.358,0.268,0.143,0.259,0.329,0.168,0.264,0.281,0.131,0.246,0.278,0.145,0.236,0.275,0.137,0.216,0.300,0.175,0.257,0.254,0.119,0.210,0.256,0.126,0.208,0.252,0.123,0.201,0.218,0.089,0.174,0.250,0.139,0.196,0.210,0.106,0.160,0.220,0.106,0.160,0.215,0.107,0.148,0.187,0.085,0.130,0.201,0.103,0.136,0.173,0.074,0.118,0.176,0.099,0.115,0.170,0.068,0.100,0.168,0.073,0.094,0.166,0.074,0.093,0.169,0.068,0.102,0.163,0.068,0.114,0.189,0.096,0.120,0.162,0.066,0.126,0.161,0.066,0.127,0.153,0.068,0.129,0.160,0.090,0.135,0.153,0.065,0.127,0.155,0.068,0.133,0.159,0.065,0.138,0.153,0.068,0.126,0.165,0.088,0.120,0.165,0.068,0.102,1.623,1.246,1.395,16.827,8.530,8.558,3.022,1.498,1.513,2.102,0.847,0.780,1.600,0.586,0.691,1.221,0.865,0.778,1.217,0.749,0.559,1.080,0.784,0.932,0.751,0.394,0.490,0.654,0.299,0.451,0.605,0.264,0.362,0.532,0.256,0.371,0.635,0.276,0.430,0.405,0.321,0.369,0.362,0.192,0.295,0.335,0.197,0.278,0.393,0.169,0.307,0.303,0.237,0.290,0.302,0.130,0.257,0.293,0.145,0.248,0.276,0.109,0.239,0.265,0.132,0.217,0.284,0.129,0.234,0.261,0.138,0.227,0.238,0.093,0.205,0.246,0.115,0.195,0.199,0.088,0.180,0.249,0.118,0.190,0.196,0.102,0.173,0.222,0.099,0.150,0.204,0.081,0.152,0.183,0.103,0.137,0.192,0.081,0.128,0.172,0.089,0.124,0.166,0.076,0.114,0.163,0.083,0.104,0.167,0.068,0.096,0.163,0.074,0.092,0.165,0.071,0.100,0.162,0.067,0.106,0.179,0.065,0.116,0.155,0.086,0.121,0.161,0.065,0.122,0.155,0.065,0.116,0.154,0.068,0.135,0.148,0.080,0.123,0.156,0.067,0.129,0.149,0.064,0.130,0.156,0.065,0.134,0.147,0.062,0.105
2025-07-06 22:44:27,235.055,235.011,234.999,0.000,0.000,0.000,2.638,2.429,2.294,3.165,2.358,2.554,1.042,0.770,0.755,1.262,1.173,1.107,0.352,0.230,0.229,1.139,1.137,1.134,0.292,0.216,0.209,1.258,1.241,1.221,0.176,0.130,0.114,0.334,0.319,0.299,0.134,0.089,0.083,0.161,0.150,0.137,0.113,0.071,0.063,0.387,0.375,0.367,0.107,0.059,0.092,0.137,0.111,0.114,0.071,0.055,0.051,0.252,0.236,0.228,0.100,0.055,0.077,0.127,0.110,0.101,0.070,0.054,0.077,0.107,0.099,0.098,0.102,0.088,0.072,0.150,0.155,0.145,0.092,0.078,0.078,0.100,0.094,0.093,0.100,0.089,0.075,0.056,0.060,0.058,0.115,0.102,0.097,0.063,0.050,0.050,0.075,0.054,0.058,0.088,0.066,0.070,0.043,0.018,0.042,0.078,0.065,0.063,0.040,0.033,0.024,0.064,0.044,0.050,0.040,0.015,0.020,0.048,0.032,0.041,0.039,0.015,0.021,0.041,0.015,0.024,0.039,0.014,0.021,0.071,0.058,0.059,0.038,0.015,0.021,0.038,0.015,0.021,0.038,0.014,0.019,0.046,0.037,0.044,0.033,0.015,0.016,0.043,0.016,0.025,0.036,0.014,0.021,0.039,0.040,0.025,0.038,0.015,0.022,0.041,0.017,0.022,0.384,0.308,0.326,2.962,2.206,2.385,0.576,0.409,0.473,0.335,0.215,0.247,0.232,0.139,0.188,0.338,0.238,0.271,0.326,0.235,0.296,0.242,0.203,0.178,0.159,0.108,0.118,0.120,0.086,0.085,0.106,0.080,0.075,0.101,0.051,0.074,0.115,0.116,0.105,0.170,0.085,0.142,0.087,0.043,0.089,0.070,0.064,0.036,0.097,0.089,0.101,0.125,0.077,0.106,0.065,0.039,0.063,0.077,0.076,0.072,0.057,0.034,0.059,0.093,0.089,0.074,0.054,0.043,0.073,0.099,0.106,0.086,0.052,0.042,0.049,0.105,0.084,0.081,0.047,0.034,0.030,0.105,0.100,0.098,0.060,0.009,0.048,0.084,0.057,0.060,0.051,0.017,0.033,0.051,0.047,0.048,0.047,0.017,0.049,0.047,0.046,0.008,0.036,0.036,0.021,0.043,0.039,0.017,0.039,0.015,0.041,0.039,0.034,0.017,0.039,0.015,0.021,0.039,0.015,0.019,0.040,0.014,0.046,0.045,0.034,0.038,0.039,0.014,0.020,0.037,0.033,0.014,0.040,0.034,0.025,0.034,0.038,0.015,0.036,0.016,0.022,0.033,0.014,0.022,0.040,0.013,0.025,0.038,0.043,0.000
2025-07-06 22:44:30,235.010,234.967,234.955,0.000,0.000,0.000,2.072,2.058,2.061,0.393,0.437,0.404,0.147,0.137,0.117,1.057,1.049,1.054,0.054,0.039,0.030,1.119,1.118,1.119,0.041,0.056,0.040,1.229,1.226,1.227,0.025,0.020,0.022,0.276,0.274,0.275,0.008,0.000,0.000,0.090,0.091,0.090,0.006,0.000,0.014,0.356,0.354,0.355,0.021,0.000,0.015,0.082,0.085,0.086,0.000,0.000,0.005,0.232,0.235,0.233,0.047,0.022,0.036,0.094,0.091,0.091,0.047,0.024,0.050,0.074,0.069,0.070,0.066,0.062,0.060,0.152,0.152,0.151,0.065,0.059,0.061,0.079,0.079,0.080,0.068,0.069,0.068,0.046,0.042,0.028,0.089,0.094,0.087,0.005,0.014,0.000,0.047,0.039,0.048,0.055,0.056,0.056,0.000,0.000,0.000,0.053,0.054,0.055,0.000,0.000,0.000,0.031,0.033,0.029,0.000,0.000,0.000,0.006,0.000,0.000,0.000,0.000,0.000,0.000,0.000,0.000,0.000,0.000,0.000,0.051,0.049,0.053,0.000,0.000,0.000,0.000,0.000,0.000,0.000,0.000,0.000,0.035,0.030,0.016,0.000,0.000,0.000,0.005,0.000,0.000,0.000,0.000,0.000,0.000,0.009,0.000,0.000,0.000,0.000,0.000,0.000,0.000,0.036,0.035,0.041,0.320,0.381,0.328,0.052,0.064,0.048,0.031,0.030,0.027,0.007,0.003,0.019,0.034,0.046,0.033,0.031,0.031,0.028,0.009,0.020,0.028,0.007,0.016,0.002,0.003,0.000,0.000,0.004,0.000,0.000,0.003,0.000,0.000,0.006,0.018,0.018,0.004,0.016,0.028,0.003,0.000,0.013,0.000,0.014,0.000,0.003,0.016,0.002,0.019,0.018,0.019,0.003,0.000,0.000,0.047,0.034,0.051,0.004,0.000,0.000,0.062,0.058,0.053,0.003,0.000,0.000,0.064,0.058,0.062,0.003,0.000,0.000,0.064,0.069,0.066,0.003,0.000,0.000,0.087,0.092,0.085,0.002,0.000,0.000,0.044,0.030,0.047,0.003,0.000,0.000,0.000,0.000,0.000,0.002,0.000,0.000,0.000,0.000,0.000,0.000,0.000,0.000,0.000,0.000,0.000,0.000,0.000,0.000,0.000,0.000,0.000,0.000,0.000,0.000,0.000,0.000,0.000,0.000,0.000,0.000,0.002,0.000,0.000,0.000,0.000,0.000,0.000,0.000,0.000,0.000,0.000,0.000,0.000,0.000,0.000,0.000,0.000,0.000,0.000,0.000,0.000,0.005,0.000,0.000,0.000,0.000,0.000
2025-07-06 22:44:33,235.142,235.098,235.086,0.000,0.000,0.000,2.050,2.041,2.039,0.170,0.170,0.160,0.055,0.057,0.041,1.040,1.039,1.036,0.008,0.005,0.000,1.120,1.109,1.109,0.000,0.005,0.005,1.226,1.224,1.226,0.000,0.000,0.000,0.272,0.268,0.271,0.000,0.000,0.000,0.092,0.099,0.095,0.000,0.000,0.000,0.362,0.363,0.358,0.000,0.000,0.013,0.094,0.086,0.081,0.000,0.000,0.000,0.235,0.230,0.219,0.005,0.000,0.000,0.091,0.091,0.095,0.029,0.037,0.049,0.079,0.080,0.084,0.062,0.059,0.059,0.149,0.151,0.152,0.061,0.056,0.059,0.080,0.079,0.082,0.065,0.069,0.065,0.031,0.019,0.035,0.091,0.089,0.088,0.022,0.000,0.022,0.043,0.045,0.048,0.053,0.055,0.054,0.000,0.000,0.000,0.054,0.053,0.053,0.000,0.000,0.000,0.044,0.037,0.045,0.000,0.000,0.000,0.000,0.000,0.000,0.000,0.000,0.000,0.000,0.000,0.000,0.000,0.000,0.000,0.049,0.049,0.052,0.000,0.000,0.000,0.000,0.000,0.000,0.000,0.000,0.000,0.000,0.000,0.000,0.000,0.000,0.000,0.000,0.000,0.000,0.000,0.000,0.000,0.008,0.006,0.008,0.000,0.000,0.000,0.000,0.000,0.000,0.000,0.000,0.000,0.056,0.074,0.046,0.000,0.000,0.000,0.000,0.000,0.000,0.000,0.000,0.000,0.000,0.000,0.000,0.000,0.000,0.000,0.000,0.000,0.000,0.000,0.000,0.000,0.000,0.000,0.000,0.000,0.000,0.000,0.000,0.000,0.000,0.000,0.000,0.000,0.000,0.000,0.000,0.000,0.000,0.000,0.000,0.000,0.000,0.000,0.000,0.000,0.010,0.010,0.000,0.000,0.000,0.000,0.047,0.041,0.049,0.000,0.000,0.000,0.057,0.056,0.053,0.000,0.000,0.000,0.060,0.054,0.058,0.000,0.000,0.000,0.065,0.068,0.064,0.000,0.000,0.000,0.091,0.087,0.086,0.000,0.000,0.000,0.043,0.041,0.044,0.000,0.000,0.000,0.000,0.000,0.000,0.000,0.000,0.000,0.000,0.000,0.000,0.000,0.000,0.000,0.000,0.000,0.000,0.000,0.000,0.000,0.000,0.000,0.000,0.000,0.000,0.000,0.000,0.000,0.000,0.000,0.000,0.000,0.000,0.000,0.000,0.000,0.000,0.000,0.000,0.000,0.000,0.000,0.000,0.000,0.000,0.000,0.000,0.000,0.000,0.000,0.000,0.000,0.000,0.000,0.000,0.000,0.000,0.000,0.000
2025-07-06 22:44:36,235.147,235.104,235.091,0.000,0.000,0.000,2.050,2.045,2.040,0.152,0.156,0.161,0.059,0.073,0.068,1.046,1.049,1.039,0.005,0.000,0.014,1.109,1.101,1.102,0.036,0.022,0.030,1.225,1.221,1.220,0.000,0.024,0.000,0.273,0.270,0.270,0.000,0.000,0.000,0.088,0.089,0.089,0.000,0.000,0.000,0.385,0.383,0.386,0.000,0.000,0.000,0.083,0.083,0.083,0.013,0.000,0.000,0.226,0.227,0.226,0.000,0.000,0.000,0.096,0.098,0.096,0.046,0.027,0.047,0.078,0.081,0.079,0.056,0.060,0.058,0.153,0.156,0.151,0.061,0.057,0.057,0.082,0.081,0.079,0.061,0.070,0.069,0.028,0.036,0.035,0.086,0.092,0.092,0.005,0.014,0.019,0.051,0.047,0.046,0.057,0.055,0.055,0.000,0.000,0.000,0.054,0.053,0.053,0.000,0.000,0.000,0.030,0.028,0.046,0.000,0.000,0.000,0.000,0.000,0.000,0.000,0.000,0.000,0.000,0.000,0.000,0.000,0.000,0.000,0.049,0.049,0.048,0.000,0.000,0.000,0.000,0.000,0.000,0.000,0.000,0.000,0.008,0.014,0.015,0.000,0.000,0.000,0.000,0.000,0.000,0.000,0.000,0.000,0.018,0.000,0.005,0.000,0.000,0.000,0.000,0.000,0.000,0.000,0.000,0.000,0.043,0.036,0.043,0.000,0.000,0.011,0.000,0.000,0.000,0.000,0.000,0.000,0.000,0.000,0.000,0.000,0.000,0.000,0.000,0.000,0.000,0.000,0.000,0.000,0.000,0.000,0.000,0.000,0.000,0.000,0.000,0.000,0.000,0.000,0.000,0.000,0.000,0.000,0.000,0.000,0.000,0.000,0.000,0.000,0.000,0.000,0.000,0.000,0.002,0.002,0.000,0.000,0.000,0.000,0.044,0.014,0.048,0.000,0.000,0.000,0.051,0.059,0.056,0.000,0.000,0.000,0.059,0.057,0.055,0.000,0.000,0.000,0.060,0.069,0.070,0.000,0.000,0.000,0.083,0.090,0.090,0.000,0.000,0.000,0.048,0.044,0.044,0.000,0.000,0.000,0.000,0.000,0.000,0.000,0.000,0.000,0.000,0.000,0.000,0.000,0.000,0.000,0.000,0.000,0.000,0.000,0.000,0.000,0.000,0.000,0.000,0.000,0.000,0.000,0.000,0.000,0.000,0.000,0.000,0.000,0.000,0.000,0.000,0.000,0.000,0.000,0.000,0.000,0.000,0.000,0.000,0.000,0.000,0.000,0.000,0.000,0.000,0.000,0.000,0.000,0.000,0.000,0.000,0.000,0.000,0.000,0.000
2025-07-06 22:44:39,235.129,235.085,235.073,0.000,0.000,0.000,2.038,2.032,2.035,0.149,0.153,0.151,0.064,0.060,0.066,1.050,1.040,1.049,0.028,0.025,0.014,1.099,1.100,1.093,0.022,0.027,0.020,1.214,1.211,1.215,0.000,0.005,0.000,0.273,0.272,0.267,0.000,0.000,0.000,0.084,0.089,0.084,0.000,0.000,0.000,0.386,0.384,0.392,0.000,0.000,0.000,0.076,0.072,0.079,0.000,0.000,0.000,0.211,0.212,0.214,0.000,0.000,0.000,0.097,0.097,0.099,0.046,0.038,0.034,0.087,0.083,0.082,0.054,0.059,0.061,0.147,0.148,0.145,0.060,0.064,0.061,0.081,0.079,0.080,0.067,0.065,0.067,0.040,0.033,0.044,0.089,0.090,0.093,0.000,0.013,0.000,0.047,0.046,0.043,0.054,0.055,0.054,0.000,0.000,0.000,0.057,0.054,0.058,0.000,0.000,0.000,0.033,0.035,0.045,0.000,0.000,0.000,0.000,0.000,0.000,0.000,0.000,0.000,0.000,0.000,0.000,0.000,0.000,0.000,0.052,0.052,0.051,0.000,0.000,0.000,0.000,0.000,0.000,0.000,0.000,0.000,0.005,0.000,0.021,0.000,0.000,0.000,0.000,0.000,0.000,0.000,0.000,0.000,0.000,0.013,0.000,0.000,0.000,0.000,0.000,0.000,0.000,0.000,0.000,0.000,0.018,0.032,0.019,0.000,0.000,0.002,0.000,0.000,0.000,0.000,0.000,0.000,0.000,0.000,0.000,0.000,0.000,0.000,0.000,0.000,0.000,0.000,0.000,0.000,0.000,0.000,0.000,0.000,0.000,0.000,0.000,0.000,0.000,0.000,0.000,0.000,0.000,0.000,0.000,0.000,0.000,0.000,0.000,0.000,0.000,0.000,0.000,0.000,0.000,0.000,0.000,0.000,0.000,0.000,0.031,0.032,0.017,0.000,0.000,0.000,0.051,0.056,0.058,0.000,0.000,0.000,0.056,0.061,0.058,0.000,0.000,0.000,0.067,0.063,0.066,0.000,0.000,0.000,0.087,0.086,0.089,0.000,0.000,0.000,0.045,0.045,0.042,0.000,0.000,0.000,0.000,0.000,0.000,0.000,0.000,0.000,0.000,0.000,0.000,0.000,0.000,0.000,0.000,0.000,0.000,0.000,0.000,0.000,0.000,0.000,0.000,0.000,0.000,0.000,0.000,0.000,0.000,0.000,0.000,0.000,0.000,0.000,0.000,0.000,0.000,0.000,0.000,0.000,0.000,0.000,0.000,0.000,0.000,0.000,0.000,0.000,0.000,0.000,0.000,0.000,0.000,0.000,0.000,0.000,0.000,0.000,0.000
2025-07-06 22:44:42,235.193,235.149,235.137,0.000,0.000,0.000,2.037,2.033,2.032,0.151,0.157,0.153,0.061,0.055,0.045,1.043,1.036,1.033,0.000,0.020,0.000,1.097,1.095,1.096,0.018,0.020,0.000,1.222,1.222,1.221,0.000,0.000,0.000,0.267,0.265,0.270,0.000,0.000,0.000,0.081,0.082,0.083,0.000,0.000,0.000,0.388,0.391,0.390,0.000,0.000,0.000,0.070,0.069,0.070,0.000,0.000,0.000,0.210,0.208,0.211,0.000,0.000,0.000,0.093,0.098,0.093,0.043,0.040,0.039,0.087,0.092,0.089,0.062,0.058,0.060,0.147,0.147,0.149,0.059,0.061,0.064,0.083,0.079,0.077,0.067,0.065,0.067,0.045,0.040,0.029,0.092,0.089,0.093,0.000,0.000,0.000,0.046,0.050,0.048,0.052,0.052,0.051,0.000,0.000,0.000,0.057,0.055,0.058,0.000,0.000,0.000,0.037,0.031,0.047,0.000,0.000,0.000,0.000,0.000,0.000,0.000,0.000,0.000,0.000,0.000,0.000,0.000,0.000,0.000,0.055,0.056,0.052,0.000,0.000,0.000,0.000,0.000,0.000,0.000,0.000,0.000,0.008,0.000,0.005,0.000,0.000,0.000,0.000,0.000,0.000,0.000,0.000,0.000,0.000,0.000,0.000,0.000,0.000,0.000,0.000,0.000,0.000,0.000,0.000,0.000,0.028,0.045,0.017,0.000,0.010,0.000,0.000,0.000,0.000,0.000,0.000,0.000,0.000,0.000,0.000,0.000,0.000,0.000,0.000,0.000,0.000,0.000,0.000,0.000,0.000,0.000,0.000,0.000,0.000,0.000,0.000,0.000,0.000,0.000,0.000,0.000,0.000,0.000,0.000,0.000,0.000,0.000,0.000,0.000,0.000,0.000,0.000,0.000,0.000,0.000,0.000,0.000,0.000,0.000,0.014,0.030,0.026,0.000,0.000,0.000,0.058,0.055,0.055,0.000,0.000,0.000,0.058,0.057,0.060,0.000,0.000,0.000,0.065,0.066,0.066,0.000,0.000,0.000,0.093,0.088,0.091,0.000,0.000,0.000,0.029,0.048,0.047,0.000,0.000,0.000,0.000,0.000,0.000,0.000,0.000,0.000,0.000,0.000,0.000,0.000,0.000,0.000,0.000,0.000,0.000,0.000,0.000,0.000,0.000,0.000,0.000,0.000,0.000,0.000,0.000,0.000,0.000,0.000,0.000,0.000,0.000,0.000,0.000,0.000,0.000,0.000,0.000,0.000,0.000,0.000,0.000,0.000,0.000,0.000,0.000,0.000,0.000,0.000,0.000,0.000,0.000,0.000,0.000,0.000,0.000,0.000,0.000
2025-07-06 22:44:45,235.233,235.190,235.177,0.000,0.000,0.000,2.039,2.036,2.035,0.141,0.159,0.152,0.056,0.032,0.045,1.042,1.039,1.034,0.037,0.021,0.017,1.096,1.089,1.090,0.008,0.023,0.013,1.227,1.233,1.232,0.000,0.000,0.000,0.278,0.268,0.275,0.000,0.000,0.000,0.077,0.082,0.075,0.000,0.000,0.000,0.387,0.385,0.391,0.000,0.000,0.000,0.065,0.057,0.061,0.000,0.000,0.000,0.202,0.197,0.195,0.000,0.000,0.000,0.100,0.103,0.101,0.033,0.047,0.030,0.089,0.084,0.084,0.054,0.062,0.059,0.146,0.153,0.148,0.060,0.057,0.060,0.073,0.084,0.076,0.063,0.069,0.069,0.046,0.048,0.048,0.087,0.091,0.091,0.013,0.023,0.022,0.046,0.046,0.049,0.059,0.055,0.056,0.000,0.000,0.000,0.058,0.054,0.059,0.000,0.000,0.000,0.035,0.028,0.045,0.000,0.000,0.000,0.000,0.000,0.000,0.000,0.000,0.000,0.000,0.000,0.000,0.000,0.000,0.000,0.058,0.056,0.057,0.000,0.000,0.000,0.000,0.000,0.000,0.000,0.000,0.000,0.013,0.022,0.013,0.000,0.000,0.000,0.000,0.000,0.000,0.000,0.000,0.000,0.015,0.000,0.000,0.000,0.000,0.000,0.000,0.000,0.000,0.000,0.000,0.000,0.017,0.033,0.015,0.000,0.002,0.000,0.000,0.000,0.000,0.000,0.000,0.000,0.000,0.000,0.000,0.000,0.000,0.000,0.000,0.000,0.000,0.000,0.000,0.000,0.000,0.000,0.000,0.000,0.000,0.000,0.000,0.000,0.000,0.000,0.000,0.000,0.000,0.000,0.000,0.000,0.000,0.000,0.000,0.000,0.000,0.000,0.000,0.000,0.000,0.000,0.000,0.000,0.000,0.000,0.002,0.041,0.028,0.000,0.000,0.000,0.048,0.061,0.054,0.000,0.000,0.000,0.059,0.056,0.058,0.000,0.000,0.000,0.062,0.069,0.069,0.000,0.000,0.000,0.085,0.089,0.089,0.000,0.000,0.000,0.045,0.045,0.046,0.000,0.000,0.000,0.000,0.000,0.000,0.000,0.000,0.000,0.000,0.000,0.000,0.000,0.000,0.000,0.000,0.000,0.000,0.000,0.000,0.000,0.000,0.000,0.000,0.000,0.000,0.000,0.000,0.000,0.000,0.000,0.000,0.000,0.000,0.000,0.000,0.000,0.000,0.000,0.000,0.000,0.000,0.000,0.000,0.000,0.000,0.000,0.000,0.000,0.000,0.000,0.000,0.000,0.000,0.000,0.000,0.000,0.000,0.000,0.000
2025-07-06 22:44:48,235.268,219.541,235.212,0.000,0.000,0.000,2.029,1.891,2.026,0.163,0.151,0.157,0.065,0.057,0.069,1.036,0.965,1.030,0.007,0.014,0.033,1.086,1.010,1.077,0.005,0.005,0.026,1.228,1.146,1.232,0.000,0.000,0.000,0.273,0.252,0.269,0.000,0.000,0.000,0.077,0.076,0.076,0.000,0.000,0.000,0.383,0.354,0.389,0.000,0.000,0.000,0.062,0.053,0.058,0.000,0.000,0.000,0.186,0.170,0.181,0.014,0.015,0.014,0.111,0.103,0.112,0.044,0.041,0.030,0.087,0.083,0.089,0.062,0.057,0.060,0.146,0.135,0.148,0.064,0.053,0.060,0.068,0.067,0.072,0.066,0.067,0.066,0.034,0.031,0.047,0.091,0.085,0.091,0.008,0.005,0.005,0.048,0.045,0.049,0.055,0.053,0.054,0.000,0.000,0.000,0.056,0.055,0.059,0.000,0.000,0.000,0.039,0.038,0.047,0.000,0.000,0.000,0.008,0.008,0.000,0.000,0.000,0.000,0.000,0.000,0.000,0.000,0.000,0.000,0.052,0.052,0.053,0.000,0.000,0.000,0.000,0.000,0.000,0.000,0.000,0.000,0.013,0.000,0.000,0.000,0.000,0.000,0.000,0.000,0.000,0.000,0.000,0.000,0.000,0.000,0.000,0.000,0.000,0.000,0.000,0.000,0.000,0.000,0.000,0.000,0.030,0.016,0.042,0.000,0.013,0.000,0.000,0.000,0.000,0.000,0.000,0.000,0.000,0.000,0.000,0.000,0.000,0.000,0.000,0.000,0.000,0.000,0.000,0.000,0.000,0.000,0.000,0.000,0.000,0.000,0.000,0.000,0.000,0.000,0.000,0.000,0.000,0.000,0.000,0.000,0.000,0.000,0.000,0.000,0.000,0.000,0.000,0.000,0.000,0.002,0.000,0.000,0.000,0.000,0.003,0.030,0.041,0.000,0.000,0.000,0.059,0.054,0.048,0.000,0.000,0.000,0.052,0.051,0.057,0.000,0.000,0.000,0.073,0.070,0.063,0.000,0.000,0.000,0.091,0.084,0.082,0.000,0.000,0.000,0.042,0.048,0.049,0.000,0.000,0.000,0.000,0.000,0.000,0.000,0.000,0.000,0.000,0.000,0.000,0.000,0.000,0.000,0.000,0.000,0.000,0.000,0.000,0.000,0.000,0.000,0.000,0.000,0.000,0.000,0.000,0.000,0.000,0.000,0.000,0.000,0.000,0.000,0.000,0.000,0.000,0.000,0.000,0.000,0.000,0.000,0.000,0.000,0.000,0.000,0.000,0.000,0.000,0.000,0.000,0.000,0.000,0.000,0.000,0.000,0.000,0.000,0.000
2025-07-06 22:44:51,235.295,235.252,235.240,0.000,0.000,0.000,2.041,2.040,2.035,0.152,0.151,0.150,0.060,0.060,0.060,1.045,1.041,1.042,0.011,0.033,0.021,1.086,1.090,1.081,0.000,0.000,0.015,1.254,1.252,1.254,0.000,0.000,0.000,0.259,0.264,0.258,0.000,0.000,0.000,0.080,0.078,0.084,0.000,0.000,0.000,0.369,0.367,0.362,0.000,0.013,0.000,0.034,0.051,0.049,0.000,0.000,0.000,0.163,0.164,0.165,0.008,0.000,0.000,0.118,0.118,0.116,0.029,0.031,0.044,0.076,0.076,0.069,0.063,0.059,0.052,0.125,0.126,0.121,0.053,0.055,0.059,0.062,0.059,0.066,0.072,0.071,0.064,0.014,0.014,0.014,0.092,0.086,0.085,0.005,0.014,0.000,0.044,0.050,0.051,0.057,0.060,0.057,0.000,0.000,0.000,0.059,0.060,0.058,0.000,0.000,0.000,0.044,0.045,0.029,0.000,0.000,0.000,0.005,0.005,0.008,0.000,0.000,0.000,0.000,0.000,0.000,0.000,0.000,0.000,0.052,0.052,0.053,0.000,0.000,0.000,0.000,0.000,0.000,0.000,0.000,0.000,0.013,0.000,0.000,0.000,0.000,0.000,0.000,0.000,0.000,0.000,0.000,0.000,0.000,0.000,0.000,0.000,0.000,0.000,0.000,0.000,0.000,0.000,0.000,0.000,0.030,0.016,0.042,0.000,0.013,0.000,0.000,0.000,0.000,0.000,0.000,0.000,0.000,0.000,0.000,0.000,0.000,0.000,0.000,0.000,0.000,0.000,0.000,0.000,0.000,0.000,0.000,0.000,0.000,0.000,0.000,0.000,0.000,0.000,0.000,0.000,0.000,0.000,0.000,0.000,0.000,0.000,0.000,0.000,0.000,0.000,0.000,0.000,0.000,0.002,0.000,0.000,0.000,0.000,0.003,0.030,0.041,0.000,0.000,0.000,0.059,0.054,0.048,0.000,0.000,0.000,0.052,0.051,0.057,0.000,0.000,0.000,0.073,0.070,0.063,0.000,0.000,0.000,0.091,0.084,0.082,0.000,0.000,0.000,0.042,0.048,0.049,0.000,0.000,0.000,0.000,0.000,0.000,0.000,0.000,0.000,0.000,0.000,0.000,0.000,0.000,0.000,0.000,0.000,0.000,0.000,0.000,0.000,0.000,0.000,0.000,0.000,0.000,0.000,0.000,0.000,0.000,0.000,0.000,0.000,0.000,0.000,0.000,0.000,0.000,0.000,0.000,0.000,0.000,0.000,0.000,0.000,0.000,0.000,0.000,0.000,0.000,0.000,0.000,0.000,0.000,0.000,0.000,0.000,0.000,0.000,0.000
2025-07-06 22:44:54,235.350,235.306,235.294,0.000,0.000,0.000,2.050,2.049,2.047,0.156,0.156,0.158,0.068,0.070,0.070,1.048,1.045,1.045,0.023,0.018,0.023,1.095,1.101,1.095,0.009,0.008,0.013,1.261,1.256,1.259,0.000,0.000,0.000,0.257,0.260,0.259,0.000,0.000,0.000,0.085,0.080,0.085,0.000,0.000,0.000,0.358,0.357,0.353,0.000,0.000,0.000,0.053,0.055,0.053,0.000,0.000,0.000,0.174,0.176,0.172,0.005,0.000,0.000,0.107,0.106,0.110,0.030,0.030,0.046,0.065,0.067,0.065,0.058,0.058,0.061,0.122,0.118,0.122,0.059,0.058,0.059,0.073,0.067,0.071,0.067,0.070,0.069,0.000,0.000,0.006,0.092,0.093,0.090,0.000,0.000,0.000,0.048,0.048,0.049,0.061,0.060,0.057,0.000,0.000,0.000,0.067,0.061,0.065,0.000,0.000,0.000,0.047,0.043,0.046,0.000,0.000,0.000,0.000,0.000,0.005,0.000,0.000,0.000,0.000,0.000,0.000,0.000,0.000,0.000,0.054,0.052,0.053,0.000,0.000,0.000,0.000,0.000,0.000,0.000,0.000,0.000,0.000,0.000,0.008,0.000,0.000,0.000,0.000,0.000,0.000,0.000,0.000,0.000,0.000,0.000,0.000,0.000,0.000,0.000,0.000,0.000,0.000,0.000,0.000,0.000,0.045,0.031,0.043,0.000,0.000,0.000,0.000,0.000,0.000,0.000,0.000,0.000,0.000,0.000,0.000,0.000,0.000,0.000,0.000,0.000,0.000,0.000,0.000,0.000,0.000,0.000,0.000,0.000,0.000,0.000,0.000,0.000,0.000,0.000,0.000,0.000,0.000,0.000,0.000,0.000,0.000,0.000,0.000,0.000,0.000,0.000,0.000,0.000,0.000,0.000,0.000,0.000,0.000,0.000,0.025,0.016,0.032,0.000,0.000,0.000,0.055,0.057,0.057,0.000,0.000,0.000,0.059,0.057,0.059,0.000,0.000,0.000,0.067,0.069,0.069,0.000,0.000,0.000,0.089,0.092,0.087,0.000,0.000,0.000,0.048,0.048,0.049,0.000,0.000,0.000,0.000,0.000,0.000,0.000,0.000,0.000,0.000,0.000,0.000,0.000,0.000,0.000,0.000,0.000,0.000,0.000,0.000,0.000,0.000,0.000,0.000,0.000,0.000,0.000,0.000,0.000,0.000,0.000,0.000,0.000,0.000,0.000,0.000,0.000,0.000,0.000,0.000,0.000,0.000,0.000,0.000,0.000,0.000,0.000,0.000,0.000,0.000,0.000,0.000,0.000,0.000,0.000,0.000,0.000,0.000,0.000,0.000
2025-07-06 22:44:57,235.240,235.196,235.183,0.000,0.000,0.000,2.060,2.991,2.089,0.155,1.753,0.720,0.055,0.323,0.174,1.051,1.232,1.045,0.014,0.299,0.054,1.123,1.295,1.132,0.020,0.281,0.050,1.257,1.426,1.259,0.013,0.270,0.025,0.249,0.472,0.245,0.000,0.262,0.017,0.088,0.320,0.093,0.000,0.256,0.017,0.341,0.521,0.345,0.000,0.243,0.008,0.053,0.281,0.056,0.000,0.230,0.011,0.173,0.375,0.175,0.000,0.214,0.010,0.105,0.300,0.107,0.014,0.203,0.046,0.056,0.236,0.061,0.056,0.227,0.061,0.128,0.276,0.131,0.058,0.215,0.064,0.069,0.203,0.071,0.069,0.201,0.073,0.014,0.132,0.000,0.090,0.187,0.094,0.000,0.104,0.008,0.053,0.133,0.052,0.061,0.125,0.058,0.000,0.067,0.000,0.062,0.106,0.062,0.000,0.042,0.000,0.044,0.069,0.049,0.000,0.015,0.000,0.000,0.015,0.000,0.000,0.022,0.000,0.000,0.033,0.000,0.000,0.048,0.000,0.057,0.108,0.058,0.000,0.071,0.000,0.000,0.082,0.000,0.000,0.091,0.000,0.015,0.099,0.005,0.000,0.106,0.000,0.000,0.106,0.008,0.000,0.101,0.000,0.000,0.092,0.000,0.000,0.070,0.000,0.000,0.032,0.008,0.000,0.119,0.084,0.038,0.379,0.593,0.000,0.360,0.105,0.000,0.367,0.049,0.000,0.363,0.034,0.000,0.359,0.065,0.000,0.356,0.067,0.000,0.357,0.059,0.000,0.351,0.034,0.000,0.348,0.022,0.000,0.340,0.025,0.000,0.333,0.020,0.000,0.329,0.040,0.000,0.322,0.016,0.000,0.313,0.000,0.000,0.305,0.016,0.000,0.299,0.024,0.000,0.286,0.016,0.000,0.276,0.012,0.016,0.265,0.051,0.000,0.254,0.000,0.054,0.280,0.061,0.000,0.230,0.019,0.058,0.266,0.066,0.000,0.207,0.021,0.066,0.247,0.073,0.000,0.177,0.010,0.088,0.223,0.092,0.000,0.144,0.011,0.052,0.166,0.051,0.000,0.113,0.013,0.000,0.097,0.000,0.000,0.079,0.011,0.000,0.062,0.013,0.000,0.044,0.014,0.000,0.027,0.000,0.000,0.017,0.000,0.000,0.021,0.000,0.000,0.036,0.000,0.000,0.052,0.000,0.000,0.070,0.014,0.000,0.085,0.000,0.000,0.101,0.000,0.000,0.114,0.000,0.000,0.124,0.000,0.000,0.135,0.000,0.000,0.138,0.012,0.000,0.134,0.000,0.000,0.126,0.000,0.000,0.108,0.010
2025-07-06 22:45:00,235.182,235.137,235.126,0.000,0.000,0.000,9.197,5.768,3.510,21.517,14.212,8.700,6.389,3.755,2.147,3.539,2.146,1.496,2.286,1.224,0.639,2.392,1.650,1.263,1.434,0.854,0.464,1.805,1.509,1.272,1.147,0.602,0.344,1.104,0.646,0.383,0.897,0.530,0.274,0.835,0.494,0.260,0.744,0.471,0.208,0.817,0.599,0.383,0.661,0.414,0.201,0.619,0.383,0.183,0.588,0.369,0.161,0.563,0.419,0.244,0.502,0.358,0.177,0.512,0.343,0.186,0.481,0.318,0.152,0.467,0.300,0.146,0.452,0.312,0.143,0.468,0.323,0.185,0.424,0.274,0.139,0.404,0.279,0.133,0.383,0.262,0.134,0.369,0.244,0.117,0.370,0.230,0.137,0.339,0.195,0.099,0.347,0.200,0.105,0.349,0.198,0.117,0.330,0.174,0.094,0.332,0.171,0.124,0.317,0.150,0.090,0.315,0.144,0.110,0.304,0.124,0.094,0.295,0.125,0.081,0.297,0.121,0.080,0.292,0.131,0.084,0.290,0.140,0.086,0.303,0.165,0.099,0.278,0.156,0.084,0.272,0.158,0.079,0.274,0.162,0.080,0.274,0.183,0.084,0.272,0.177,0.083,0.268,0.183,0.090,0.272,0.175,0.080,0.270,0.165,0.075,0.291,0.177,0.093,0.281,0.125,0.089,2.425,2.478,1.272,20.246,13.165,8.245,4.081,2.391,1.479,2.672,1.307,0.783,2.063,1.287,0.619,1.810,0.924,0.731,1.386,1.050,0.721,1.411,0.781,0.644,1.072,0.492,0.360,0.962,0.530,0.317,0.853,0.424,0.294,0.751,0.389,0.223,0.760,0.433,0.307,0.703,0.455,0.266,0.605,0.312,0.194,0.585,0.308,0.182,0.575,0.292,0.203,0.514,0.332,0.218,0.503,0.269,0.197,0.481,0.271,0.155,0.463,0.229,0.162,0.439,0.247,0.140,0.452,0.232,0.183,0.431,0.252,0.152,0.401,0.221,0.136,0.383,0.231,0.139,0.353,0.190,0.125,0.377,0.205,0.155,0.336,0.176,0.104,0.347,0.169,0.108,0.331,0.167,0.116,0.325,0.159,0.110,0.321,0.148,0.107,0.302,0.150,0.114,0.317,0.129,0.110,0.294,0.128,0.105,0.287,0.119,0.094,0.294,0.113,0.088,0.288,0.117,0.090,0.288,0.117,0.091,0.288,0.122,0.100,0.279,0.147,0.098,0.268,0.126,0.087,0.265,0.131,0.086,0.270,0.130,0.089,0.271,0.153,0.089,0.261,0.140,0.096,0.267,0.142,0.086,0.264,0.131,0.082,0.262,0.125,0.089
2025-07-06 22:45:03,235.208,235.165,235.153,0.000,0.000,0.000,2.752,2.616,2.575,4.129,3.523,3.039,1.263,1.029,1.030,1.281,1.207,1.197,0.445,0.296,0.306,1.169,1.213,1.179,0.340,0.280,0.268,1.279,1.255,1.265,0.170,0.153,0.165,0.317,0.291,0.297,0.165,0.106,0.120,0.175,0.151,0.152,0.151,0.083,0.115,0.381,0.356,0.361,0.109,0.091,0.110,0.126,0.107,0.116,0.096,0.070,0.102,0.190,0.184,0.188,0.089,0.073,0.080,0.132,0.126,0.132,0.097,0.062,0.080,0.115,0.098,0.090,0.099,0.091,0.092,0.159,0.146,0.141,0.107,0.090,0.097,0.098,0.084,0.096,0.095,0.093,0.095,0.058,0.050,0.065,0.119,0.111,0.112,0.069,0.043,0.056,0.078,0.078,0.078,0.088,0.080,0.081,0.052,0.043,0.053,0.089,0.081,0.086,0.054,0.040,0.020,0.076,0.066,0.061,0.051,0.030,0.035,0.050,0.038,0.046,0.048,0.029,0.031,0.031,0.029,0.034,0.032,0.029,0.033,0.070,0.070,0.077,0.031,0.027,0.017,0.047,0.029,0.031,0.029,0.029,0.032,0.053,0.034,0.034,0.030,0.027,0.017,0.051,0.025,0.032,0.034,0.024,0.016,0.050,0.030,0.017,0.051,0.037,0.018,0.033,0.029,0.031,0.463,0.467,0.403,3.855,3.306,2.854,0.777,0.642,0.543,0.509,0.325,0.295,0.395,0.235,0.209,0.410,0.366,0.315,0.494,0.420,0.298,0.266,0.215,0.229,0.158,0.178,0.128,0.190,0.101,0.112,0.154,0.105,0.098,0.137,0.084,0.095,0.230,0.145,0.120,0.146,0.130,0.125,0.096,0.088,0.088,0.099,0.069,0.083,0.112,0.064,0.121,0.107,0.095,0.057,0.096,0.082,0.083,0.100,0.071,0.068,0.096,0.066,0.047,0.110,0.090,0.088,0.088,0.076,0.079,0.127,0.103,0.095,0.075,0.047,0.057,0.095,0.094,0.087,0.060,0.050,0.048,0.114,0.109,0.105,0.068,0.038,0.047,0.079,0.072,0.069,0.057,0.041,0.058,0.058,0.054,0.038,0.063,0.043,0.059,0.057,0.051,0.023,0.059,0.045,0.024,0.052,0.033,0.024,0.049,0.039,0.025,0.047,0.029,0.008,0.046,0.027,0.025,0.031,0.029,0.023,0.048,0.031,0.053,0.060,0.041,0.023,0.043,0.028,0.008,0.045,0.027,0.023,0.030,0.029,0.023,0.050,0.029,0.009,0.030,0.026,0.022,0.050,0.023,0.008,0.047,0.026,0.008,0.048,0.029,0.008
2025-07-06 22:45:06,235.111,235.068,235.056,0.000,0.000,0.000,2.070,2.073,2.060,0.671,0.544,0.506,0.214,0.190,0.170,1.045,1.045,1.042,0.072,0.070,0.067,1.120,1.126,1.111,0.077,0.068,0.057,1.247,1.248,1.251,0.044,0.013,0.006,0.246,0.249,0.253,0.022,0.008,0.000,0.096,0.091,0.088,0.005,0.007,0.005,0.346,0.343,0.344,0.017,0.009,0.007,0.053,0.058,0.066,0.000,0.006,0.005,0.175,0.172,0.177,0.021,0.010,0.006,0.103,0.105,0.109,0.031,0.022,0.022,0.058,0.056,0.056,0.061,0.061,0.057,0.131,0.132,0.136,0.061,0.063,0.060,0.077,0.076,0.078,0.071,0.067,0.068,0.000,0.006,0.005,0.093,0.091,0.090,0.006,0.005,0.000,0.052,0.051,0.053,0.059,0.061,0.064,0.015,0.006,0.000,0.065,0.065,0.064,0.000,0.005,0.000,0.046,0.031,0.043,0.000,0.000,0.000,0.000,0.006,0.000,0.000,0.000,0.000,0.000,0.000,0.000,0.000,0.000,0.000,0.061,0.057,0.058,0.000,0.000,0.000,0.000,0.000,0.000,0.000,0.000,0.000,0.000,0.000,0.013,0.000,0.000,0.000,0.000,0.000,0.000,0.000,0.000,0.000,0.000,0.000,0.000,0.000,0.000,0.000,0.000,0.000,0.000,0.064,0.061,0.056,0.600,0.488,0.441,0.112,0.088,0.088,0.064,0.049,0.048,0.032,0.026,0.036,0.073,0.058,0.056,0.076,0.058,0.061,0.033,0.011,0.021,0.029,0.008,0.017,0.016,0.003,0.002,0.017,0.004,0.002,0.000,0.003,0.003,0.020,0.004,0.000,0.028,0.009,0.021,0.016,0.004,0.003,0.000,0.002,0.003,0.000,0.000,0.003,0.022,0.006,0.019,0.018,0.004,0.003,0.018,0.019,0.017,0.003,0.003,0.000,0.056,0.056,0.052,0.016,0.004,0.002,0.060,0.066,0.062,0.000,0.000,0.000,0.073,0.066,0.067,0.000,0.002,0.000,0.092,0.091,0.088,0.002,0.000,0.000,0.053,0.051,0.051,0.000,0.000,0.000,0.017,0.004,0.002,0.013,0.002,0.000,0.000,0.003,0.003,0.014,0.003,0.000,0.000,0.000,0.000,0.000,0.002,0.000,0.000,0.000,0.000,0.000,0.000,0.000,0.000,0.000,0.000,0.015,0.000,0.000,0.003,0.003,0.003,0.000,0.000,0.000,0.000,0.000,0.000,0.000,0.000,0.000,0.000,0.000,0.000,0.000,0.000,0.000,0.000,0.000,0.000,0.000,0.000,0.000,0.000,0.000,0.000
2025-07-06 22:45:09,235.078,235.035,235.024,0.000,0.000,0.000,2.054,2.053,2.048,0.184,0.184,0.175,0.072,0.068,0.064,1.051,1.049,1.047,0.019,0.005,0.039,1.115,1.116,1.111,0.015,0.019,0.014,1.253,1.253,1.250,0.000,0.009,0.013,0.245,0.248,0.247,0.000,0.000,0.000,0.088,0.088,0.095,0.000,0.000,0.000,0.350,0.347,0.347,0.000,0.000,0.000,0.050,0.048,0.049,0.000,0.000,0.000,0.167,0.156,0.168,0.000,0.000,0.013,0.100,0.110,0.102,0.013,0.008,0.000,0.061,0.062,0.059,0.059,0.058,0.057,0.132,0.134,0.130,0.062,0.061,0.059,0.074,0.075,0.074,0.068,0.067,0.069,0.000,0.000,0.000,0.093,0.094,0.093,0.000,0.000,0.000,0.049,0.051,0.049,0.053,0.053,0.056,0.000,0.000,0.000,0.067,0.065,0.067,0.000,0.000,0.000,0.048,0.048,0.048,0.000,0.000,0.000,0.000,0.000,0.000,0.000,0.000,0.000,0.000,0.000,0.000,0.000,0.000,0.000,0.059,0.061,0.059,0.000,0.000,0.000,0.000,0.000,0.000,0.000,0.000,0.000,0.000,0.000,0.000,0.000,0.000,0.000,0.000,0.000,0.000,0.000,0.000,0.000,0.000,0.000,0.000,0.000,0.000,0.000,0.000,0.000,0.000,0.000,0.000,0.000,0.099,0.105,0.077,0.005,0.000,0.000,0.002,0.000,0.000,0.000,0.000,0.000,0.003,0.000,0.000,0.003,0.000,0.000,0.000,0.000,0.000,0.000,0.000,0.000,0.000,0.000,0.000,0.000,0.000,0.000,0.000,0.000,0.000,0.000,0.000,0.000,0.000,0.000,0.000,0.000,0.000,0.000,0.000,0.000,0.000,0.000,0.000,0.000,0.000,0.000,0.000,0.000,0.000,0.000,0.000,0.000,0.000,0.000,0.000,0.000,0.057,0.057,0.056,0.000,0.000,0.000,0.060,0.059,0.057,0.000,0.000,0.000,0.066,0.067,0.068,0.000,0.000,0.000,0.090,0.090,0.091,0.000,0.000,0.000,0.048,0.050,0.047,0.000,0.000,0.000,0.000,0.000,0.000,0.000,0.000,0.000,0.000,0.000,0.000,0.000,0.000,0.000,0.000,0.000,0.000,0.000,0.000,0.000,0.000,0.000,0.000,0.000,0.000,0.000,0.000,0.000,0.000,0.000,0.000,0.000,0.000,0.000,0.000,0.000,0.000,0.000,0.000,0.000,0.000,0.000,0.000,0.000,0.000,0.000,0.000,0.000,0.000,0.000,0.000,0.000,0.000,0.000,0.000,0.000,0.000,0.000,0.000
2025-07-06 22:45:12,235.023,234.980,234.968,0.000,0.000,0.000,2.043,2.050,2.045,0.151,0.154,0.147,0.056,0.057,0.043,1.038,1.050,1.039,0.000,0.042,0.015,1.109,1.109,1.114,0.020,0.000,0.014,1.248,1.247,1.245,0.013,0.006,0.000,0.246,0.248,0.255,0.000,0.000,0.000,0.089,0.087,0.082,0.000,0.000,0.000,0.357,0.357,0.354,0.000,0.000,0.000,0.051,0.057,0.054,0.000,0.000,0.000,0.165,0.179,0.166,0.000,0.000,0.000,0.109,0.102,0.108,0.019,0.044,0.013,0.061,0.048,0.063,0.057,0.058,0.057,0.136,0.128,0.131,0.061,0.063,0.061,0.073,0.077,0.072,0.068,0.064,0.067,0.000,0.010,0.013,0.091,0.088,0.088,0.000,0.000,0.000,0.051,0.051,0.053,0.055,0.055,0.057,0.000,0.000,0.000,0.067,0.065,0.067,0.000,0.000,0.000,0.050,0.049,0.049,0.000,0.000,0.000,0.000,0.000,0.000,0.000,0.000,0.000,0.000,0.000,0.000,0.000,0.000,0.000,0.062,0.061,0.061,0.000,0.000,0.000,0.000,0.000,0.000,0.000,0.000,0.000,0.000,0.000,0.000,0.000,0.000,0.000,0.000,0.000,0.000,0.000,0.000,0.000,0.000,0.000,0.000,0.000,0.000,0.000,0.000,0.000,0.000,0.000,0.000,0.000,0.020,0.019,0.022,0.000,0.000,0.000,0.000,0.000,0.000,0.000,0.000,0.000,0.000,0.000,0.000,0.000,0.000,0.000,0.000,0.000,0.000,0.000,0.000,0.000,0.000,0.000,0.000,0.000,0.000,0.000,0.000,0.000,0.000,0.000,0.000,0.000,0.000,0.000,0.000,0.000,0.000,0.000,0.000,0.000,0.000,0.000,0.000,0.000,0.000,0.000,0.000,0.000,0.000,0.000,0.000,0.039,0.000,0.000,0.000,0.000,0.053,0.056,0.053,0.000,0.000,0.000,0.061,0.061,0.058,0.000,0.000,0.000,0.067,0.064,0.065,0.000,0.000,0.000,0.089,0.087,0.086,0.000,0.000,0.000,0.051,0.050,0.051,0.000,0.000,0.000,0.000,0.000,0.000,0.000,0.000,0.000,0.000,0.000,0.000,0.000,0.000,0.000,0.000,0.000,0.000,0.000,0.000,0.000,0.000,0.000,0.000,0.000,0.000,0.000,0.000,0.000,0.000,0.000,0.000,0.000,0.000,0.000,0.000,0.000,0.000,0.000,0.000,0.000,0.000,0.000,0.000,0.000,0.000,0.000,0.000,0.000,0.000,0.000,0.000,0.000,0.000,0.000,0.000,0.000,0.000,0.000,0.000
2025-07-06 22:45:15,234.977,234.933,234.921,0.000,0.000,0.000,2.047,2.048,2.046,0.153,0.151,0.154,0.034,0.038,0.056,1.047,1.047,1.044,0.013,0.006,0.017,1.104,1.107,1.105,0.000,0.014,0.008,1.252,1.250,1.251,0.000,0.000,0.000,0.251,0.252,0.253,0.000,0.000,0.000,0.083,0.084,0.079,0.000,0.000,0.000,0.351,0.350,0.354,0.000,0.000,0.000,0.053,0.060,0.059,0.000,0.000,0.000,0.174,0.179,0.168,0.000,0.000,0.000,0.109,0.106,0.110,0.028,0.029,0.025,0.056,0.046,0.053,0.058,0.058,0.061,0.133,0.125,0.124,0.059,0.059,0.063,0.087,0.083,0.084,0.068,0.068,0.066,0.008,0.020,0.029,0.092,0.090,0.088,0.000,0.000,0.000,0.052,0.050,0.052,0.058,0.060,0.059,0.000,0.000,0.000,0.065,0.061,0.063,0.000,0.000,0.000,0.047,0.044,0.048,0.000,0.000,0.000,0.000,0.000,0.000,0.000,0.000,0.000,0.000,0.000,0.000,0.000,0.000,0.000,0.062,0.062,0.062,0.000,0.000,0.000,0.000,0.000,0.000,0.000,0.000,0.000,0.000,0.000,0.000,0.000,0.000,0.000,0.000,0.000,0.000,0.000,0.000,0.000,0.000,0.000,0.000,0.000,0.000,0.000,0.000,0.000,0.000,0.000,0.000,0.000,0.023,0.027,0.026,0.000,0.000,0.000,0.000,0.000,0.000,0.000,0.000,0.000,0.000,0.000,0.000,0.000,0.000,0.000,0.000,0.000,0.000,0.000,0.000,0.000,0.000,0.000,0.000,0.000,0.000,0.000,0.000,0.000,0.000,0.000,0.000,0.000,0.000,0.000,0.000,0.000,0.000,0.000,0.000,0.000,0.000,0.000,0.000,0.000,0.000,0.000,0.000,0.000,0.000,0.000,0.016,0.002,0.025,0.000,0.000,0.000,0.054,0.055,0.057,0.000,0.000,0.000,0.057,0.058,0.061,0.000,0.000,0.000,0.068,0.069,0.065,0.000,0.000,0.000,0.088,0.088,0.087,0.000,0.000,0.000,0.051,0.051,0.051,0.000,0.000,0.000,0.000,0.000,0.000,0.000,0.000,0.000,0.000,0.000,0.000,0.000,0.000,0.000,0.000,0.000,0.000,0.000,0.000,0.000,0.000,0.000,0.000,0.000,0.000,0.000,0.000,0.000,0.000,0.000,0.000,0.000,0.000,0.000,0.000,0.000,0.000,0.000,0.000,0.000,0.000,0.000,0.000,0.000,0.000,0.000,0.000,0.000,0.000,0.000,0.000,0.000,0.000,0.000,0.000,0.000,0.000,0.000,0.000
2025-07-06 22:45:18,234.938,234.894,234.882,0.000,0.000,0.000,2.056,2.051,2.052,0.152,0.151,0.156,0.033,0.031,0.042,1.054,1.049,1.041,0.023,0.024,0.000,1.110,1.115,1.111,0.000,0.000,0.005,1.259,1.251,1.259,0.008,0.000,0.000,0.250,0.252,0.251,0.000,0.000,0.000,0.084,0.087,0.082,0.000,0.000,0.000,0.345,0.345,0.356,0.000,0.000,0.000,0.049,0.048,0.051,0.000,0.000,0.000,0.172,0.168,0.161,0.000,0.014,0.013,0.116,0.130,0.129,0.019,0.021,0.029,0.062,0.058,0.057,0.058,0.060,0.057,0.134,0.134,0.132,0.064,0.061,0.063,0.081,0.075,0.076,0.068,0.068,0.065,0.000,0.000,0.000,0.092,0.090,0.089,0.000,0.000,0.000,0.051,0.051,0.051,0.058,0.058,0.057,0.000,0.000,0.000,0.064,0.062,0.061,0.000,0.000,0.000,0.046,0.048,0.045,0.000,0.000,0.000,0.000,0.000,0.000,0.000,0.000,0.000,0.000,0.000,0.000,0.000,0.000,0.000,0.062,0.063,0.064,0.000,0.000,0.000,0.000,0.000,0.000,0.000,0.000,0.000,0.000,0.000,0.000,0.000,0.000,0.000,0.000,0.000,0.000,0.000,0.000,0.000,0.000,0.000,0.000,0.000,0.000,0.000,0.000,0.000,0.000,0.000,0.000,0.000,0.036,0.034,0.075,0.014,0.000,0.000,0.000,0.000,0.000,0.000,0.000,0.000,0.000,0.000,0.000,0.000,0.000,0.000,0.000,0.000,0.000,0.000,0.000,0.000,0.000,0.000,0.000,0.000,0.000,0.000,0.000,0.000,0.000,0.000,0.000,0.000,0.000,0.000,0.000,0.000,0.000,0.000,0.000,0.000,0.000,0.000,0.000,0.000,0.000,0.000,0.000,0.000,0.000,0.000,0.000,0.029,0.018,0.000,0.000,0.000,0.056,0.056,0.056,0.000,0.000,0.000,0.062,0.059,0.061,0.000,0.000,0.000,0.068,0.067,0.065,0.000,0.000,0.000,0.090,0.089,0.088,0.000,0.000,0.000,0.049,0.050,0.050,0.000,0.000,0.000,0.000,0.000,0.000,0.000,0.000,0.000,0.000,0.000,0.000,0.000,0.000,0.000,0.000,0.000,0.000,0.000,0.000,0.000,0.000,0.000,0.000,0.000,0.000,0.000,0.000,0.000,0.000,0.000,0.000,0.000,0.000,0.000,0.000,0.000,0.000,0.000,0.000,0.000,0.000,0.000,0.000,0.000,0.000,0.000,0.000,0.000,0.000,0.000,0.000,0.000,0.000,0.000,0.000,0.000,0.000,0.000,0.000
2025-07-06 22:45:21,234.982,234.938,234.927,0.000,0.000,0.000,2.043,2.041,2.044,0.156,0.156,0.170,0.063,0.066,0.070,1.041,1.040,1.042,0.024,0.029,0.045,1.092,1.093,1.088,0.009,0.000,0.008,1.259,1.257,1.263,0.005,0.000,0.000,0.252,0.249,0.253,0.000,0.000,0.000,0.084,0.082,0.077,0.000,0.000,0.000,0.354,0.355,0.359,0.000,0.000,0.000,0.058,0.058,0.059,0.000,0.000,0.000,0.164,0.151,0.151,0.000,0.014,0.013,0.116,0.130,0.129,0.019,0.021,0.029,0.062,0.058,0.057,0.058,0.060,0.057,0.134,0.134,0.132,0.064,0.061,0.063,0.081,0.075,0.076,0.068,0.068,0.065,0.000,0.000,0.000,0.092,0.090,0.089,0.000,0.000,0.000,0.051,0.051,0.051,0.058,0.058,0.057,0.000,0.000,0.000,0.064,0.062,0.061,0.000,0.000,0.000,0.046,0.048,0.045,0.000,0.000,0.000,0.000,0.000,0.000,0.000,0.000,0.000,0.000,0.000,0.000,0.000,0.000,0.000,0.062,0.063,0.064,0.000,0.000,0.000,0.000,0.000,0.000,0.000,0.000,0.000,0.000,0.000,0.000,0.000,0.000,0.000,0.000,0.000,0.000,0.000,0.000,0.000,0.000,0.000,0.000,0.000,0.000,0.000,0.000,0.000,0.000,0.000,0.000,0.000,0.036,0.034,0.075,0.014,0.000,0.000,0.000,0.000,0.000,0.000,0.000,0.000,0.000,0.000,0.000,0.000,0.000,0.000,0.000,0.000,0.000,0.000,0.000,0.000,0.000,0.000,0.000,0.000,0.000,0.000,0.000,0.000,0.000,0.000,0.000,0.000,0.000,0.000,0.000,0.000,0.000,0.000,0.000,0.000,0.000,0.000,0.000,0.000,0.000,0.000,0.000,0.000,0.000,0.000,0.000,0.029,0.018,0.000,0.000,0.000,0.056,0.056,0.056,0.000,0.000,0.000,0.062,0.059,0.061,0.000,0.000,0.000,0.068,0.067,0.065,0.000,0.000,0.000,0.090,0.089,0.088,0.000,0.000,0.000,0.049,0.050,0.050,0.000,0.000,0.000,0.000,0.000,0.000,0.000,0.000,0.000,0.000,0.000,0.000,0.000,0.000,0.000,0.000,0.000,0.000,0.000,0.000,0.000,0.000,0.000,0.000,0.000,0.000,0.000,0.000,0.000,0.000,0.000,0.000,0.000,0.000,0.000,0.000,0.000,0.000,0.000,0.000,0.000,0.000,0.000,0.000,0.000,0.000,0.000,0.000,0.000,0.000,0.000,0.000,0.000,0.000,0.000,0.000,0.000,0.000,0.000,0.000
2025-07-06 22:45:24,234.866,234.822,234.811,0.000,0.000,0.000,2.059,2.055,2.055,0.148,0.153,0.156,0.060,0.038,0.042,1.058,1.058,1.053,0.000,0.021,0.005,1.098,1.093,1.095,0.019,0.013,0.044,1.267,1.265,1.267,0.000,0.000,0.008,0.250,0.247,0.247,0.000,0.000,0.000,0.083,0.086,0.086,0.000,0.000,0.000,0.356,0.353,0.355,0.000,0.000,0.000,0.034,0.035,0.046,0.000,0.000,0.000,0.150,0.148,0.144,0.000,0.000,0.000,0.130,0.136,0.135,0.000,0.014,0.033,0.057,0.058,0.062,0.054,0.057,0.061,0.141,0.136,0.138,0.062,0.061,0.062,0.074,0.080,0.076,0.067,0.067,0.067,0.000,0.000,0.000,0.089,0.092,0.092,0.000,0.000,0.000,0.049,0.052,0.050,0.060,0.058,0.059,0.000,0.000,0.000,0.068,0.064,0.064,0.000,0.000,0.000,0.046,0.046,0.047,0.000,0.000,0.000,0.000,0.000,0.000,0.000,0.000,0.000,0.000,0.000,0.000,0.000,0.000,0.000,0.064,0.064,0.063,0.000,0.000,0.000,0.000,0.000,0.000,0.000,0.000,0.000,0.000,0.008,0.000,0.000,0.000,0.000,0.000,0.000,0.000,0.000,0.000,0.000,0.000,0.000,0.000,0.000,0.000,0.000,0.000,0.000,0.000,0.000,0.000,0.000,0.032,0.034,0.032,0.000,0.000,0.000,0.000,0.000,0.000,0.000,0.000,0.000,0.000,0.000,0.000,0.000,0.000,0.000,0.000,0.000,0.000,0.000,0.000,0.000,0.000,0.000,0.000,0.000,0.000,0.000,0.000,0.000,0.000,0.000,0.000,0.000,0.000,0.000,0.000,0.000,0.000,0.000,0.000,0.000,0.000,0.000,0.000,0.000,0.000,0.000,0.000,0.000,0.000,0.000,0.000,0.016,0.028,0.000,0.000,0.000,0.050,0.052,0.057,0.000,0.000,0.000,0.059,0.060,0.060,0.000,0.000,0.000,0.066,0.066,0.065,0.000,0.000,0.000,0.087,0.088,0.089,0.000,0.000,0.000,0.049,0.051,0.051,0.000,0.000,0.000,0.000,0.000,0.000,0.000,0.000,0.000,0.000,0.000,0.000,0.000,0.000,0.000,0.000,0.000,0.000,0.000,0.000,0.000,0.000,0.000,0.000,0.000,0.000,0.000,0.000,0.000,0.000,0.000,0.000,0.000,0.000,0.000,0.000,0.000,0.000,0.000,0.000,0.000,0.000,0.000,0.000,0.000,0.000,0.000,0.000,0.000,0.000,0.000,0.000,0.000,0.000,0.000,0.000,0.000,0.000,0.000,0.000
2025-07-06 22:45:27,234.916,234.872,234.860,0.000,0.000,0.000,2.042,2.032,2.035,0.152,0.154,0.155,0.067,0.066,0.066,1.044,1.033,1.037,0.030,0.025,0.020,1.084,1.077,1.075,0.023,0.013,0.005,1.259,1.258,1.260,0.000,0.000,0.005,0.251,0.250,0.253,0.000,0.000,0.000,0.084,0.086,0.084,0.013,0.000,0.000,0.358,0.357,0.360,0.000,0.000,0.000,0.062,0.062,0.058,0.000,0.000,0.000,0.142,0.148,0.151,0.000,0.000,0.000,0.143,0.142,0.142,0.000,0.000,0.022,0.070,0.072,0.072,0.058,0.056,0.060,0.133,0.137,0.136,0.060,0.060,0.061,0.080,0.081,0.081,0.067,0.066,0.068,0.013,0.014,0.027,0.090,0.092,0.092,0.000,0.000,0.000,0.050,0.048,0.048,0.059,0.060,0.057,0.000,0.000,0.000,0.065,0.062,0.061,0.000,0.000,0.000,0.048,0.047,0.047,0.000,0.000,0.000,0.000,0.000,0.000,0.000,0.000,0.000,0.000,0.000,0.000,0.000,0.000,0.000,0.065,0.063,0.061,0.000,0.000,0.000,0.000,0.000,0.000,0.000,0.000,0.000,0.013,0.018,0.015,0.000,0.000,0.000,0.000,0.000,0.000,0.000,0.000,0.000,0.000,0.000,0.000,0.000,0.000,0.000,0.000,0.000,0.000,0.000,0.000,0.000,0.033,0.049,0.039,0.000,0.000,0.000,0.000,0.000,0.000,0.000,0.000,0.000,0.000,0.000,0.000,0.000,0.000,0.000,0.000,0.000,0.000,0.000,0.000,0.000,0.000,0.000,0.000,0.000,0.000,0.000,0.000,0.000,0.000,0.000,0.000,0.000,0.000,0.000,0.000,0.000,0.000,0.000,0.000,0.000,0.000,0.000,0.000,0.000,0.000,0.000,0.000,0.000,0.000,0.000,0.000,0.000,0.012,0.000,0.000,0.000,0.056,0.054,0.057,0.000,0.000,0.000,0.060,0.060,0.059,0.000,0.000,0.000,0.067,0.065,0.066,0.000,0.000,0.000,0.089,0.090,0.089,0.000,0.000,0.000,0.050,0.048,0.047,0.000,0.000,0.000,0.000,0.000,0.000,0.000,0.000,0.000,0.000,0.000,0.000,0.000,0.000,0.000,0.000,0.000,0.000,0.000,0.000,0.000,0.000,0.000,0.000,0.000,0.000,0.000,0.000,0.000,0.000,0.000,0.000,0.000,0.000,0.000,0.000,0.000,0.000,0.000,0.000,0.000,0.000,0.000,0.000,0.000,0.000,0.000,0.000,0.000,0.000,0.000,0.000,0.000,0.000,0.000,0.000,0.000,0.000,0.000,0.000
2025-07-06 22:45:30,235.029,234.985,234.973,0.000,0.000,0.000,2.032,2.030,2.032,0.146,0.151,0.159,0.041,0.040,0.037,1.039,1.040,1.039,0.000,0.006,0.013,1.083,1.070,1.075,0.006,0.008,0.008,1.248,1.256,1.252,0.000,0.000,0.000,0.257,0.247,0.249,0.000,0.000,0.000,0.087,0.090,0.088,0.000,0.000,0.000,0.360,0.364,0.369,0.000,0.000,0.000,0.064,0.063,0.062,0.000,0.000,0.000,0.144,0.144,0.145,0.000,0.000,0.000,0.141,0.141,0.146,0.016,0.037,0.050,0.081,0.079,0.074,0.057,0.052,0.059,0.135,0.135,0.134,0.060,0.061,0.066,0.069,0.076,0.077,0.066,0.066,0.066,0.000,0.013,0.013,0.090,0.090,0.087,0.000,0.000,0.000,0.053,0.055,0.055,0.053,0.053,0.053,0.000,0.000,0.000,0.068,0.067,0.067,0.000,0.000,0.000,0.051,0.050,0.054,0.000,0.000,0.000,0.000,0.000,0.000,0.000,0.000,0.000,0.000,0.000,0.000,0.000,0.000,0.000,0.063,0.061,0.060,0.000,0.000,0.000,0.000,0.000,0.000,0.000,0.000,0.000,0.000,0.000,0.000,0.000,0.000,0.000,0.000,0.000,0.000,0.000,0.000,0.000,0.000,0.000,0.013,0.000,0.000,0.000,0.000,0.000,0.000,0.000,0.000,0.000,0.013,0.030,0.029,0.000,0.000,0.000,0.000,0.000,0.000,0.000,0.000,0.000,0.000,0.000,0.000,0.000,0.000,0.000,0.000,0.000,0.000,0.000,0.000,0.000,0.000,0.000,0.000,0.000,0.000,0.000,0.000,0.000,0.000,0.000,0.000,0.000,0.000,0.000,0.000,0.000,0.000,0.000,0.000,0.000,0.000,0.000,0.000,0.000,0.000,0.000,0.000,0.000,0.000,0.000,0.016,0.025,0.044,0.000,0.000,0.000,0.053,0.049,0.055,0.000,0.000,0.000,0.056,0.058,0.065,0.000,0.000,0.000,0.064,0.064,0.066,0.000,0.000,0.000,0.085,0.086,0.085,0.000,0.000,0.000,0.052,0.055,0.054,0.000,0.000,0.000,0.000,0.000,0.000,0.000,0.000,0.000,0.000,0.000,0.000,0.000,0.000,0.000,0.000,0.000,0.000,0.000,0.000,0.000,0.000,0.000,0.000,0.000,0.000,0.000,0.000,0.000,0.000,0.000,0.000,0.000,0.000,0.000,0.000,0.000,0.000,0.000,0.000,0.000,0.000,0.000,0.000,0.000,0.000,0.000,0.000,0.000,0.000,0.000,0.000,0.000,0.000,0.000,0.000,0.000,0.000,0.000,0.000
2025-07-06 22:45:33,234.606,234.562,234.551,0.000,0.000,0.000,2.025,2.023,2.027,0.152,0.171,0.164,0.031,0.013,0.032,1.030,1.035,1.027,0.000,0.000,0.000,1.078,1.065,1.078,0.000,0.021,0.021,1.242,1.247,1.245,0.000,0.000,0.000,0.261,0.253,0.264,0.000,0.000,0.000,0.097,0.102,0.099,0.000,0.000,0.000,0.367,0.364,0.366,0.000,0.000,0.000,0.058,0.061,0.053,0.000,0.000,0.016,0.161,0.158,0.157,0.002,0.000,0.000,0.151,0.156,0.162,0.019,0.022,0.028,0.078,0.076,0.076,0.058,0.060,0.065,0.138,0.139,0.142,0.064,0.061,0.062,0.069,0.068,0.067,0.069,0.066,0.067,0.000,0.016,0.000,0.093,0.091,0.095,0.000,0.000,0.000,0.049,0.051,0.047,0.056,0.057,0.055,0.000,0.000,0.000,0.069,0.066,0.068,0.000,0.000,0.000,0.053,0.050,0.049,0.000,0.000,0.000,0.000,0.000,0.000,0.000,0.000,0.000,0.000,0.000,0.000,0.000,0.000,0.000,0.059,0.059,0.062,0.000,0.000,0.000,0.000,0.000,0.000,0.000,0.000,0.000,0.000,0.000,0.000,0.000,0.000,0.000,0.000,0.000,0.000,0.000,0.000,0.000,0.000,0.000,0.017,0.000,0.000,0.000,0.000,0.000,0.000,0.000,0.000,0.000,0.012,0.063,0.037,0.000,0.000,0.000,0.000,0.000,0.000,0.000,0.000,0.000,0.000,0.000,0.000,0.000,0.000,0.000,0.000,0.000,0.000,0.000,0.000,0.000,0.000,0.000,0.000,0.000,0.000,0.000,0.000,0.000,0.000,0.000,0.000,0.000,0.000,0.000,0.000,0.000,0.000,0.000,0.000,0.000,0.000,0.000,0.017,0.000,0.000,0.000,0.000,0.000,0.000,0.000,0.010,0.005,0.043,0.000,0.000,0.000,0.057,0.055,0.061,0.000,0.000,0.000,0.062,0.060,0.061,0.000,0.000,0.000,0.068,0.065,0.065,0.000,0.000,0.000,0.091,0.088,0.092,0.000,0.000,0.000,0.048,0.050,0.044,0.000,0.000,0.000,0.000,0.000,0.000,0.000,0.000,0.000,0.000,0.000,0.000,0.000,0.000,0.000,0.000,0.000,0.000,0.000,0.000,0.000,0.000,0.000,0.000,0.000,0.000,0.000,0.000,0.000,0.000,0.000,0.000,0.000,0.000,0.000,0.000,0.000,0.000,0.000,0.000,0.000,0.000,0.000,0.000,0.000,0.000,0.000,0.000,0.000,0.000,0.000,0.000,0.000,0.000,0.000,0.000,0.000,0.000,0.000,0.000
2025-07-06 22:45:36,234.395,234.351,234.339,0.000,0.000,0.000,2.046,2.040,2.042,0.157,0.157,0.152,0.060,0.047,0.043,1.027,1.026,1.030,0.000,0.032,0.013,1.098,1.085,1.087,0.022,0.021,0.000,1.254,1.256,1.255,0.013,0.000,0.000,0.275,0.266,0.269,0.000,0.000,0.000,0.097,0.097,0.098,0.000,0.000,0.000,0.356,0.364,0.364,0.000,0.000,0.000,0.041,0.056,0.033,0.015,0.000,0.000,0.176,0.179,0.168,0.005,0.000,0.008,0.166,0.165,0.167,0.022,0.013,0.006,0.072,0.068,0.072,0.062,0.065,0.065,0.153,0.153,0.159,0.060,0.061,0.062,0.065,0.067,0.072,0.069,0.070,0.067,0.000,0.000,0.000,0.095,0.096,0.095,0.014,0.000,0.000,0.046,0.046,0.046,0.064,0.064,0.062,0.000,0.000,0.000,0.061,0.055,0.060,0.000,0.000,0.000,0.045,0.030,0.043,0.000,0.000,0.000,0.000,0.000,0.000,0.000,0.000,0.000,0.000,0.000,0.000,0.000,0.000,0.000,0.060,0.056,0.058,0.000,0.000,0.000,0.000,0.000,0.000,0.000,0.000,0.000,0.000,0.000,0.000,0.000,0.000,0.000,0.000,0.000,0.000,0.000,0.000,0.000,0.000,0.000,0.000,0.000,0.000,0.000,0.000,0.000,0.000,0.000,0.000,0.000,0.019,0.004,0.018,0.000,0.000,0.000,0.000,0.000,0.000,0.000,0.000,0.000,0.000,0.000,0.000,0.000,0.000,0.000,0.000,0.000,0.000,0.000,0.000,0.000,0.000,0.000,0.000,0.000,0.000,0.000,0.000,0.000,0.000,0.000,0.000,0.000,0.000,0.000,0.000,0.000,0.000,0.000,0.000,0.000,0.000,0.000,0.000,0.000,0.000,0.000,0.000,0.000,0.000,0.000,0.027,0.017,0.003,0.000,0.000,0.000,0.059,0.064,0.061,0.000,0.000,0.000,0.058,0.061,0.060,0.000,0.000,0.000,0.069,0.071,0.066,0.000,0.000,0.000,0.092,0.094,0.092,0.000,0.000,0.000,0.046,0.046,0.046,0.000,0.000,0.000,0.000,0.000,0.000,0.000,0.000,0.000,0.000,0.000,0.000,0.000,0.000,0.000,0.000,0.000,0.000,0.000,0.000,0.000,0.000,0.000,0.000,0.000,0.000,0.000,0.000,0.000,0.000,0.000,0.000,0.000,0.000,0.000,0.000,0.000,0.000,0.000,0.000,0.000,0.000,0.000,0.000,0.000,0.000,0.000,0.000,0.000,0.000,0.000,0.000,0.000,0.000,0.000,0.000,0.000,0.000,0.000,0.000
2025-07-06 22:45:39,234.320,234.277,234.265,0.000,0.000,0.000,2.042,2.040,2.039,0.157,0.160,0.153,0.063,0.060,0.058,1.033,1.035,1.035,0.014,0.015,0.009,1.081,1.077,1.076,0.029,0.018,0.000,1.254,1.253,1.254,0.000,0.000,0.000,0.271,0.268,0.267,0.000,0.000,0.000,0.105,0.107,0.108,0.000,0.000,0.000,0.376,0.377,0.383,0.000,0.000,0.000,0.046,0.047,0.028,0.000,0.000,0.000,0.169,0.171,0.168,0.000,0.011,0.008,0.164,0.162,0.160,0.022,0.020,0.000,0.073,0.067,0.068,0.064,0.065,0.062,0.151,0.151,0.146,0.057,0.060,0.059,0.063,0.066,0.066,0.070,0.068,0.068,0.000,0.000,0.000,0.094,0.094,0.095,0.010,0.000,0.000,0.046,0.049,0.048,0.061,0.063,0.059,0.000,0.000,0.000,0.064,0.064,0.064,0.000,0.000,0.000,0.047,0.046,0.048,0.000,0.000,0.000,0.000,0.000,0.000,0.000,0.000,0.000,0.000,0.000,0.000,0.000,0.000,0.000,0.060,0.062,0.058,0.000,0.000,0.000,0.000,0.000,0.000,0.000,0.000,0.000,0.000,0.000,0.000,0.000,0.000,0.000,0.000,0.000,0.000,0.000,0.000,0.000,0.000,0.000,0.000,0.000,0.000,0.000,0.000,0.000,0.000,0.000,0.000,0.000,0.033,0.035,0.029,0.012,0.000,0.000,0.000,0.000,0.000,0.000,0.000,0.000,0.000,0.000,0.000,0.000,0.000,0.000,0.000,0.000,0.000,0.000,0.000,0.000,0.000,0.000,0.000,0.000,0.000,0.000,0.000,0.000,0.000,0.000,0.000,0.000,0.000,0.000,0.000,0.000,0.000,0.000,0.000,0.008,0.000,0.011,0.000,0.000,0.000,0.008,0.000,0.000,0.000,0.000,0.002,0.017,0.000,0.000,0.000,0.000,0.058,0.062,0.058,0.000,0.000,0.000,0.056,0.058,0.057,0.000,0.000,0.000,0.068,0.068,0.068,0.000,0.000,0.000,0.092,0.090,0.091,0.000,0.000,0.000,0.045,0.049,0.049,0.000,0.000,0.000,0.000,0.000,0.000,0.000,0.000,0.000,0.000,0.000,0.000,0.000,0.000,0.000,0.000,0.000,0.000,0.000,0.000,0.000,0.000,0.000,0.000,0.000,0.000,0.000,0.000,0.000,0.000,0.000,0.000,0.000,0.000,0.000,0.000,0.000,0.000,0.000,0.000,0.000,0.000,0.000,0.000,0.000,0.000,0.000,0.000,0.000,0.000,0.000,0.000,0.000,0.000,0.000,0.000,0.000,0.000,0.000,0.000
2025-07-06 22:45:42,234.326,234.282,234.270,0.000,0.000,0.000,2.046,2.043,2.045,0.153,0.153,0.151,0.051,0.044,0.042,1.029,1.023,1.031,0.018,0.000,0.014,1.085,1.086,1.079,0.020,0.006,0.014,1.264,1.263,1.266,0.000,0.000,0.000,0.272,0.275,0.271,0.000,0.000,0.000,0.099,0.094,0.100,0.000,0.000,0.000,0.374,0.379,0.379,0.000,0.000,0.000,0.047,0.054,0.046,0.000,0.000,0.000,0.177,0.171,0.170,0.000,0.000,0.000,0.153,0.151,0.153,0.028,0.014,0.026,0.063,0.062,0.067,0.063,0.067,0.063,0.135,0.136,0.135,0.057,0.058,0.056,0.065,0.066,0.068,0.069,0.070,0.067,0.000,0.013,0.000,0.095,0.094,0.091,0.000,0.000,0.000,0.048,0.048,0.050,0.061,0.060,0.058,0.000,0.000,0.000,0.063,0.065,0.063,0.000,0.000,0.000,0.044,0.047,0.046,0.000,0.000,0.000,0.000,0.000,0.000,0.000,0.000,0.000,0.000,0.000,0.000,0.000,0.000,0.000,0.059,0.056,0.058,0.000,0.000,0.000,0.000,0.000,0.000,0.000,0.000,0.000,0.000,0.000,0.000,0.000,0.000,0.000,0.000,0.000,0.000,0.000,0.000,0.000,0.000,0.000,0.000,0.000,0.000,0.000,0.000,0.000,0.000,0.000,0.000,0.000,0.018,0.003,0.018,0.003,0.000,0.000,0.000,0.000,0.000,0.000,0.000,0.000,0.000,0.000,0.000,0.000,0.000,0.000,0.000,0.000,0.000,0.000,0.000,0.000,0.000,0.000,0.000,0.000,0.000,0.000,0.000,0.000,0.000,0.000,0.000,0.000,0.000,0.000,0.000,0.000,0.000,0.000,0.000,0.000,0.000,0.002,0.000,0.000,0.000,0.000,0.000,0.000,0.000,0.000,0.000,0.016,0.000,0.000,0.000,0.000,0.059,0.061,0.060,0.000,0.000,0.000,0.056,0.056,0.056,0.000,0.000,0.000,0.068,0.071,0.067,0.000,0.000,0.000,0.093,0.092,0.090,0.000,0.000,0.000,0.048,0.049,0.049,0.000,0.000,0.000,0.000,0.000,0.000,0.000,0.000,0.000,0.000,0.000,0.000,0.000,0.000,0.000,0.000,0.000,0.000,0.000,0.000,0.000,0.000,0.000,0.000,0.000,0.000,0.000,0.000,0.000,0.000,0.000,0.000,0.000,0.000,0.000,0.000,0.000,0.000,0.000,0.000,0.000,0.000,0.000,0.000,0.000,0.000,0.000,0.000,0.000,0.000,0.000,0.000,0.000,0.000,0.000,0.000,0.000,0.000,0.000,0.000
2025-07-06 22:45:45,234.336,234.292,234.281,0.000,0.000,0.000,2.047,2.050,2.049,0.152,0.149,0.152,0.062,0.060,0.044,1.021,1.023,1.035,0.008,0.000,0.019,1.093,1.097,1.080,0.023,0.000,0.000,1.267,1.268,1.271,0.000,0.014,0.000,0.270,0.272,0.269,0.000,0.000,0.000,0.090,0.082,0.086,0.000,0.000,0.000,0.367,0.372,0.372,0.000,0.000,0.000,0.043,0.050,0.048,0.000,0.000,0.000,0.181,0.179,0.180,0.000,0.000,0.000,0.149,0.157,0.155,0.019,0.005,0.008,0.062,0.056,0.061,0.061,0.063,0.064,0.139,0.141,0.141,0.058,0.056,0.058,0.069,0.068,0.070,0.070,0.067,0.068,0.000,0.000,0.000,0.094,0.092,0.092,0.000,0.000,0.000,0.049,0.050,0.048,0.060,0.064,0.062,0.000,0.000,0.000,0.064,0.063,0.063,0.000,0.000,0.000,0.043,0.045,0.044,0.000,0.000,0.000,0.000,0.000,0.000,0.000,0.000,0.000,0.000,0.000,0.000,0.000,0.000,0.000,0.059,0.056,0.059,0.000,0.000,0.000,0.000,0.000,0.000,0.000,0.000,0.000,0.000,0.000,0.000,0.000,0.000,0.000,0.000,0.000,0.000,0.000,0.000,0.000,0.000,0.000,0.000,0.000,0.000,0.000,0.000,0.000,0.000,0.000,0.000,0.000,0.018,0.016,0.017,0.013,0.000,0.000,0.000,0.000,0.000,0.000,0.000,0.000,0.000,0.000,0.000,0.000,0.000,0.000,0.000,0.000,0.000,0.000,0.000,0.000,0.000,0.000,0.000,0.000,0.000,0.000,0.000,0.000,0.000,0.000,0.000,0.000,0.000,0.000,0.000,0.000,0.000,0.000,0.000,0.000,0.000,0.000,0.000,0.000,0.000,0.000,0.000,0.000,0.000,0.000,0.000,0.011,0.010,0.000,0.000,0.000,0.057,0.058,0.059,0.000,0.000,0.000,0.055,0.054,0.057,0.000,0.000,0.000,0.071,0.067,0.068,0.000,0.000,0.000,0.090,0.089,0.090,0.000,0.000,0.000,0.047,0.049,0.048,0.000,0.000,0.000,0.000,0.000,0.000,0.000,0.000,0.000,0.000,0.000,0.000,0.000,0.000,0.000,0.000,0.000,0.000,0.000,0.000,0.000,0.000,0.000,0.000,0.000,0.000,0.000,0.000,0.000,0.000,0.000,0.000,0.000,0.000,0.000,0.000,0.000,0.000,0.000,0.000,0.000,0.000,0.000,0.000,0.000,0.000,0.000,0.000,0.000,0.000,0.000,0.000,0.000,0.000,0.000,0.000,0.000,0.000,0.000,0.000
2025-07-06 22:45:48,233.784,233.741,233.729,0.000,0.000,0.000,2.114,2.109,2.113,0.152,0.152,0.151,0.023,0.007,0.034,1.071,1.067,1.075,0.033,0.009,0.011,1.142,1.137,1.136,0.000,0.000,0.000,1.284,1.284,1.285,0.005,0.000,0.000,0.285,0.283,0.281,0.000,0.000,0.000,0.097,0.096,0.095,0.000,0.000,0.000,0.367,0.363,0.362,0.014,0.000,0.000,0.000,0.022,0.037,0.000,0.013,0.000,0.219,0.223,0.219,0.000,0.000,0.000,0.165,0.168,0.170,0.015,0.022,0.014,0.056,0.052,0.057,0.058,0.062,0.063,0.132,0.134,0.138,0.056,0.055,0.060,0.067,0.073,0.071,0.069,0.066,0.070,0.022,0.021,0.021,0.091,0.090,0.094,0.044,0.036,0.044,0.051,0.050,0.047,0.063,0.064,0.063,0.000,0.000,0.000,0.054,0.054,0.052,0.000,0.000,0.000,0.043,0.029,0.029,0.000,0.000,0.000,0.008,0.000,0.008,0.000,0.000,0.000,0.000,0.000,0.000,0.000,0.000,0.000,0.056,0.053,0.052,0.000,0.000,0.000,0.000,0.000,0.000,0.000,0.000,0.000,0.000,0.013,0.014,0.000,0.000,0.000,0.000,0.000,0.000,0.000,0.000,0.000,0.000,0.000,0.005,0.000,0.000,0.000,0.000,0.000,0.005,0.000,0.000,0.000,0.032,0.040,0.005,0.000,0.000,0.000,0.000,0.000,0.000,0.000,0.000,0.000,0.000,0.000,0.000,0.000,0.000,0.000,0.000,0.000,0.000,0.000,0.000,0.000,0.000,0.000,0.000,0.000,0.000,0.000,0.000,0.000,0.000,0.000,0.000,0.000,0.000,0.000,0.000,0.000,0.000,0.000,0.000,0.000,0.000,0.000,0.000,0.000,0.000,0.000,0.000,0.000,0.000,0.000,0.000,0.013,0.014,0.000,0.000,0.000,0.057,0.055,0.059,0.000,0.000,0.000,0.054,0.053,0.058,0.000,0.000,0.000,0.069,0.066,0.067,0.000,0.000,0.000,0.089,0.088,0.090,0.000,0.000,0.000,0.050,0.050,0.047,0.000,0.000,0.000,0.000,0.000,0.000,0.000,0.000,0.000,0.000,0.000,0.000,0.000,0.000,0.000,0.000,0.000,0.000,0.000,0.000,0.000,0.000,0.000,0.000,0.000,0.000,0.000,0.000,0.000,0.000,0.000,0.000,0.000,0.000,0.000,0.000,0.000,0.000,0.000,0.000,0.000,0.000,0.000,0.000,0.000,0.000,0.000,0.000,0.000,0.000,0.000,0.000,0.000,0.000,0.000,0.000,0.000,0.000,0.000,0.000
2025-07-06 22:45:51,233.784,233.741,233.729,0.000,0.000,0.000,2.114,2.109,2.113,0.152,0.152,0.151,0.023,0.007,0.034,1.071,1.067,1.075,0.033,0.009,0.011,1.142,1.137,1.136,0.000,0.000,0.000,1.284,1.284,1.285,0.005,0.000,0.000,0.285,0.283,0.281,0.000,0.000,0.000,0.097,0.096,0.095,0.000,0.000,0.000,0.367,0.363,0.362,0.014,0.000,0.000,0.000,0.022,0.037,0.000,0.013,0.000,0.219,0.223,0.219,0.000,0.000,0.000,0.165,0.168,0.170,0.015,0.022,0.014,0.056,0.052,0.057,0.058,0.062,0.063,0.132,0.134,0.138,0.056,0.055,0.060,0.067,0.073,0.071,0.069,0.066,0.070,0.022,0.021,0.021,0.091,0.090,0.094,0.044,0.036,0.044,0.051,0.050,0.047,0.063,0.064,0.063,0.000,0.000,0.000,0.054,0.054,0.052,0.000,0.000,0.000,0.043,0.029,0.029,0.000,0.000,0.000,0.008,0.000,0.008,0.000,0.000,0.000,0.000,0.000,0.000,0.000,0.000,0.000,0.056,0.053,0.052,0.000,0.000,0.000,0.000,0.000,0.000,0.000,0.000,0.000,0.000,0.013,0.014,0.000,0.000,0.000,0.000,0.000,0.000,0.000,0.000,0.000,0.000,0.000,0.005,0.000,0.000,0.000,0.000,0.000,0.005,0.000,0.000,0.000,0.032,0.040,0.005,0.000,0.000,0.000,0.000,0.000,0.000,0.000,0.000,0.000,0.000,0.000,0.000,0.000,0.000,0.000,0.000,0.000,0.000,0.000,0.000,0.000,0.000,0.000,0.000,0.000,0.000,0.000,0.000,0.000,0.000,0.000,0.000,0.000,0.000,0.000,0.000,0.000,0.000,0.000,0.000,0.000,0.000,0.000,0.000,0.000,0.000,0.000,0.000,0.000,0.000,0.000,0.000,0.013,0.014,0.000,0.000,0.000,0.057,0.055,0.059,0.000,0.000,0.000,0.054,0.053,0.058,0.000,0.000,0.000,0.069,0.066,0.067,0.000,0.000,0.000,0.089,0.088,0.090,0.000,0.000,0.000,0.050,0.050,0.047,0.000,0.000,0.000,0.000,0.000,0.000,0.000,0.000,0.000,0.000,0.000,0.000,0.000,0.000,0.000,0.000,0.000,0.000,0.000,0.000,0.000,0.000,0.000,0.000,0.000,0.000,0.000,0.000,0.000,0.000,0.000,0.000,0.000,0.000,0.000,0.000,0.000,0.000,0.000,0.000,0.000,0.000,0.000,0.000,0.000,0.000,0.000,0.000,0.000,0.000,0.000,0.000,0.000,0.000,0.000,0.000,0.000,0.000,0.000,0.000
2025-07-06 22:45:54,233.778,233.734,233.722,0.000,0.000,0.000,2.119,2.119,2.116,0.156,0.148,0.156,0.046,0.034,0.052,1.078,1.084,1.074,0.022,0.006,0.025,1.143,1.135,1.141,0.014,0.013,0.000,1.282,1.285,1.283,0.008,0.000,0.000,0.278,0.275,0.277,0.000,0.000,0.000,0.104,0.106,0.109,0.000,0.000,0.000,0.376,0.372,0.374,0.000,0.000,0.000,0.021,0.014,0.018,0.000,0.000,0.000,0.219,0.225,0.219,0.000,0.000,0.000,0.167,0.165,0.165,0.023,0.005,0.022,0.061,0.059,0.064,0.059,0.059,0.067,0.153,0.151,0.150,0.063,0.063,0.063,0.068,0.075,0.067,0.066,0.064,0.067,0.005,0.019,0.005,0.098,0.091,0.092,0.027,0.022,0.014,0.048,0.050,0.048,0.057,0.057,0.058,0.000,0.000,0.000,0.058,0.059,0.057,0.000,0.000,0.000,0.047,0.049,0.046,0.000,0.000,0.000,0.005,0.014,0.005,0.000,0.000,0.000,0.000,0.000,0.000,0.000,0.000,0.000,0.051,0.053,0.054,0.000,0.000,0.000,0.000,0.000,0.000,0.000,0.000,0.000,0.000,0.000,0.000,0.000,0.000,0.000,0.000,0.000,0.000,0.000,0.000,0.000,0.000,0.000,0.000,0.000,0.000,0.000,0.000,0.000,0.000,0.000,0.000,0.000,0.027,0.016,0.016,0.000,0.000,0.000,0.000,0.000,0.000,0.000,0.000,0.000,0.000,0.000,0.000,0.000,0.000,0.000,0.000,0.000,0.000,0.000,0.000,0.000,0.000,0.000,0.000,0.000,0.000,0.000,0.000,0.000,0.000,0.000,0.000,0.000,0.000,0.000,0.000,0.000,0.000,0.000,0.000,0.000,0.000,0.000,0.000,0.000,0.000,0.000,0.000,0.000,0.000,0.000,0.026,0.000,0.024,0.000,0.000,0.000,0.055,0.056,0.062,0.000,0.000,0.000,0.062,0.061,0.063,0.000,0.000,0.000,0.064,0.065,0.066,0.000,0.000,0.000,0.093,0.087,0.089,0.000,0.000,0.000,0.047,0.049,0.050,0.000,0.000,0.000,0.000,0.000,0.000,0.000,0.000,0.000,0.000,0.000,0.000,0.000,0.000,0.000,0.000,0.000,0.000,0.000,0.000,0.000,0.000,0.000,0.000,0.000,0.000,0.000,0.000,0.000,0.000,0.000,0.000,0.000,0.000,0.000,0.000,0.000,0.000,0.000,0.000,0.000,0.000,0.000,0.000,0.000,0.000,0.000,0.000,0.000,0.000,0.000,0.000,0.000,0.000,0.000,0.000,0.000,0.000,0.000,0.000
2025-07-06 22:45:57,233.747,233.704,233.692,0.000,0.000,0.000,2.123,2.124,2.122,0.159,0.149,0.148,0.076,0.068,0.051,1.082,1.086,1.080,0.015,0.000,0.014,1.139,1.136,1.139,0.023,0.016,0.015,1.288,1.288,1.286,0.021,0.000,0.000,0.282,0.280,0.282,0.000,0.000,0.000,0.103,0.103,0.103,0.000,0.000,0.000,0.372,0.375,0.379,0.000,0.000,0.000,0.022,0.005,0.021,0.000,0.000,0.000,0.218,0.222,0.221,0.000,0.000,0.000,0.169,0.170,0.169,0.047,0.015,0.019,0.045,0.053,0.048,0.060,0.058,0.054,0.137,0.147,0.147,0.060,0.058,0.058,0.067,0.065,0.069,0.067,0.071,0.067,0.027,0.000,0.015,0.086,0.093,0.091,0.042,0.046,0.047,0.058,0.052,0.052,0.060,0.061,0.063,0.000,0.000,0.000,0.057,0.057,0.056,0.000,0.000,0.000,0.045,0.044,0.046,0.000,0.000,0.000,0.000,0.000,0.000,0.000,0.000,0.000,0.000,0.000,0.000,0.000,0.000,0.000,0.053,0.058,0.055,0.000,0.000,0.000,0.000,0.000,0.000,0.000,0.000,0.000,0.008,0.009,0.000,0.000,0.000,0.000,0.000,0.000,0.000,0.000,0.000,0.000,0.000,0.000,0.000,0.000,0.000,0.000,0.000,0.000,0.000,0.000,0.000,0.000,0.035,0.029,0.017,0.013,0.000,0.000,0.000,0.000,0.000,0.000,0.000,0.000,0.000,0.000,0.000,0.000,0.000,0.000,0.000,0.000,0.000,0.000,0.000,0.000,0.000,0.000,0.000,0.000,0.000,0.000,0.000,0.000,0.000,0.000,0.000,0.000,0.000,0.000,0.000,0.000,0.000,0.000,0.000,0.000,0.000,0.000,0.000,0.000,0.000,0.000,0.000,0.000,0.000,0.000,0.034,0.013,0.016,0.000,0.000,0.000,0.058,0.052,0.052,0.000,0.000,0.000,0.060,0.053,0.053,0.000,0.000,0.000,0.066,0.068,0.066,0.000,0.000,0.000,0.084,0.086,0.087,0.000,0.000,0.000,0.056,0.053,0.053,0.000,0.000,0.000,0.000,0.000,0.000,0.000,0.000,0.000,0.000,0.000,0.000,0.000,0.000,0.000,0.000,0.000,0.000,0.000,0.000,0.000,0.000,0.000,0.000,0.000,0.000,0.000,0.000,0.000,0.000,0.000,0.000,0.000,0.000,0.000,0.000,0.000,0.000,0.000,0.000,0.000,0.000,0.000,0.000,0.000,0.000,0.000,0.000,0.000,0.000,0.000,0.000,0.000,0.000,0.000,0.000,0.000,0.000,0.000,0.000
2025-07-06 22:46:00,233.789,233.745,233.734,0.000,0.000,0.000,2.129,2.136,2.132,0.151,0.149,0.155,0.061,0.051,0.036,1.088,1.092,1.089,0.025,0.029,0.013,1.146,1.153,1.149,0.005,0.000,0.000,1.285,1.287,1.285,0.000,0.000,0.000,0.284,0.286,0.283,0.000,0.000,0.000,0.100,0.097,0.100,0.000,0.000,0.000,0.374,0.377,0.376,0.000,0.000,0.000,0.009,0.022,0.015,0.000,0.000,0.000,0.219,0.220,0.222,0.000,0.000,0.008,0.169,0.168,0.167,0.005,0.022,0.000,0.055,0.058,0.060,0.061,0.063,0.067,0.154,0.148,0.154,0.058,0.060,0.064,0.068,0.063,0.065,0.068,0.067,0.066,0.000,0.021,0.013,0.096,0.089,0.096,0.048,0.020,0.047,0.047,0.049,0.048,0.061,0.061,0.065,0.000,0.000,0.000,0.055,0.058,0.059,0.000,0.000,0.000,0.045,0.044,0.046,0.000,0.000,0.000,0.000,0.000,0.000,0.000,0.000,0.000,0.000,0.000,0.000,0.000,0.000,0.000,0.056,0.055,0.057,0.000,0.000,0.000,0.000,0.000,0.000,0.000,0.000,0.000,0.018,0.006,0.000,0.000,0.000,0.000,0.000,0.000,0.000,0.000,0.000,0.000,0.000,0.000,0.000,0.000,0.000,0.000,0.000,0.000,0.000,0.000,0.000,0.000,0.012,0.013,0.020,0.000,0.000,0.000,0.000,0.000,0.000,0.000,0.000,0.000,0.000,0.000,0.000,0.000,0.000,0.000,0.000,0.000,0.000,0.000,0.000,0.000,0.000,0.000,0.000,0.000,0.000,0.000,0.000,0.000,0.000,0.000,0.000,0.000,0.000,0.000,0.000,0.000,0.000,0.000,0.000,0.000,0.000,0.000,0.000,0.000,0.000,0.000,0.000,0.000,0.000,0.000,0.000,0.010,0.010,0.000,0.000,0.000,0.059,0.058,0.061,0.000,0.000,0.000,0.057,0.060,0.062,0.000,0.000,0.000,0.068,0.065,0.064,0.000,0.000,0.000,0.093,0.087,0.092,0.000,0.000,0.000,0.046,0.050,0.048,0.000,0.000,0.000,0.000,0.000,0.000,0.000,0.000,0.000,0.000,0.000,0.000,0.000,0.000,0.000,0.000,0.000,0.000,0.000,0.000,0.000,0.000,0.000,0.000,0.000,0.000,0.000,0.000,0.000,0.000,0.000,0.000,0.000,0.000,0.000,0.000,0.000,0.000,0.000,0.000,0.000,0.000,0.000,0.000,0.000,0.000,0.000,0.000,0.000,0.000,0.000,0.000,0.000,0.000,0.000,0.000,0.000,0.000,0.000,0.000
2025-07-06 22:46:03,233.808,233.764,233.752,0.000,0.000,0.000,2.121,2.119,2.119,0.150,0.154,0.150,0.037,0.052,0.046,1.082,1.079,1.082,0.017,0.000,0.003,1.143,1.144,1.144,0.000,0.000,0.000,1.281,1.276,1.276,0.000,0.000,0.000,0.281,0.280,0.277,0.000,0.000,0.000,0.107,0.109,0.102,0.000,0.000,0.000,0.376,0.379,0.385,0.000,0.000,0.000,0.022,0.041,0.024,0.000,0.000,0.000,0.224,0.222,0.221,0.000,0.000,0.018,0.164,0.166,0.166,0.022,0.043,0.024,0.066,0.063,0.063,0.062,0.054,0.058,0.152,0.151,0.147,0.058,0.065,0.059,0.065,0.071,0.065,0.065,0.064,0.065,0.000,0.038,0.000,0.091,0.091,0.090,0.022,0.022,0.027,0.051,0.053,0.051,0.057,0.060,0.058,0.000,0.000,0.000,0.061,0.062,0.060,0.000,0.000,0.000,0.045,0.048,0.045,0.000,0.000,0.000,0.002,0.032,0.018,0.000,0.000,0.000,0.000,0.000,0.000,0.000,0.000,0.000,0.055,0.057,0.055,0.000,0.000,0.000,0.000,0.000,0.000,0.000,0.000,0.000,0.000,0.000,0.000,0.000,0.000,0.000,0.000,0.000,0.000,0.000,0.000,0.000,0.000,0.000,0.000,0.000,0.000,0.000,0.013,0.014,0.000,0.000,0.000,0.000,0.028,0.024,0.017,0.000,0.000,0.000,0.000,0.000,0.000,0.000,0.000,0.000,0.000,0.000,0.000,0.000,0.000,0.000,0.000,0.000,0.000,0.000,0.000,0.000,0.000,0.000,0.000,0.000,0.000,0.000,0.000,0.000,0.000,0.000,0.000,0.000,0.000,0.000,0.000,0.000,0.000,0.000,0.000,0.000,0.000,0.000,0.000,0.000,0.000,0.000,0.000,0.000,0.000,0.000,0.025,0.043,0.038,0.000,0.000,0.000,0.055,0.052,0.049,0.000,0.000,0.000,0.057,0.061,0.057,0.000,0.000,0.000,0.063,0.063,0.064,0.000,0.000,0.000,0.086,0.088,0.088,0.000,0.000,0.000,0.051,0.053,0.051,0.000,0.000,0.000,0.000,0.000,0.000,0.000,0.000,0.000,0.000,0.000,0.000,0.000,0.000,0.000,0.000,0.000,0.000,0.000,0.000,0.000,0.000,0.000,0.000,0.000,0.000,0.000,0.000,0.000,0.000,0.000,0.000,0.000,0.000,0.000,0.000,0.000,0.000,0.000,0.000,0.000,0.000,0.000,0.000,0.000,0.000,0.000,0.000,0.000,0.000,0.000,0.000,0.000,0.000,0.000,0.000,0.000,0.000,0.000,0.000
2025-07-06 22:46:06,233.776,233.732,233.720,0.000,0.000,0.000,2.128,2.127,2.123,0.154,0.156,0.156,0.063,0.073,0.072,1.087,1.083,1.083,0.046,0.014,0.021,1.144,1.145,1.141,0.008,0.015,0.000,1.287,1.286,1.283,0.000,0.000,0.000,0.281,0.278,0.278,0.000,0.000,0.000,0.098,0.098,0.098,0.000,0.000,0.000,0.374,0.376,0.379,0.000,0.000,0.000,0.013,0.015,0.027,0.000,0.000,0.000,0.223,0.220,0.222,0.000,0.000,0.000,0.171,0.174,0.174,0.021,0.028,0.005,0.057,0.056,0.055,0.058,0.061,0.061,0.144,0.150,0.151,0.059,0.059,0.060,0.068,0.065,0.071,0.067,0.068,0.067,0.000,0.008,0.000,0.091,0.093,0.095,0.032,0.046,0.048,0.052,0.051,0.048,0.062,0.064,0.063,0.000,0.000,0.000,0.059,0.056,0.055,0.000,0.000,0.000,0.046,0.045,0.045,0.000,0.000,0.000,0.005,0.000,0.000,0.000,0.000,0.000,0.000,0.000,0.000,0.000,0.000,0.000,0.055,0.056,0.052,0.000,0.000,0.000,0.000,0.000,0.000,0.000,0.000,0.000,0.013,0.000,0.000,0.000,0.000,0.000,0.000,0.000,0.000,0.000,0.000,0.000,0.000,0.000,0.000,0.000,0.000,0.000,0.000,0.000,0.000,0.000,0.000,0.000,0.025,0.023,0.033,0.000,0.015,0.014,0.000,0.000,0.000,0.000,0.000,0.000,0.000,0.000,0.000,0.000,0.000,0.000,0.000,0.000,0.000,0.000,0.000,0.000,0.000,0.000,0.000,0.000,0.000,0.000,0.000,0.000,0.000,0.000,0.000,0.000,0.000,0.000,0.000,0.000,0.000,0.000,0.000,0.000,0.000,0.000,0.000,0.000,0.000,0.000,0.000,0.000,0.000,0.000,0.016,0.002,0.000,0.000,0.000,0.000,0.054,0.057,0.058,0.000,0.000,0.000,0.057,0.058,0.058,0.000,0.000,0.000,0.066,0.067,0.067,0.000,0.000,0.000,0.089,0.090,0.091,0.000,0.000,0.000,0.052,0.050,0.048,0.000,0.000,0.000,0.000,0.000,0.000,0.000,0.000,0.000,0.000,0.000,0.000,0.000,0.000,0.000,0.000,0.000,0.000,0.000,0.000,0.000,0.000,0.000,0.000,0.000,0.000,0.000,0.000,0.000,0.000,0.000,0.000,0.000,0.000,0.000,0.000,0.000,0.000,0.000,0.000,0.000,0.000,0.000,0.000,0.000,0.000,0.000,0.000,0.000,0.000,0.000,0.000,0.000,0.000,0.000,0.000,0.000,0.000,0.000,0.000
2025-07-06 22:46:09,233.719,233.676,233.664,0.000,0.000,0.000,2.128,2.123,2.130,0.155,0.155,0.155,0.060,0.044,0.060,1.081,1.077,1.079,0.031,0.009,0.016,1.144,1.146,1.148,0.031,0.015,0.014,1.291,1.287,1.290,0.000,0.000,0.000,0.281,0.283,0.284,0.000,0.000,0.000,0.097,0.098,0.098,0.000,0.000,0.000,0.380,0.374,0.380,0.000,0.000,0.000,0.020,0.000,0.019,0.000,0.000,0.000,0.216,0.213,0.223,0.000,0.008,0.000,0.171,0.172,0.169,0.000,0.020,0.000,0.061,0.062,0.057,0.066,0.062,0.061,0.151,0.155,0.152,0.060,0.060,0.055,0.063,0.064,0.067,0.070,0.067,0.071,0.000,0.005,0.013,0.096,0.097,0.095,0.022,0.029,0.028,0.048,0.045,0.050,0.059,0.061,0.061,0.000,0.000,0.000,0.055,0.056,0.057,0.000,0.000,0.000,0.043,0.047,0.041,0.000,0.000,0.000,0.000,0.000,0.000,0.000,0.000,0.000,0.000,0.000,0.000,0.000,0.000,0.000,0.055,0.058,0.055,0.000,0.000,0.000,0.000,0.000,0.000,0.000,0.000,0.000,0.000,0.000,0.000,0.000,0.000,0.000,0.000,0.000,0.000,0.000,0.000,0.000,0.000,0.000,0.000,0.000,0.000,0.000,0.000,0.000,0.000,0.000,0.000,0.000,0.027,0.023,0.034,0.000,0.000,0.000,0.000,0.000,0.000,0.000,0.000,0.000,0.000,0.000,0.000,0.000,0.000,0.000,0.000,0.000,0.000,0.000,0.000,0.000,0.000,0.000,0.000,0.000,0.000,0.000,0.000,0.000,0.000,0.000,0.000,0.000,0.000,0.000,0.000,0.000,0.000,0.000,0.000,0.000,0.000,0.000,0.000,0.000,0.000,0.000,0.000,0.000,0.000,0.000,0.000,0.010,0.000,0.000,0.000,0.000,0.061,0.059,0.057,0.000,0.000,0.000,0.057,0.058,0.055,0.000,0.000,0.000,0.069,0.067,0.071,0.000,0.000,0.000,0.092,0.093,0.094,0.000,0.000,0.000,0.048,0.045,0.048,0.000,0.000,0.000,0.000,0.000,0.000,0.000,0.000,0.000,0.000,0.000,0.000,0.000,0.000,0.000,0.000,0.000,0.000,0.000,0.000,0.000,0.000,0.000,0.000,0.000,0.000,0.000,0.000,0.000,0.000,0.000,0.000,0.000,0.000,0.000,0.000,0.000,0.000,0.000,0.000,0.000,0.000,0.000,0.000,0.000,0.000,0.000,0.000,0.000,0.000,0.000,0.000,0.000,0.000,0.000,0.000,0.000,0.000,0.000,0.000
2025-07-06 22:46:12,233.476,233.432,233.420,0.000,0.000,0.000,2.134,2.130,2.127,0.166,0.166,0.171,0.059,0.062,0.069,1.089,1.089,1.081,0.019,0.014,0.025,1.143,1.143,1.140,0.022,0.016,0.021,1.297,1.290,1.294,0.000,0.000,0.000,0.284,0.284,0.278,0.000,0.000,0.000,0.100,0.103,0.103,0.000,0.000,0.000,0.375,0.372,0.373,0.000,0.000,0.000,0.009,0.009,0.025,0.000,0.021,0.000,0.220,0.220,0.211,0.000,0.019,0.013,0.166,0.165,0.169,0.000,0.022,0.037,0.064,0.066,0.064,0.058,0.058,0.060,0.157,0.152,0.157,0.068,0.063,0.063,0.063,0.063,0.063,0.064,0.065,0.064,0.000,0.000,0.000,0.094,0.092,0.091,0.008,0.029,0.044,0.048,0.050,0.049,0.056,0.058,0.060,0.000,0.000,0.000,0.056,0.056,0.055,0.000,0.000,0.000,0.045,0.045,0.042,0.000,0.000,0.000,0.000,0.000,0.013,0.000,0.000,0.000,0.000,0.000,0.000,0.000,0.000,0.000,0.057,0.054,0.056,0.000,0.000,0.000,0.000,0.000,0.000,0.000,0.000,0.000,0.000,0.000,0.000,0.000,0.000,0.000,0.000,0.000,0.000,0.000,0.000,0.000,0.000,0.000,0.000,0.000,0.000,0.000,0.000,0.000,0.000,0.000,0.000,0.000,0.041,0.054,0.065,0.010,0.000,0.000,0.000,0.011,0.000,0.000,0.000,0.000,0.000,0.000,0.000,0.000,0.000,0.000,0.000,0.000,0.000,0.000,0.000,0.000,0.000,0.000,0.000,0.000,0.000,0.000,0.000,0.000,0.000,0.000,0.000,0.000,0.000,0.000,0.000,0.000,0.000,0.000,0.000,0.000,0.000,0.000,0.000,0.000,0.000,0.000,0.000,0.000,0.000,0.000,0.010,0.002,0.014,0.000,0.000,0.000,0.054,0.056,0.058,0.000,0.000,0.000,0.065,0.062,0.060,0.000,0.000,0.000,0.064,0.063,0.063,0.000,0.000,0.000,0.091,0.089,0.087,0.000,0.000,0.000,0.046,0.050,0.049,0.000,0.000,0.000,0.000,0.000,0.000,0.000,0.000,0.000,0.000,0.000,0.000,0.000,0.000,0.000,0.000,0.000,0.000,0.000,0.000,0.000,0.000,0.000,0.000,0.000,0.000,0.000,0.000,0.000,0.000,0.000,0.000,0.000,0.000,0.000,0.000,0.000,0.000,0.000,0.000,0.000,0.000,0.000,0.000,0.000,0.000,0.000,0.000,0.000,0.000,0.000,0.000,0.000,0.000,0.000,0.000,0.000,0.000,0.000,0.000
2025-07-06 22:46:15,233.405,233.362,233.350,0.000,0.000,0.000,2.132,2.128,2.129,0.183,0.164,0.176,0.058,0.068,0.061,1.097,1.091,1.092,0.027,0.005,0.022,1.132,1.133,1.132,0.025,0.016,0.005,1.300,1.295,1.296,0.000,0.000,0.013,0.274,0.276,0.279,0.000,0.000,0.000,0.099,0.094,0.096,0.000,0.000,0.000,0.366,0.369,0.370,0.000,0.000,0.000,0.030,0.046,0.045,0.000,0.005,0.000,0.216,0.217,0.214,0.000,0.000,0.000,0.173,0.175,0.176,0.028,0.019,0.041,0.060,0.058,0.059,0.057,0.059,0.058,0.152,0.151,0.152,0.063,0.062,0.064,0.066,0.066,0.065,0.068,0.066,0.065,0.000,0.000,0.000,0.092,0.092,0.092,0.029,0.044,0.045,0.051,0.053,0.053,0.060,0.064,0.060,0.000,0.000,0.000,0.056,0.053,0.055,0.000,0.000,0.000,0.045,0.028,0.043,0.000,0.000,0.000,0.013,0.000,0.000,0.000,0.000,0.000,0.000,0.000,0.000,0.000,0.000,0.000,0.058,0.056,0.055,0.000,0.000,0.000,0.000,0.000,0.000,0.000,0.000,0.000,0.000,0.000,0.000,0.000,0.000,0.000,0.000,0.000,0.000,0.000,0.000,0.000,0.000,0.000,0.000,0.000,0.000,0.000,0.000,0.000,0.000,0.000,0.000,0.000,0.095,0.057,0.079,0.002,0.014,0.014,0.000,0.002,0.000,0.000,0.000,0.000,0.000,0.000,0.000,0.000,0.000,0.000,0.000,0.000,0.000,0.000,0.000,0.000,0.000,0.000,0.000,0.000,0.000,0.000,0.000,0.000,0.000,0.000,0.000,0.000,0.000,0.000,0.000,0.000,0.000,0.000,0.000,0.000,0.000,0.000,0.000,0.000,0.000,0.000,0.000,0.000,0.000,0.000,0.040,0.014,0.041,0.000,0.000,0.000,0.054,0.055,0.054,0.000,0.000,0.000,0.062,0.059,0.063,0.000,0.000,0.000,0.066,0.065,0.063,0.000,0.000,0.000,0.091,0.085,0.087,0.000,0.000,0.000,0.050,0.053,0.054,0.000,0.000,0.000,0.000,0.000,0.000,0.000,0.000,0.000,0.000,0.000,0.000,0.000,0.000,0.000,0.000,0.000,0.000,0.000,0.000,0.000,0.000,0.000,0.000,0.000,0.000,0.000,0.000,0.000,0.000,0.000,0.000,0.000,0.000,0.000,0.000,0.000,0.000,0.000,0.000,0.000,0.000,0.000,0.000,0.000,0.000,0.000,0.000,0.000,0.000,0.000,0.000,0.000,0.000,0.000,0.000,0.000,0.000,0.000,0.000
2025-07-06 22:46:18,233.454,233.410,233.398,0.000,0.000,0.000,2.128,2.125,2.123,0.157,0.157,0.153,0.039,0.041,0.046,1.093,1.086,1.085,0.031,0.000,0.027,1.126,1.128,1.126,0.005,0.000,0.000,1.301,1.298,1.297,0.000,0.000,0.000,0.279,0.281,0.282,0.000,0.000,0.000,0.087,0.089,0.092,0.000,0.000,0.000,0.371,0.375,0.375,0.000,0.000,0.000,0.055,0.051,0.050,0.000,0.000,0.000,0.219,0.221,0.215,0.000,0.000,0.000,0.165,0.169,0.169,0.025,0.040,0.045,0.067,0.059,0.067,0.058,0.058,0.059,0.149,0.149,0.144,0.063,0.063,0.056,0.066,0.066,0.064,0.066,0.066,0.068,0.000,0.013,0.000,0.093,0.089,0.092,0.037,0.029,0.042,0.052,0.052,0.053,0.058,0.062,0.059,0.000,0.000,0.000,0.057,0.056,0.056,0.000,0.000,0.000,0.043,0.042,0.042,0.000,0.000,0.000,0.000,0.013,0.014,0.000,0.000,0.000,0.000,0.000,0.000,0.000,0.000,0.000,0.058,0.056,0.056,0.000,0.000,0.000,0.000,0.000,0.000,0.000,0.000,0.000,0.000,0.000,0.000,0.000,0.000,0.000,0.000,0.000,0.000,0.000,0.000,0.000,0.000,0.000,0.000,0.000,0.000,0.000,0.000,0.000,0.000,0.000,0.000,0.000,0.024,0.031,0.017,0.000,0.000,0.000,0.000,0.000,0.000,0.000,0.000,0.000,0.000,0.000,0.000,0.000,0.000,0.000,0.000,0.000,0.000,0.000,0.000,0.000,0.000,0.000,0.000,0.000,0.000,0.000,0.000,0.000,0.000,0.000,0.000,0.000,0.000,0.000,0.000,0.000,0.000,0.000,0.000,0.000,0.000,0.000,0.000,0.000,0.000,0.000,0.000,0.000,0.000,0.000,0.029,0.041,0.031,0.000,0.000,0.000,0.055,0.056,0.056,0.000,0.000,0.000,0.060,0.061,0.053,0.000,0.000,0.000,0.066,0.065,0.067,0.000,0.000,0.000,0.089,0.087,0.089,0.000,0.000,0.000,0.053,0.051,0.052,0.000,0.000,0.000,0.000,0.000,0.000,0.000,0.000,0.000,0.000,0.000,0.000,0.000,0.000,0.000,0.000,0.000,0.000,0.000,0.000,0.000,0.000,0.000,0.000,0.000,0.000,0.000,0.000,0.000,0.000,0.000,0.000,0.000,0.000,0.000,0.000,0.000,0.000,0.000,0.000,0.000,0.000,0.000,0.000,0.000,0.000,0.000,0.000,0.000,0.000,0.000,0.000,0.000,0.000,0.000,0.000,0.000,0.000,0.000,0.000
2025-07-06 22:46:21,233.507,233.463,233.452,0.000,0.000,0.000,2.139,2.134,2.133,0.155,0.154,0.152,0.042,0.019,0.051,1.098,1.092,1.088,0.031,0.013,0.030,1.132,1.134,1.134,0.000,0.000,0.000,1.306,1.303,1.305,0.000,0.000,0.000,0.284,0.280,0.280,0.000,0.000,0.000,0.090,0.094,0.092,0.000,0.000,0.000,0.372,0.374,0.372,0.000,0.000,0.000,0.053,0.051,0.046,0.000,0.000,0.000,0.216,0.214,0.213,0.014,0.008,0.000,0.177,0.170,0.172,0.021,0.015,0.006,0.065,0.067,0.065,0.062,0.065,0.060,0.150,0.146,0.148,0.058,0.062,0.063,0.067,0.067,0.068,0.068,0.069,0.065,0.028,0.000,0.000,0.095,0.098,0.094,0.022,0.041,0.045,0.047,0.044,0.046,0.059,0.061,0.060,0.000,0.000,0.000,0.057,0.058,0.054,0.000,0.000,0.000,0.030,0.040,0.043,0.000,0.000,0.000,0.027,0.000,0.000,0.000,0.000,0.000,0.000,0.000,0.000,0.000,0.000,0.000,0.056,0.058,0.057,0.000,0.000,0.000,0.000,0.000,0.000,0.000,0.000,0.000,0.000,0.000,0.000,0.000,0.000,0.000,0.000,0.000,0.000,0.000,0.000,0.000,0.000,0.013,0.000,0.000,0.000,0.000,0.000,0.000,0.000,0.000,0.000,0.000,0.013,0.012,0.026,0.010,0.000,0.000,0.000,0.000,0.000,0.000,0.000,0.000,0.000,0.000,0.000,0.000,0.000,0.000,0.000,0.000,0.000,0.000,0.000,0.000,0.000,0.000,0.000,0.000,0.000,0.000,0.000,0.000,0.000,0.000,0.000,0.000,0.000,0.000,0.000,0.000,0.000,0.000,0.000,0.000,0.000,0.000,0.000,0.000,0.000,0.000,0.000,0.000,0.000,0.000,0.016,0.015,0.000,0.000,0.000,0.000,0.057,0.059,0.058,0.000,0.000,0.000,0.057,0.060,0.061,0.000,0.000,0.000,0.069,0.067,0.065,0.000,0.000,0.000,0.094,0.094,0.092,0.000,0.000,0.000,0.046,0.045,0.045,0.000,0.000,0.000,0.000,0.000,0.000,0.000,0.000,0.000,0.000,0.000,0.000,0.000,0.000,0.000,0.000,0.000,0.000,0.000,0.000,0.000,0.000,0.000,0.000,0.000,0.000,0.000,0.000,0.000,0.000,0.000,0.000,0.000,0.000,0.000,0.000,0.000,0.000,0.000,0.000,0.000,0.000,0.000,0.000,0.000,0.000,0.000,0.000,0.000,0.000,0.000,0.000,0.000,0.000,0.000,0.000,0.000,0.000,0.000,0.000
2025-07-06 22:46:24,233.569,233.525,233.513,0.000,0.000,0.000,2.143,2.134,2.130,0.153,0.153,0.154,0.073,0.064,0.080,1.100,1.088,1.089,0.033,0.037,0.026,1.135,1.134,1.130,0.023,0.014,0.000,1.305,1.303,1.299,0.000,0.000,0.000,0.280,0.280,0.278,0.000,0.000,0.000,0.084,0.083,0.086,0.000,0.000,0.000,0.372,0.373,0.372,0.000,0.000,0.000,0.046,0.048,0.048,0.013,0.000,0.000,0.226,0.226,0.223,0.000,0.005,0.000,0.176,0.177,0.176,0.038,0.030,0.022,0.063,0.065,0.062,0.059,0.058,0.058,0.151,0.150,0.149,0.065,0.060,0.061,0.069,0.066,0.068,0.064,0.066,0.065,0.000,0.000,0.000,0.095,0.088,0.092,0.048,0.045,0.045,0.049,0.050,0.054,0.060,0.062,0.064,0.000,0.000,0.000,0.054,0.054,0.056,0.000,0.000,0.000,0.044,0.044,0.042,0.000,0.000,0.000,0.008,0.000,0.013,0.000,0.000,0.000,0.000,0.000,0.000,0.000,0.000,0.000,0.058,0.054,0.054,0.000,0.000,0.000,0.000,0.000,0.000,0.000,0.000,0.000,0.000,0.000,0.000,0.000,0.000,0.000,0.000,0.000,0.000,0.000,0.000,0.000,0.000,0.000,0.000,0.000,0.000,0.000,0.000,0.000,0.000,0.000,0.000,0.000,0.032,0.035,0.035,0.002,0.000,0.000,0.000,0.000,0.000,0.000,0.000,0.000,0.000,0.000,0.000,0.000,0.000,0.000,0.000,0.000,0.000,0.000,0.000,0.000,0.000,0.000,0.000,0.000,0.000,0.000,0.000,0.000,0.000,0.000,0.000,0.000,0.000,0.000,0.000,0.000,0.000,0.000,0.000,0.000,0.000,0.000,0.000,0.000,0.000,0.000,0.000,0.000,0.000,0.000,0.041,0.028,0.025,0.000,0.000,0.000,0.052,0.056,0.053,0.000,0.000,0.000,0.060,0.057,0.060,0.000,0.000,0.000,0.060,0.065,0.064,0.000,0.000,0.000,0.088,0.085,0.087,0.000,0.000,0.000,0.050,0.050,0.053,0.000,0.000,0.000,0.000,0.000,0.000,0.000,0.000,0.000,0.000,0.000,0.000,0.000,0.000,0.000,0.000,0.000,0.000,0.000,0.000,0.000,0.000,0.000,0.000,0.000,0.000,0.000,0.000,0.000,0.000,0.000,0.000,0.000,0.000,0.000,0.000,0.000,0.000,0.000,0.000,0.000,0.000,0.000,0.000,0.000,0.000,0.000,0.000,0.000,0.000,0.000,0.000,0.000,0.000,0.000,0.000,0.000,0.000,0.000,0.000
2025-07-06 22:46:27,233.552,233.508,233.498,0.000,0.000,0.000,2.131,2.128,2.123,0.154,0.158,0.157,0.062,0.057,0.061,1.101,1.094,1.091,0.025,0.005,0.021,1.120,1.124,1.120,0.005,0.014,0.008,1.300,1.296,1.296,0.000,0.000,0.000,0.278,0.282,0.280,0.000,0.000,0.000,0.090,0.092,0.091,0.000,0.000,0.000,0.379,0.385,0.384,0.000,0.000,0.000,0.046,0.043,0.015,0.000,0.000,0.000,0.223,0.218,0.218,0.000,0.000,0.000,0.164,0.164,0.162,0.019,0.014,0.029,0.067,0.073,0.066,0.064,0.064,0.066,0.149,0.155,0.149,0.056,0.058,0.059,0.062,0.064,0.066,0.066,0.071,0.067,0.014,0.008,0.000,0.093,0.096,0.093,0.028,0.043,0.042,0.048,0.049,0.048,0.059,0.057,0.059,0.000,0.000,0.000,0.060,0.056,0.057,0.000,0.000,0.000,0.045,0.047,0.046,0.000,0.000,0.000,0.018,0.013,0.013,0.000,0.000,0.000,0.000,0.000,0.000,0.000,0.000,0.000,0.055,0.055,0.055,0.000,0.000,0.000,0.000,0.000,0.000,0.000,0.000,0.000,0.000,0.000,0.000,0.000,0.000,0.000,0.000,0.000,0.000,0.000,0.000,0.000,0.000,0.000,0.000,0.000,0.000,0.000,0.000,0.000,0.000,0.000,0.000,0.000,0.043,0.042,0.042,0.000,0.000,0.000,0.000,0.000,0.000,0.000,0.000,0.000,0.000,0.000,0.000,0.000,0.000,0.000,0.000,0.000,0.000,0.000,0.000,0.000,0.000,0.000,0.000,0.000,0.000,0.000,0.000,0.000,0.000,0.000,0.000,0.000,0.000,0.000,0.000,0.000,0.000,0.000,0.010,0.000,0.000,0.000,0.000,0.000,0.000,0.000,0.000,0.000,0.000,0.000,0.002,0.013,0.019,0.000,0.000,0.000,0.058,0.057,0.063,0.000,0.000,0.000,0.054,0.057,0.059,0.000,0.000,0.000,0.065,0.071,0.066,0.000,0.000,0.000,0.091,0.093,0.090,0.000,0.000,0.000,0.046,0.047,0.044,0.000,0.000,0.000,0.000,0.000,0.000,0.000,0.000,0.000,0.000,0.000,0.000,0.000,0.000,0.000,0.000,0.000,0.000,0.000,0.000,0.000,0.000,0.000,0.000,0.000,0.000,0.000,0.000,0.000,0.000,0.000,0.000,0.000,0.000,0.000,0.000,0.000,0.000,0.000,0.000,0.000,0.000,0.000,0.000,0.000,0.000,0.000,0.000,0.000,0.000,0.000,0.000,0.000,0.000,0.000,0.000,0.000,0.000,0.000,0.000
2025-07-06 22:46:30,233.658,233.615,233.603,0.000,0.000,0.000,2.123,2.120,2.118,0.151,0.154,0.148,0.039,0.040,0.056,1.094,1.093,1.089,0.045,0.015,0.031,1.121,1.125,1.122,0.000,0.000,0.005,1.290,1.285,1.285,0.000,0.000,0.000,0.284,0.284,0.284,0.000,0.000,0.000,0.094,0.089,0.090,0.000,0.000,0.000,0.380,0.379,0.383,0.000,0.000,0.000,0.029,0.044,0.031,0.000,0.000,0.000,0.224,0.222,0.216,0.008,0.008,0.000,0.164,0.168,0.169,0.008,0.015,0.028,0.068,0.062,0.062,0.062,0.062,0.063,0.158,0.150,0.154,0.066,0.061,0.059,0.065,0.064,0.062,0.065,0.067,0.065,0.000,0.005,0.000,0.093,0.091,0.092,0.044,0.030,0.045,0.048,0.050,0.051,0.059,0.061,0.062,0.000,0.000,0.000,0.055,0.056,0.054,0.000,0.000,0.000,0.044,0.043,0.043,0.000,0.000,0.000,0.000,0.000,0.000,0.000,0.000,0.000,0.000,0.000,0.000,0.000,0.000,0.000,0.054,0.053,0.056,0.000,0.000,0.000,0.000,0.000,0.000,0.000,0.000,0.000,0.000,0.000,0.000,0.000,0.000,0.000,0.000,0.000,0.000,0.000,0.000,0.000,0.000,0.000,0.000,0.000,0.000,0.000,0.000,0.000,0.000,0.000,0.000,0.000,0.011,0.028,0.017,0.000,0.000,0.000,0.000,0.000,0.000,0.000,0.000,0.000,0.000,0.000,0.000,0.000,0.000,0.000,0.000,0.000,0.000,0.000,0.000,0.000,0.000,0.000,0.000,0.000,0.000,0.000,0.000,0.000,0.000,0.000,0.000,0.000,0.000,0.000,0.000,0.000,0.000,0.000,0.002,0.000,0.000,0.000,0.000,0.000,0.000,0.008,0.000,0.000,0.000,0.000,0.008,0.012,0.018,0.000,0.000,0.000,0.058,0.056,0.054,0.000,0.000,0.000,0.063,0.060,0.057,0.000,0.000,0.000,0.064,0.067,0.064,0.000,0.000,0.000,0.091,0.088,0.087,0.000,0.000,0.000,0.047,0.050,0.050,0.000,0.000,0.000,0.000,0.000,0.000,0.000,0.000,0.000,0.000,0.000,0.000,0.000,0.000,0.000,0.000,0.000,0.000,0.000,0.000,0.000,0.000,0.000,0.000,0.000,0.000,0.000,0.000,0.000,0.000,0.000,0.000,0.000,0.000,0.000,0.000,0.000,0.000,0.000,0.000,0.000,0.000,0.000,0.000,0.000,0.000,0.000,0.000,0.000,0.000,0.000,0.000,0.000,0.000,0.000,0.000,0.000,0.000,0.000,0.000
2025-07-06 22:46:33,233.521,233.478,233.466,0.000,0.000,0.000,2.118,2.108,2.107,0.159,0.167,0.160,0.048,0.054,0.032,1.087,1.079,1.073,0.019,0.000,0.031,1.135,1.136,1.136,0.037,0.000,0.013,1.272,1.262,1.268,0.000,0.000,0.000,0.286,0.283,0.280,0.000,0.000,0.000,0.092,0.096,0.094,0.000,0.000,0.000,0.387,0.384,0.386,0.000,0.000,0.000,0.052,0.046,0.049,0.000,0.008,0.013,0.231,0.231,0.227,0.013,0.027,0.000,0.167,0.170,0.173,0.043,0.042,0.019,0.065,0.058,0.057,0.063,0.061,0.060,0.149,0.146,0.146,0.059,0.060,0.058,0.058,0.062,0.055,0.066,0.068,0.071,0.000,0.000,0.000,0.092,0.093,0.094,0.043,0.046,0.028,0.052,0.048,0.050,0.059,0.061,0.063,0.013,0.000,0.000,0.056,0.054,0.056,0.000,0.000,0.000,0.031,0.047,0.043,0.000,0.000,0.000,0.013,0.000,0.000,0.000,0.000,0.000,0.000,0.000,0.000,0.000,0.000,0.000,0.054,0.055,0.057,0.000,0.000,0.000,0.000,0.000,0.000,0.000,0.000,0.000,0.000,0.000,0.008,0.000,0.000,0.000,0.000,0.000,0.000,0.000,0.000,0.000,0.000,0.000,0.000,0.000,0.000,0.000,0.000,0.000,0.000,0.000,0.000,0.000,0.054,0.060,0.038,0.000,0.000,0.000,0.000,0.000,0.000,0.000,0.000,0.000,0.000,0.000,0.000,0.000,0.000,0.000,0.000,0.000,0.000,0.000,0.000,0.000,0.000,0.000,0.000,0.000,0.000,0.000,0.000,0.000,0.000,0.000,0.000,0.000,0.000,0.000,0.000,0.000,0.000,0.000,0.000,0.011,0.013,0.000,0.000,0.000,0.000,0.017,0.000,0.000,0.000,0.000,0.030,0.031,0.015,0.000,0.000,0.000,0.055,0.060,0.056,0.000,0.000,0.000,0.058,0.056,0.057,0.000,0.000,0.000,0.064,0.067,0.069,0.000,0.000,0.000,0.088,0.089,0.092,0.000,0.000,0.000,0.051,0.047,0.048,0.000,0.000,0.000,0.000,0.000,0.000,0.000,0.000,0.000,0.000,0.000,0.000,0.000,0.000,0.000,0.000,0.000,0.000,0.000,0.000,0.000,0.000,0.000,0.000,0.000,0.000,0.000,0.000,0.000,0.000,0.000,0.000,0.000,0.000,0.000,0.000,0.000,0.000,0.000,0.000,0.000,0.000,0.000,0.000,0.000,0.000,0.000,0.000,0.000,0.000,0.000,0.000,0.000,0.000,0.000,0.000,0.000,0.000,0.000,0.000
2025-07-06 22:46:36,233.456,233.411,233.400,0.000,0.000,0.000,2.111,2.111,2.103,0.156,0.150,0.152,0.059,0.064,0.051,1.072,1.073,1.068,0.016,0.014,0.029,1.144,1.144,1.137,0.006,0.000,0.016,1.264,1.261,1.261,0.000,0.000,0.008,0.282,0.285,0.285,0.000,0.000,0.000,0.100,0.094,0.094,0.000,0.000,0.000,0.385,0.386,0.385,0.000,0.000,0.000,0.049,0.048,0.047,0.000,0.005,0.000,0.242,0.244,0.240,0.018,0.015,0.000,0.175,0.173,0.172,0.046,0.042,0.029,0.055,0.062,0.058,0.061,0.064,0.052,0.148,0.151,0.145,0.058,0.060,0.061,0.057,0.056,0.059,0.065,0.067,0.065,0.000,0.000,0.000,0.088,0.096,0.092,0.043,0.050,0.047,0.053,0.046,0.050,0.059,0.062,0.062,0.000,0.000,0.000,0.054,0.053,0.055,0.000,0.000,0.000,0.043,0.046,0.047,0.000,0.000,0.000,0.000,0.000,0.000,0.000,0.000,0.000,0.000,0.000,0.000,0.000,0.000,0.000,0.055,0.056,0.055,0.000,0.000,0.000,0.000,0.000,0.000,0.000,0.000,0.000,0.000,0.000,0.005,0.000,0.000,0.000,0.000,0.000,0.000,0.000,0.000,0.000,0.000,0.000,0.000,0.000,0.000,0.000,0.000,0.000,0.000,0.000,0.000,0.000,0.032,0.031,0.043,0.000,0.000,0.000,0.000,0.000,0.000,0.000,0.000,0.000,0.000,0.000,0.000,0.000,0.000,0.000,0.000,0.000,0.000,0.000,0.000,0.000,0.000,0.000,0.000,0.000,0.000,0.000,0.000,0.000,0.000,0.000,0.000,0.000,0.000,0.000,0.000,0.000,0.000,0.000,0.000,0.002,0.000,0.000,0.000,0.000,0.000,0.003,0.000,0.000,0.000,0.000,0.040,0.014,0.014,0.000,0.000,0.000,0.058,0.057,0.052,0.000,0.000,0.000,0.060,0.058,0.058,0.000,0.000,0.000,0.063,0.062,0.065,0.000,0.000,0.000,0.087,0.087,0.089,0.000,0.000,0.000,0.050,0.046,0.048,0.000,0.000,0.000,0.000,0.000,0.000,0.000,0.000,0.000,0.000,0.000,0.000,0.000,0.000,0.000,0.000,0.000,0.000,0.000,0.000,0.000,0.000,0.000,0.000,0.000,0.000,0.000,0.000,0.000,0.000,0.000,0.000,0.000,0.000,0.000,0.000,0.000,0.000,0.000,0.000,0.000,0.000,0.000,0.000,0.000,0.000,0.000,0.000,0.000,0.000,0.000,0.000,0.000,0.000,0.000,0.000,0.000,0.000,0.000,0.000
2025-07-06 22:46:39,233.486,233.442,233.430,0.000,0.000,0.000,2.112,2.107,2.106,0.164,0.156,0.157,0.060,0.051,0.060,1.074,1.074,1.071,0.029,0.008,0.022,1.146,1.143,1.143,0.013,0.000,0.000,1.259,1.256,1.255,0.000,0.000,0.005,0.281,0.282,0.281,0.000,0.000,0.000,0.096,0.098,0.096,0.014,0.000,0.000,0.386,0.376,0.383,0.000,0.000,0.000,0.056,0.052,0.055,0.038,0.015,0.000,0.247,0.246,0.243,0.016,0.030,0.000,0.176,0.179,0.184,0.047,0.016,0.023,0.056,0.063,0.052,0.061,0.068,0.061,0.148,0.151,0.153,0.059,0.059,0.062,0.056,0.054,0.061,0.065,0.067,0.065,0.000,0.000,0.000,0.093,0.095,0.094,0.042,0.046,0.048,0.049,0.045,0.049,0.059,0.063,0.063,0.000,0.000,0.000,0.049,0.053,0.050,0.000,0.000,0.000,0.041,0.044,0.044,0.000,0.000,0.000,0.014,0.000,0.000,0.000,0.000,0.000,0.000,0.000,0.000,0.000,0.000,0.000,0.057,0.055,0.053,0.000,0.000,0.000,0.000,0.000,0.000,0.000,0.000,0.000,0.000,0.000,0.000,0.000,0.000,0.000,0.000,0.000,0.000,0.000,0.000,0.000,0.000,0.000,0.000,0.000,0.000,0.000,0.000,0.000,0.000,0.000,0.000,0.000,0.044,0.019,0.002,0.000,0.000,0.000,0.000,0.000,0.000,0.000,0.000,0.000,0.000,0.000,0.000,0.000,0.000,0.000,0.000,0.000,0.000,0.000,0.000,0.000,0.000,0.000,0.000,0.000,0.000,0.000,0.000,0.000,0.000,0.000,0.000,0.000,0.000,0.000,0.000,0.000,0.013,0.000,0.024,0.000,0.016,0.000,0.000,0.000,0.010,0.010,0.027,0.000,0.000,0.000,0.042,0.016,0.027,0.000,0.000,0.000,0.058,0.061,0.059,0.000,0.000,0.000,0.056,0.060,0.061,0.000,0.000,0.000,0.065,0.063,0.063,0.000,0.000,0.000,0.093,0.092,0.088,0.000,0.000,0.000,0.046,0.045,0.049,0.000,0.000,0.000,0.000,0.000,0.000,0.000,0.000,0.000,0.000,0.000,0.000,0.000,0.000,0.000,0.000,0.000,0.000,0.000,0.000,0.000,0.000,0.000,0.000,0.000,0.000,0.000,0.000,0.000,0.000,0.000,0.000,0.000,0.000,0.000,0.000,0.000,0.000,0.000,0.000,0.000,0.000,0.000,0.000,0.000,0.000,0.000,0.000,0.000,0.000,0.000,0.000,0.000,0.000,0.000,0.000,0.000,0.000,0.000,0.000
2025-07-06 22:46:42,233.537,233.493,233.481,0.000,0.000,0.000,2.109,2.100,2.101,0.159,0.157,0.154,0.058,0.046,0.052,1.079,1.073,1.073,0.027,0.030,0.020,1.138,1.136,1.134,0.008,0.000,0.000,1.259,1.254,1.254,0.000,0.000,0.000,0.284,0.276,0.282,0.000,0.000,0.000,0.104,0.110,0.103,0.000,0.000,0.000,0.381,0.380,0.384,0.000,0.008,0.000,0.048,0.031,0.032,0.015,0.024,0.000,0.242,0.240,0.245,0.000,0.019,0.008,0.177,0.176,0.172,0.029,0.049,0.022,0.060,0.059,0.064,0.055,0.062,0.064,0.154,0.149,0.153,0.060,0.061,0.060,0.066,0.056,0.059,0.067,0.064,0.068,0.000,0.000,0.000,0.095,0.090,0.091,0.048,0.028,0.049,0.048,0.053,0.052,0.055,0.059,0.058,0.000,0.000,0.000,0.055,0.054,0.055,0.000,0.000,0.000,0.046,0.044,0.047,0.000,0.000,0.000,0.013,0.000,0.000,0.000,0.000,0.000,0.000,0.000,0.000,0.000,0.000,0.000,0.053,0.052,0.053,0.000,0.000,0.000,0.000,0.000,0.000,0.000,0.000,0.000,0.000,0.000,0.000,0.000,0.000,0.000,0.000,0.000,0.000,0.000,0.000,0.000,0.000,0.000,0.000,0.000,0.000,0.000,0.000,0.000,0.000,0.000,0.000,0.000,0.045,0.041,0.014,0.000,0.000,0.000,0.000,0.000,0.000,0.000,0.000,0.000,0.000,0.000,0.000,0.000,0.000,0.000,0.000,0.000,0.000,0.000,0.000,0.000,0.000,0.000,0.000,0.000,0.000,0.000,0.000,0.000,0.000,0.000,0.000,0.000,0.000,0.000,0.000,0.000,0.000,0.000,0.014,0.000,0.000,0.000,0.000,0.000,0.002,0.002,0.000,0.000,0.000,0.000,0.028,0.018,0.032,0.000,0.000,0.000,0.055,0.058,0.062,0.000,0.000,0.000,0.059,0.060,0.055,0.000,0.000,0.000,0.066,0.064,0.067,0.000,0.000,0.000,0.091,0.088,0.086,0.000,0.000,0.000,0.047,0.053,0.053,0.000,0.000,0.000,0.000,0.000,0.000,0.000,0.000,0.000,0.000,0.000,0.000,0.000,0.000,0.000,0.000,0.000,0.000,0.000,0.000,0.000,0.000,0.000,0.000,0.000,0.000,0.000,0.000,0.000,0.000,0.000,0.000,0.000,0.000,0.000,0.000,0.000,0.000,0.000,0.000,0.000,0.000,0.000,0.000,0.000,0.000,0.000,0.000,0.000,0.000,0.000,0.000,0.000,0.000,0.000,0.000,0.000,0.000,0.000,0.000
2025-07-06 22:46:45,233.500,233.458,233.446,0.000,0.000,0.000,2.088,2.079,2.078,0.159,0.152,0.151,0.071,0.072,0.062,1.086,1.077,1.076,0.020,0.019,0.028,1.116,1.117,1.114,0.020,0.010,0.000,1.235,1.229,1.231,0.000,0.000,0.000,0.281,0.283,0.282,0.000,0.000,0.000,0.122,0.122,0.118,0.000,0.000,0.000,0.375,0.371,0.373,0.000,0.005,0.000,0.031,0.029,0.047,0.006,0.006,0.014,0.252,0.249,0.248,0.008,0.000,0.020,0.173,0.174,0.175,0.046,0.050,0.039,0.058,0.059,0.062,0.064,0.058,0.062,0.144,0.142,0.143,0.064,0.063,0.057,0.062,0.062,0.062,0.067,0.066,0.067,0.000,0.013,0.000,0.099,0.091,0.090,0.050,0.050,0.049,0.048,0.050,0.051,0.058,0.063,0.062,0.000,0.000,0.000,0.052,0.055,0.057,0.000,0.000,0.000,0.046,0.045,0.044,0.000,0.000,0.000,0.000,0.000,0.000,0.000,0.000,0.000,0.000,0.000,0.000,0.000,0.000,0.000,0.054,0.051,0.051,0.000,0.000,0.000,0.000,0.000,0.000,0.000,0.000,0.000,0.000,0.000,0.000,0.000,0.000,0.000,0.000,0.000,0.000,0.000,0.000,0.000,0.000,0.000,0.000,0.000,0.000,0.000,0.000,0.000,0.000,0.000,0.000,0.000,0.031,0.045,0.011,0.000,0.000,0.000,0.000,0.000,0.000,0.000,0.000,0.000,0.000,0.000,0.000,0.000,0.000,0.000,0.000,0.000,0.000,0.000,0.000,0.000,0.000,0.000,0.000,0.000,0.000,0.000,0.000,0.000,0.000,0.000,0.000,0.000,0.000,0.000,0.000,0.000,0.000,0.000,0.016,0.000,0.000,0.000,0.000,0.000,0.000,0.000,0.000,0.000,0.000,0.000,0.032,0.000,0.027,0.000,0.000,0.000,0.058,0.056,0.057,0.000,0.000,0.000,0.061,0.058,0.055,0.000,0.000,0.000,0.063,0.066,0.068,0.000,0.000,0.000,0.091,0.088,0.087,0.000,0.000,0.000,0.047,0.050,0.051,0.000,0.000,0.000,0.000,0.000,0.000,0.000,0.000,0.000,0.000,0.000,0.000,0.000,0.000,0.000,0.000,0.000,0.000,0.000,0.000,0.000,0.000,0.000,0.000,0.000,0.000,0.000,0.000,0.000,0.000,0.000,0.000,0.000,0.000,0.000,0.000,0.000,0.000,0.000,0.000,0.000,0.000,0.000,0.000,0.000,0.000,0.000,0.000,0.000,0.000,0.000,0.000,0.000,0.000,0.000,0.000,0.000,0.000,0.000,0.000
2025-07-06 22:46:48,233.555,233.512,233.500,0.000,0.000,0.000,2.086,2.083,2.077,0.158,0.152,0.160,0.050,0.058,0.059,1.080,1.080,1.072,0.021,0.016,0.021,1.123,1.123,1.117,0.000,0.006,0.008,1.231,1.229,1.230,0.000,0.000,0.000,0.281,0.275,0.278,0.000,0.000,0.000,0.122,0.120,0.120,0.000,0.000,0.000,0.380,0.378,0.382,0.000,0.000,0.000,0.044,0.049,0.029,0.013,0.000,0.000,0.259,0.254,0.254,0.018,0.008,0.000,0.163,0.166,0.164,0.036,0.014,0.047,0.062,0.056,0.057,0.065,0.061,0.062,0.140,0.138,0.139,0.060,0.060,0.057,0.066,0.065,0.060,0.066,0.067,0.070,0.000,0.000,0.008,0.091,0.095,0.092,0.047,0.052,0.045,0.051,0.049,0.050,0.061,0.063,0.062,0.000,0.000,0.000,0.060,0.058,0.060,0.000,0.000,0.000,0.043,0.048,0.045,0.000,0.000,0.000,0.013,0.021,0.027,0.000,0.000,0.000,0.000,0.000,0.000,0.000,0.000,0.000,0.051,0.052,0.052,0.000,0.000,0.000,0.000,0.000,0.000,0.000,0.000,0.000,0.000,0.000,0.000,0.000,0.000,0.000,0.000,0.000,0.000,0.000,0.000,0.000,0.000,0.000,0.000,0.000,0.000,0.000,0.000,0.000,0.000,0.000,0.000,0.000,0.043,0.032,0.047,0.000,0.000,0.000,0.000,0.000,0.000,0.000,0.000,0.000,0.000,0.000,0.000,0.000,0.000,0.000,0.000,0.000,0.000,0.000,0.000,0.000,0.000,0.000,0.000,0.000,0.000,0.000,0.000,0.000,0.000,0.000,0.000,0.000,0.000,0.000,0.000,0.000,0.000,0.000,0.013,0.000,0.000,0.000,0.000,0.000,0.000,0.000,0.000,0.000,0.000,0.000,0.030,0.000,0.031,0.000,0.000,0.000,0.058,0.058,0.060,0.000,0.000,0.000,0.058,0.056,0.056,0.000,0.000,0.000,0.065,0.067,0.069,0.000,0.000,0.000,0.087,0.091,0.091,0.000,0.000,0.000,0.052,0.049,0.046,0.000,0.000,0.000,0.000,0.000,0.000,0.000,0.000,0.000,0.000,0.000,0.000,0.000,0.000,0.000,0.000,0.000,0.000,0.000,0.000,0.000,0.000,0.000,0.000,0.000,0.000,0.000,0.000,0.000,0.000,0.000,0.000,0.000,0.000,0.000,0.000,0.000,0.000,0.000,0.000,0.000,0.000,0.000,0.000,0.000,0.000,0.000,0.000,0.000,0.000,0.000,0.000,0.000,0.000,0.000,0.000,0.000,0.000,0.000,0.000
2025-07-06 22:46:51,233.989,233.946,233.934,0.000,0.000,0.000,2.066,2.061,2.053,0.150,0.164,0.175,0.036,0.046,0.057,1.041,1.029,1.011,0.020,0.027,0.024,1.115,1.109,1.110,0.009,0.000,0.020,1.241,1.247,1.247,0.000,0.008,0.000,0.277,0.274,0.277,0.000,0.000,0.000,0.125,0.120,0.116,0.000,0.000,0.000,0.377,0.382,0.380,0.000,0.000,0.000,0.037,0.051,0.052,0.000,0.010,0.000,0.261,0.250,0.258,0.000,0.019,0.000,0.167,0.162,0.167,0.038,0.030,0.042,0.051,0.059,0.037,0.055,0.060,0.061,0.139,0.138,0.138,0.058,0.059,0.055,0.063,0.066,0.065,0.066,0.068,0.070,0.008,0.000,0.018,0.091,0.093,0.094,0.049,0.054,0.052,0.052,0.050,0.048,0.062,0.059,0.065,0.000,0.000,0.000,0.061,0.057,0.062,0.000,0.000,0.000,0.045,0.033,0.048,0.000,0.000,0.000,0.010,0.014,0.009,0.000,0.000,0.000,0.000,0.000,0.000,0.000,0.000,0.000,0.053,0.036,0.036,0.000,0.000,0.000,0.000,0.000,0.000,0.000,0.000,0.000,0.000,0.000,0.000,0.000,0.000,0.000,0.000,0.000,0.000,0.000,0.000,0.000,0.000,0.000,0.000,0.000,0.000,0.000,0.000,0.000,0.000,0.000,0.000,0.000,0.015,0.039,0.080,0.000,0.000,0.000,0.000,0.013,0.000,0.000,0.000,0.013,0.000,0.000,0.000,0.000,0.000,0.000,0.000,0.000,0.000,0.000,0.000,0.000,0.000,0.000,0.000,0.000,0.000,0.000,0.000,0.000,0.000,0.000,0.000,0.000,0.000,0.000,0.000,0.000,0.000,0.000,0.000,0.011,0.010,0.000,0.010,0.000,0.000,0.013,0.000,0.000,0.000,0.000,0.024,0.026,0.013,0.000,0.000,0.000,0.050,0.058,0.060,0.000,0.000,0.000,0.059,0.055,0.054,0.000,0.000,0.000,0.064,0.068,0.070,0.000,0.000,0.000,0.089,0.089,0.092,0.000,0.000,0.000,0.052,0.050,0.047,0.000,0.000,0.000,0.000,0.000,0.000,0.000,0.000,0.000,0.000,0.000,0.000,0.000,0.000,0.000,0.000,0.000,0.000,0.000,0.000,0.000,0.000,0.000,0.000,0.000,0.000,0.000,0.000,0.000,0.000,0.000,0.000,0.000,0.000,0.000,0.000,0.000,0.000,0.000,0.000,0.000,0.000,0.000,0.000,0.000,0.000,0.000,0.000,0.000,0.000,0.000,0.000,0.000,0.000,0.000,0.000,0.000,0.000,0.000,0.000
2025-07-06 22:46:54,234.418,234.373,234.362,0.000,0.000,0.000,2.068,2.064,2.061,0.155,0.150,0.150,0.044,0.047,0.043,0.979,0.980,0.978,0.000,0.006,0.014,1.140,1.140,1.137,0.022,0.008,0.013,1.265,1.261,1.263,0.000,0.005,0.000,0.275,0.274,0.274,0.000,0.000,0.000,0.122,0.130,0.125,0.000,0.000,0.000,0.393,0.389,0.381,0.000,0.000,0.000,0.027,0.005,0.015,0.000,0.006,0.014,0.259,0.252,0.251,0.000,0.028,0.000,0.166,0.162,0.165,0.046,0.006,0.020,0.055,0.063,0.063,0.058,0.066,0.057,0.140,0.148,0.140,0.060,0.058,0.062,0.063,0.062,0.062,0.067,0.067,0.068,0.034,0.013,0.014,0.090,0.094,0.092,0.028,0.046,0.043,0.055,0.047,0.049,0.064,0.064,0.062,0.000,0.000,0.000,0.063,0.064,0.061,0.000,0.000,0.000,0.051,0.053,0.055,0.000,0.000,0.000,0.043,0.045,0.030,0.000,0.000,0.000,0.000,0.000,0.000,0.000,0.000,0.000,0.056,0.056,0.056,0.000,0.000,0.000,0.000,0.000,0.000,0.000,0.000,0.000,0.000,0.000,0.000,0.000,0.000,0.000,0.000,0.000,0.000,0.000,0.000,0.000,0.014,0.013,0.000,0.000,0.000,0.000,0.000,0.000,0.000,0.000,0.000,0.000,0.018,0.033,0.003,0.000,0.000,0.000,0.000,0.000,0.000,0.000,0.000,0.000,0.000,0.000,0.000,0.000,0.000,0.000,0.000,0.000,0.000,0.000,0.000,0.000,0.000,0.000,0.000,0.000,0.000,0.000,0.000,0.000,0.000,0.000,0.000,0.000,0.000,0.000,0.000,0.000,0.000,0.000,0.000,0.002,0.002,0.010,0.002,0.000,0.000,0.000,0.000,0.000,0.000,0.000,0.028,0.002,0.013,0.000,0.000,0.000,0.054,0.056,0.054,0.000,0.000,0.000,0.060,0.054,0.061,0.000,0.000,0.000,0.066,0.067,0.066,0.000,0.000,0.000,0.090,0.089,0.091,0.000,0.000,0.000,0.049,0.046,0.047,0.000,0.000,0.000,0.000,0.000,0.000,0.000,0.000,0.000,0.000,0.000,0.000,0.000,0.000,0.000,0.000,0.000,0.000,0.000,0.000,0.000,0.000,0.000,0.000,0.000,0.000,0.000,0.000,0.000,0.000,0.000,0.000,0.000,0.000,0.000,0.000,0.000,0.000,0.000,0.000,0.000,0.000,0.000,0.000,0.000,0.000,0.000,0.000,0.000,0.000,0.000,0.000,0.000,0.000,0.000,0.000,0.000,0.000,0.000,0.000
2025-07-06 22:46:57,234.359,234.315,234.304,0.000,0.000,0.000,2.073,2.073,2.068,0.155,0.146,0.153,0.035,0.044,0.050,0.986,0.984,0.988,0.000,0.008,0.021,1.142,1.144,1.137,0.000,0.005,0.023,1.270,1.271,1.265,0.000,0.000,0.000,0.273,0.275,0.272,0.000,0.000,0.000,0.122,0.121,0.120,0.000,0.000,0.000,0.383,0.381,0.381,0.000,0.000,0.000,0.028,0.000,0.015,0.008,0.000,0.000,0.267,0.258,0.262,0.000,0.000,0.000,0.165,0.167,0.163,0.045,0.014,0.009,0.053,0.057,0.055,0.061,0.064,0.060,0.134,0.143,0.144,0.060,0.058,0.061,0.065,0.061,0.067,0.069,0.068,0.068,0.022,0.008,0.009,0.090,0.093,0.091,0.044,0.044,0.047,0.051,0.049,0.050,0.064,0.065,0.063,0.000,0.000,0.000,0.065,0.064,0.063,0.000,0.000,0.000,0.054,0.051,0.055,0.000,0.000,0.000,0.042,0.019,0.042,0.000,0.000,0.000,0.000,0.000,0.000,0.000,0.000,0.000,0.056,0.058,0.058,0.000,0.000,0.000,0.000,0.000,0.000,0.000,0.000,0.000,0.000,0.000,0.000,0.000,0.000,0.000,0.000,0.000,0.000,0.000,0.000,0.000,0.000,0.000,0.000,0.000,0.000,0.000,0.000,0.000,0.000,0.000,0.000,0.000,0.000,0.013,0.016,0.000,0.000,0.013,0.000,0.000,0.000,0.000,0.000,0.000,0.000,0.000,0.000,0.000,0.000,0.000,0.000,0.000,0.000,0.000,0.000,0.000,0.000,0.000,0.000,0.000,0.000,0.000,0.000,0.000,0.000,0.000,0.000,0.000,0.000,0.000,0.000,0.000,0.000,0.000,0.000,0.000,0.000,0.002,0.000,0.000,0.010,0.000,0.000,0.000,0.000,0.000,0.030,0.000,0.013,0.000,0.000,0.000,0.060,0.056,0.059,0.000,0.000,0.000,0.058,0.057,0.059,0.000,0.000,0.000,0.070,0.066,0.066,0.000,0.000,0.000,0.089,0.087,0.087,0.000,0.000,0.000,0.049,0.047,0.050,0.000,0.000,0.000,0.000,0.000,0.000,0.000,0.000,0.000,0.000,0.000,0.000,0.000,0.000,0.000,0.000,0.000,0.000,0.000,0.000,0.000,0.000,0.000,0.000,0.000,0.000,0.000,0.000,0.000,0.000,0.000,0.000,0.000,0.000,0.000,0.000,0.000,0.000,0.000,0.000,0.000,0.000,0.000,0.000,0.000,0.000,0.000,0.000,0.000,0.000,0.000,0.000,0.000,0.000,0.000,0.000,0.000,0.000,0.000,0.000
2025-07-06 22:47:00,234.380,234.337,234.325,0.000,0.000,0.000,2.087,2.082,2.084,0.152,0.152,0.155,0.041,0.051,0.054,1.003,0.997,1.002,0.010,0.031,0.000,1.147,1.147,1.144,0.000,0.009,0.006,1.274,1.272,1.273,0.000,0.000,0.000,0.280,0.275,0.281,0.000,0.000,0.000,0.122,0.118,0.117,0.000,0.000,0.000,0.374,0.376,0.377,0.000,0.000,0.000,0.019,0.028,0.035,0.005,0.013,0.000,0.267,0.268,0.254,0.000,0.015,0.000,0.170,0.166,0.174,0.046,0.008,0.045,0.051,0.054,0.046,0.058,0.067,0.060,0.140,0.138,0.139,0.063,0.061,0.069,0.066,0.068,0.069,0.068,0.071,0.065,0.034,0.005,0.006,0.090,0.093,0.093,0.047,0.048,0.049,0.053,0.047,0.049,0.070,0.068,0.069,0.000,0.000,0.000,0.064,0.064,0.064,0.000,0.000,0.000,0.052,0.051,0.053,0.000,0.000,0.000,0.047,0.039,0.045,0.000,0.000,0.000,0.000,0.000,0.000,0.000,0.000,0.000,0.060,0.061,0.062,0.000,0.000,0.000,0.000,0.000,0.000,0.000,0.000,0.000,0.000,0.000,0.000,0.000,0.000,0.000,0.000,0.000,0.000,0.000,0.000,0.000,0.000,0.000,0.000,0.000,0.000,0.000,0.000,0.000,0.000,0.000,0.000,0.000,0.000,0.003,0.012,0.000,0.000,0.000,0.000,0.000,0.000,0.000,0.000,0.000,0.000,0.000,0.000,0.000,0.000,0.000,0.000,0.000,0.000,0.000,0.000,0.000,0.000,0.000,0.000,0.000,0.000,0.000,0.000,0.000,0.000,0.000,0.000,0.000,0.000,0.000,0.000,0.000,0.000,0.000,0.000,0.000,0.000,0.000,0.000,0.000,0.002,0.000,0.014,0.000,0.000,0.000,0.027,0.011,0.033,0.000,0.000,0.000,0.057,0.061,0.058,0.000,0.000,0.000,0.061,0.058,0.065,0.000,0.000,0.000,0.066,0.069,0.063,0.000,0.000,0.000,0.088,0.091,0.086,0.000,0.000,0.000,0.053,0.047,0.048,0.000,0.000,0.000,0.000,0.000,0.000,0.000,0.000,0.000,0.000,0.000,0.000,0.000,0.000,0.000,0.000,0.000,0.000,0.000,0.000,0.000,0.000,0.000,0.000,0.000,0.000,0.000,0.000,0.000,0.000,0.000,0.000,0.000,0.000,0.000,0.000,0.000,0.000,0.000,0.000,0.000,0.000,0.000,0.000,0.000,0.000,0.000,0.000,0.000,0.000,0.000,0.000,0.000,0.000,0.000,0.000,0.000,0.000,0.000,0.000
2025-07-06 22:47:03,234.386,234.343,234.331,0.000,0.000,0.000,2.090,2.085,2.089,0.158,0.149,0.153,0.062,0.044,0.050,1.007,1.000,1.002,0.020,0.023,0.015,1.154,1.155,1.160,0.015,0.006,0.000,1.270,1.269,1.267,0.000,0.000,0.000,0.279,0.274,0.279,0.000,0.000,0.000,0.111,0.115,0.117,0.000,0.000,0.000,0.376,0.377,0.380,0.000,0.000,0.000,0.015,0.013,0.000,0.000,0.000,0.000,0.271,0.266,0.266,0.013,0.000,0.021,0.165,0.166,0.165,0.044,0.028,0.036,0.045,0.030,0.052,0.053,0.064,0.064,0.132,0.131,0.142,0.061,0.056,0.063,0.072,0.063,0.069,0.067,0.070,0.067,0.013,0.000,0.008,0.089,0.091,0.091,0.049,0.046,0.049,0.055,0.051,0.048,0.064,0.065,0.064,0.000,0.000,0.000,0.064,0.066,0.063,0.000,0.000,0.000,0.052,0.050,0.054,0.000,0.000,0.000,0.036,0.044,0.045,0.000,0.000,0.000,0.000,0.000,0.000,0.000,0.000,0.000,0.058,0.057,0.058,0.000,0.000,0.000,0.000,0.000,0.000,0.000,0.000,0.000,0.000,0.000,0.000,0.000,0.000,0.000,0.000,0.000,0.000,0.000,0.000,0.000,0.000,0.000,0.000,0.000,0.000,0.000,0.000,0.000,0.000,0.000,0.000,0.000,0.037,0.014,0.016,0.024,0.000,0.000,0.000,0.000,0.000,0.000,0.000,0.000,0.000,0.000,0.000,0.000,0.000,0.000,0.000,0.000,0.000,0.000,0.000,0.000,0.000,0.000,0.000,0.000,0.000,0.000,0.000,0.000,0.000,0.000,0.000,0.000,0.000,0.000,0.000,0.000,0.000,0.000,0.000,0.000,0.000,0.000,0.000,0.000,0.000,0.000,0.000,0.000,0.000,0.000,0.016,0.019,0.011,0.000,0.000,0.000,0.054,0.056,0.064,0.000,0.000,0.000,0.058,0.055,0.061,0.000,0.000,0.000,0.068,0.068,0.066,0.000,0.000,0.000,0.086,0.086,0.088,0.000,0.000,0.000,0.055,0.050,0.047,0.000,0.000,0.000,0.000,0.000,0.000,0.000,0.000,0.000,0.000,0.000,0.000,0.000,0.000,0.000,0.000,0.000,0.000,0.000,0.000,0.000,0.000,0.000,0.000,0.000,0.000,0.000,0.000,0.000,0.000,0.000,0.000,0.000,0.000,0.000,0.000,0.000,0.000,0.000,0.000,0.000,0.000,0.000,0.000,0.000,0.000,0.000,0.000,0.000,0.000,0.000,0.000,0.000,0.000,0.000,0.000,0.000,0.000,0.000,0.000
2025-07-06 22:47:06,234.536,234.492,234.480,0.000,0.000,0.000,2.098,2.099,2.098,0.163,0.146,0.153,0.065,0.042,0.053,1.009,1.012,1.005,0.000,0.000,0.014,1.166,1.169,1.173,0.000,0.014,0.000,1.272,1.269,1.267,0.008,0.000,0.000,0.275,0.278,0.279,0.000,0.000,0.000,0.117,0.116,0.112,0.000,0.000,0.000,0.373,0.375,0.380,0.000,0.000,0.000,0.000,0.000,0.000,0.000,0.000,0.000,0.268,0.275,0.269,0.008,0.000,0.005,0.167,0.168,0.165,0.043,0.042,0.013,0.051,0.034,0.031,0.063,0.058,0.061,0.139,0.134,0.134,0.066,0.056,0.060,0.068,0.065,0.072,0.068,0.070,0.069,0.035,0.039,0.026,0.096,0.087,0.098,0.045,0.020,0.048,0.048,0.053,0.044,0.060,0.062,0.063,0.000,0.000,0.000,0.064,0.064,0.060,0.000,0.000,0.000,0.057,0.051,0.053,0.000,0.000,0.000,0.038,0.043,0.042,0.000,0.000,0.000,0.000,0.000,0.000,0.000,0.000,0.000,0.059,0.056,0.056,0.000,0.000,0.000,0.000,0.000,0.000,0.000,0.000,0.000,0.000,0.000,0.000,0.000,0.000,0.000,0.000,0.000,0.000,0.000,0.000,0.000,0.000,0.000,0.000,0.000,0.000,0.000,0.000,0.000,0.000,0.000,0.000,0.000,0.021,0.013,0.030,0.002,0.000,0.000,0.000,0.000,0.000,0.000,0.000,0.000,0.000,0.000,0.000,0.000,0.000,0.000,0.000,0.000,0.000,0.000,0.000,0.000,0.000,0.000,0.000,0.000,0.000,0.000,0.000,0.000,0.000,0.000,0.000,0.000,0.000,0.000,0.000,0.000,0.000,0.000,0.000,0.000,0.000,0.000,0.000,0.000,0.000,0.000,0.000,0.000,0.000,0.000,0.037,0.011,0.000,0.000,0.000,0.000,0.063,0.054,0.060,0.000,0.000,0.000,0.064,0.056,0.058,0.000,0.000,0.000,0.068,0.068,0.067,0.000,0.000,0.000,0.092,0.085,0.091,0.000,0.000,0.000,0.047,0.050,0.045,0.000,0.000,0.000,0.000,0.000,0.000,0.000,0.000,0.000,0.000,0.000,0.000,0.000,0.000,0.000,0.000,0.000,0.000,0.000,0.000,0.000,0.000,0.000,0.000,0.000,0.000,0.000,0.000,0.000,0.000,0.000,0.000,0.000,0.000,0.000,0.000,0.000,0.000,0.000,0.000,0.000,0.000,0.000,0.000,0.000,0.000,0.000,0.000,0.000,0.000,0.000,0.000,0.000,0.000,0.000,0.000,0.000,0.000,0.000,0.000
2025-07-06 22:47:09,234.536,234.491,234.479,0.000,0.000,0.000,2.103,2.103,2.103,0.152,0.154,0.155,0.068,0.071,0.072,1.016,1.019,1.017,0.018,0.013,0.008,1.167,1.165,1.167,0.000,0.022,0.016,1.269,1.268,1.268,0.019,0.008,0.000,0.280,0.279,0.280,0.000,0.000,0.000,0.115,0.118,0.120,0.000,0.000,0.000,0.380,0.373,0.376,0.000,0.000,0.000,0.000,0.000,0.000,0.000,0.000,0.000,0.276,0.280,0.273,0.005,0.008,0.000,0.166,0.165,0.166,0.043,0.028,0.023,0.044,0.048,0.053,0.062,0.057,0.066,0.137,0.140,0.146,0.064,0.063,0.059,0.072,0.070,0.069,0.067,0.071,0.070,0.044,0.042,0.027,0.095,0.090,0.099,0.045,0.038,0.048,0.050,0.055,0.044,0.059,0.065,0.062,0.000,0.000,0.000,0.062,0.061,0.059,0.000,0.000,0.000,0.057,0.050,0.051,0.000,0.000,0.000,0.045,0.043,0.043,0.000,0.000,0.000,0.000,0.000,0.008,0.000,0.000,0.000,0.057,0.057,0.058,0.000,0.000,0.000,0.000,0.000,0.000,0.000,0.000,0.000,0.000,0.000,0.000,0.000,0.000,0.000,0.000,0.000,0.000,0.000,0.000,0.000,0.000,0.000,0.000,0.000,0.000,0.000,0.000,0.000,0.000,0.000,0.000,0.000,0.016,0.016,0.023,0.000,0.000,0.000,0.000,0.000,0.000,0.000,0.000,0.000,0.000,0.000,0.000,0.000,0.000,0.000,0.000,0.000,0.000,0.000,0.000,0.000,0.000,0.000,0.000,0.000,0.000,0.000,0.000,0.000,0.000,0.000,0.000,0.000,0.000,0.000,0.000,0.000,0.000,0.000,0.000,0.000,0.000,0.000,0.000,0.000,0.000,0.000,0.000,0.000,0.000,0.000,0.002,0.028,0.009,0.000,0.000,0.000,0.059,0.053,0.063,0.000,0.000,0.000,0.061,0.062,0.055,0.000,0.000,0.000,0.066,0.067,0.070,0.000,0.000,0.000,0.092,0.087,0.092,0.000,0.000,0.000,0.048,0.053,0.044,0.000,0.000,0.000,0.000,0.000,0.000,0.000,0.000,0.000,0.000,0.000,0.000,0.000,0.000,0.000,0.000,0.000,0.000,0.000,0.000,0.000,0.000,0.000,0.000,0.000,0.000,0.000,0.000,0.000,0.000,0.000,0.000,0.000,0.000,0.000,0.000,0.000,0.000,0.000,0.000,0.000,0.000,0.000,0.000,0.000,0.000,0.000,0.000,0.000,0.000,0.000,0.000,0.000,0.000,0.000,0.000,0.000,0.000,0.000,0.000
2025-07-06 22:47:12,234.509,234.466,234.454,0.000,0.000,0.000,2.114,2.113,2.116,0.154,0.152,0.154,0.066,0.068,0.067,1.027,1.026,1.027,0.030,0.037,0.005,1.176,1.172,1.178,0.015,0.014,0.026,1.273,1.275,1.275,0.008,0.005,0.000,0.284,0.288,0.287,0.000,0.000,0.000,0.119,0.112,0.113,0.000,0.000,0.000,0.367,0.369,0.366,0.000,0.008,0.000,0.000,0.000,0.000,0.000,0.000,0.000,0.267,0.270,0.265,0.014,0.005,0.000,0.169,0.169,0.177,0.036,0.023,0.016,0.050,0.058,0.057,0.065,0.059,0.063,0.142,0.143,0.143,0.060,0.061,0.057,0.062,0.058,0.066,0.068,0.068,0.072,0.034,0.006,0.034,0.093,0.090,0.096,0.045,0.044,0.048,0.049,0.053,0.048,0.062,0.061,0.064,0.000,0.000,0.000,0.063,0.060,0.060,0.000,0.000,0.000,0.059,0.053,0.056,0.000,0.000,0.000,0.044,0.029,0.044,0.000,0.000,0.000,0.000,0.000,0.005,0.000,0.000,0.000,0.059,0.059,0.060,0.000,0.000,0.000,0.000,0.000,0.000,0.000,0.000,0.000,0.000,0.000,0.000,0.000,0.000,0.000,0.000,0.000,0.000,0.000,0.000,0.000,0.000,0.000,0.000,0.000,0.000,0.000,0.000,0.000,0.000,0.000,0.000,0.000,0.028,0.027,0.028,0.000,0.000,0.000,0.000,0.000,0.000,0.000,0.000,0.000,0.000,0.000,0.000,0.000,0.000,0.000,0.000,0.000,0.000,0.000,0.000,0.000,0.000,0.000,0.000,0.000,0.000,0.000,0.000,0.000,0.000,0.000,0.000,0.000,0.000,0.000,0.000,0.000,0.000,0.000,0.000,0.000,0.000,0.000,0.000,0.000,0.000,0.000,0.000,0.000,0.000,0.000,0.000,0.028,0.006,0.000,0.000,0.000,0.063,0.052,0.061,0.000,0.000,0.000,0.058,0.060,0.053,0.000,0.000,0.000,0.068,0.064,0.072,0.000,0.000,0.000,0.092,0.085,0.089,0.000,0.000,0.000,0.046,0.053,0.048,0.000,0.000,0.000,0.000,0.000,0.000,0.000,0.000,0.000,0.000,0.000,0.000,0.000,0.000,0.000,0.000,0.000,0.000,0.000,0.000,0.000,0.000,0.000,0.000,0.000,0.000,0.000,0.000,0.000,0.000,0.000,0.000,0.000,0.000,0.000,0.000,0.000,0.000,0.000,0.000,0.000,0.000,0.000,0.000,0.000,0.000,0.000,0.000,0.000,0.000,0.000,0.000,0.000,0.000,0.000,0.000,0.000,0.000,0.000,0.000
2025-07-06 22:47:15,234.562,234.519,234.507,0.000,0.000,0.000,2.134,2.127,2.129,0.163,0.150,0.154,0.025,0.050,0.025,1.038,1.034,1.034,0.014,0.035,0.016,1.193,1.186,1.190,0.023,0.020,0.006,1.285,1.285,1.284,0.005,0.000,0.000,0.293,0.291,0.287,0.000,0.000,0.000,0.109,0.107,0.107,0.000,0.000,0.000,0.362,0.360,0.363,0.000,0.005,0.000,0.000,0.015,0.000,0.000,0.000,0.000,0.264,0.259,0.260,0.000,0.000,0.000,0.169,0.171,0.174,0.036,0.008,0.035,0.050,0.054,0.052,0.062,0.061,0.057,0.139,0.140,0.143,0.060,0.059,0.062,0.062,0.059,0.065,0.068,0.069,0.072,0.023,0.015,0.014,0.094,0.093,0.095,0.030,0.023,0.048,0.051,0.051,0.050,0.062,0.061,0.063,0.000,0.000,0.000,0.064,0.065,0.062,0.000,0.000,0.000,0.059,0.052,0.054,0.000,0.000,0.000,0.046,0.045,0.044,0.000,0.000,0.000,0.014,0.000,0.000,0.000,0.000,0.000,0.061,0.060,0.063,0.000,0.000,0.000,0.000,0.000,0.000,0.000,0.000,0.000,0.000,0.000,0.000,0.000,0.000,0.000,0.000,0.000,0.000,0.000,0.000,0.000,0.000,0.000,0.000,0.000,0.000,0.000,0.000,0.000,0.000,0.000,0.000,0.000,0.036,0.028,0.006,0.000,0.000,0.000,0.000,0.000,0.000,0.000,0.000,0.000,0.000,0.000,0.000,0.000,0.000,0.000,0.000,0.000,0.000,0.000,0.000,0.000,0.000,0.000,0.000,0.000,0.000,0.000,0.000,0.000,0.000,0.000,0.000,0.000,0.000,0.000,0.000,0.000,0.000,0.000,0.000,0.000,0.000,0.000,0.000,0.000,0.000,0.000,0.000,0.000,0.000,0.000,0.014,0.013,0.021,0.000,0.000,0.000,0.061,0.052,0.055,0.000,0.000,0.000,0.058,0.058,0.058,0.000,0.000,0.000,0.069,0.065,0.073,0.000,0.000,0.000,0.092,0.088,0.092,0.000,0.000,0.000,0.049,0.050,0.049,0.000,0.000,0.000,0.000,0.000,0.000,0.000,0.000,0.000,0.000,0.000,0.000,0.000,0.000,0.000,0.000,0.000,0.000,0.000,0.000,0.000,0.000,0.000,0.000,0.000,0.000,0.000,0.000,0.000,0.000,0.000,0.000,0.000,0.000,0.000,0.000,0.000,0.000,0.000,0.000,0.000,0.000,0.000,0.000,0.000,0.000,0.000,0.000,0.000,0.000,0.000,0.000,0.000,0.000,0.000,0.000,0.000,0.000,0.000,0.000
2025-07-06 22:47:18,234.616,234.571,234.561,0.000,0.000,0.000,2.131,2.130,2.130,0.160,0.160,0.150,0.055,0.058,0.052,1.023,1.024,1.023,0.000,0.016,0.009,1.205,1.199,1.201,0.006,0.023,0.000,1.281,1.284,1.282,0.000,0.000,0.000,0.292,0.292,0.295,0.000,0.000,0.000,0.109,0.110,0.103,0.000,0.000,0.000,0.362,0.359,0.364,0.008,0.000,0.000,0.015,0.000,0.000,0.000,0.000,0.000,0.259,0.258,0.261,0.000,0.000,0.000,0.176,0.176,0.170,0.045,0.044,0.016,0.051,0.055,0.053,0.065,0.066,0.056,0.141,0.139,0.136,0.061,0.062,0.061,0.062,0.059,0.067,0.070,0.071,0.070,0.046,0.035,0.040,0.093,0.094,0.094,0.022,0.030,0.043,0.049,0.053,0.048,0.066,0.067,0.064,0.000,0.000,0.000,0.063,0.065,0.063,0.000,0.000,0.000,0.057,0.053,0.056,0.000,0.000,0.000,0.043,0.043,0.046,0.000,0.000,0.000,0.013,0.000,0.000,0.000,0.000,0.000,0.062,0.062,0.060,0.000,0.000,0.000,0.000,0.000,0.000,0.000,0.000,0.000,0.000,0.000,0.000,0.000,0.000,0.000,0.000,0.000,0.000,0.000,0.000,0.000,0.000,0.000,0.000,0.000,0.000,0.000,0.000,0.000,0.000,0.000,0.000,0.000,0.024,0.031,0.013,0.000,0.000,0.000,0.000,0.000,0.000,0.000,0.000,0.000,0.000,0.000,0.000,0.000,0.000,0.000,0.000,0.000,0.000,0.000,0.000,0.000,0.000,0.000,0.000,0.000,0.000,0.000,0.000,0.000,0.000,0.000,0.000,0.000,0.000,0.000,0.000,0.000,0.000,0.000,0.000,0.000,0.000,0.000,0.000,0.000,0.000,0.000,0.000,0.000,0.000,0.000,0.025,0.043,0.005,0.000,0.000,0.000,0.063,0.058,0.054,0.000,0.000,0.000,0.058,0.062,0.056,0.000,0.000,0.000,0.072,0.066,0.072,0.000,0.000,0.000,0.091,0.088,0.091,0.000,0.000,0.000,0.047,0.051,0.048,0.000,0.000,0.000,0.000,0.000,0.000,0.000,0.000,0.000,0.000,0.000,0.000,0.000,0.000,0.000,0.000,0.000,0.000,0.000,0.000,0.000,0.000,0.000,0.000,0.000,0.000,0.000,0.000,0.000,0.000,0.000,0.000,0.000,0.000,0.000,0.000,0.000,0.000,0.000,0.000,0.000,0.000,0.000,0.000,0.000,0.000,0.000,0.000,0.000,0.000,0.000,0.000,0.000,0.000,0.000,0.000,0.000,0.000,0.000,0.000
2025-07-06 22:47:21,234.653,234.609,234.598,0.000,0.000,0.000,2.133,2.140,2.137,0.156,0.159,0.152,0.047,0.059,0.041,1.021,1.027,1.025,0.025,0.023,0.006,1.198,1.197,1.197,0.015,0.005,0.015,1.290,1.295,1.293,0.000,0.000,0.000,0.294,0.294,0.295,0.000,0.000,0.000,0.114,0.117,0.114,0.000,0.000,0.000,0.363,0.359,0.361,0.013,0.000,0.000,0.000,0.000,0.000,0.000,0.000,0.013,0.262,0.266,0.264,0.000,0.000,0.000,0.169,0.175,0.174,0.042,0.028,0.043,0.055,0.062,0.055,0.064,0.064,0.055,0.142,0.152,0.147,0.057,0.063,0.062,0.059,0.058,0.062,0.070,0.069,0.066,0.045,0.041,0.046,0.094,0.097,0.094,0.013,0.040,0.042,0.050,0.049,0.050,0.065,0.067,0.065,0.000,0.000,0.000,0.066,0.065,0.062,0.000,0.000,0.000,0.059,0.056,0.055,0.000,0.000,0.000,0.046,0.045,0.045,0.000,0.000,0.000,0.000,0.000,0.000,0.000,0.000,0.000,0.062,0.062,0.062,0.000,0.000,0.000,0.000,0.000,0.000,0.000,0.000,0.000,0.000,0.000,0.000,0.000,0.000,0.000,0.000,0.000,0.000,0.000,0.000,0.000,0.000,0.000,0.000,0.000,0.000,0.000,0.000,0.000,0.000,0.000,0.000,0.000,0.021,0.033,0.008,0.000,0.000,0.000,0.000,0.000,0.000,0.000,0.000,0.000,0.000,0.000,0.000,0.000,0.000,0.000,0.000,0.000,0.000,0.000,0.000,0.000,0.000,0.000,0.000,0.000,0.000,0.000,0.000,0.000,0.000,0.000,0.000,0.000,0.000,0.000,0.000,0.000,0.000,0.000,0.000,0.000,0.000,0.000,0.014,0.000,0.000,0.000,0.000,0.000,0.000,0.000,0.013,0.027,0.039,0.000,0.000,0.000,0.061,0.056,0.052,0.000,0.000,0.000,0.056,0.060,0.057,0.000,0.000,0.000,0.070,0.065,0.066,0.000,0.000,0.000,0.094,0.094,0.091,0.000,0.000,0.000,0.047,0.048,0.050,0.000,0.000,0.000,0.000,0.000,0.000,0.000,0.000,0.000,0.000,0.000,0.000,0.000,0.000,0.000,0.000,0.000,0.000,0.000,0.000,0.000,0.000,0.000,0.000,0.000,0.000,0.000,0.000,0.000,0.000,0.000,0.000,0.000,0.000,0.000,0.000,0.000,0.000,0.000,0.000,0.000,0.000,0.000,0.000,0.000,0.000,0.000,0.000,0.000,0.000,0.000,0.000,0.000,0.000,0.000,0.000,0.000,0.000,0.000,0.000
2025-07-06 22:47:24,234.686,234.643,234.631,0.000,0.000,0.000,2.135,2.136,2.137,0.157,0.152,0.149,0.030,0.022,0.038,1.022,1.026,1.033,0.043,0.014,0.000,1.185,1.182,1.176,0.013,0.013,0.000,1.299,1.302,1.305,0.000,0.000,0.000,0.297,0.297,0.294,0.000,0.000,0.000,0.122,0.120,0.123,0.000,0.000,0.000,0.358,0.360,0.356,0.005,0.000,0.000,0.013,0.000,0.000,0.013,0.000,0.000,0.275,0.276,0.275,0.013,0.013,0.000,0.173,0.168,0.173,0.031,0.043,0.030,0.052,0.052,0.054,0.067,0.069,0.058,0.152,0.151,0.157,0.058,0.067,0.056,0.063,0.063,0.058,0.069,0.066,0.068,0.044,0.027,0.044,0.091,0.092,0.092,0.035,0.049,0.041,0.051,0.050,0.050,0.070,0.069,0.069,0.000,0.000,0.000,0.066,0.065,0.065,0.000,0.000,0.000,0.055,0.055,0.057,0.000,0.000,0.000,0.047,0.044,0.046,0.000,0.000,0.000,0.035,0.008,0.021,0.000,0.000,0.000,0.062,0.065,0.063,0.000,0.000,0.000,0.000,0.000,0.000,0.000,0.000,0.000,0.000,0.000,0.000,0.000,0.000,0.000,0.000,0.000,0.000,0.000,0.000,0.000,0.000,0.000,0.000,0.000,0.000,0.000,0.000,0.000,0.000,0.000,0.000,0.000,0.023,0.006,0.005,0.000,0.000,0.000,0.000,0.000,0.000,0.000,0.000,0.000,0.000,0.000,0.000,0.000,0.000,0.000,0.000,0.000,0.000,0.000,0.000,0.000,0.000,0.000,0.000,0.000,0.000,0.000,0.000,0.000,0.000,0.000,0.000,0.000,0.000,0.000,0.000,0.000,0.000,0.000,0.015,0.000,0.000,0.000,0.000,0.000,0.000,0.000,0.000,0.000,0.000,0.000,0.021,0.028,0.006,0.000,0.000,0.000,0.062,0.061,0.056,0.000,0.000,0.000,0.058,0.061,0.054,0.000,0.000,0.000,0.068,0.065,0.068,0.000,0.000,0.000,0.090,0.087,0.091,0.000,0.000,0.000,0.049,0.051,0.050,0.000,0.000,0.000,0.000,0.000,0.000,0.000,0.000,0.000,0.000,0.000,0.000,0.000,0.000,0.000,0.000,0.000,0.000,0.000,0.000,0.000,0.000,0.000,0.000,0.000,0.000,0.000,0.000,0.000,0.000,0.000,0.000,0.000,0.000,0.000,0.000,0.000,0.000,0.000,0.000,0.000,0.000,0.000,0.000,0.000,0.000,0.000,0.000,0.000,0.000,0.000,0.000,0.000,0.000,0.000,0.000,0.000,0.000,0.000,0.000
2025-07-06 22:47:27,234.636,234.592,234.581,0.000,0.000,0.000,2.138,2.132,2.133,0.156,0.147,0.152,0.057,0.029,0.055,1.025,1.020,1.029,0.024,0.025,0.031,1.182,1.180,1.172,0.008,0.000,0.000,1.306,1.306,1.308,0.000,0.000,0.000,0.292,0.295,0.290,0.000,0.000,0.000,0.122,0.120,0.123,0.000,0.000,0.000,0.354,0.354,0.352,0.000,0.000,0.000,0.000,0.008,0.000,0.000,0.000,0.000,0.277,0.275,0.273,0.000,0.000,0.000,0.167,0.164,0.166,0.017,0.046,0.044,0.057,0.041,0.057,0.070,0.056,0.070,0.156,0.149,0.153,0.059,0.063,0.056,0.059,0.067,0.059,0.070,0.063,0.072,0.041,0.028,0.043,0.096,0.089,0.093,0.044,0.046,0.017,0.047,0.052,0.050,0.070,0.068,0.068,0.000,0.000,0.000,0.062,0.064,0.062,0.000,0.000,0.000,0.053,0.057,0.052,0.000,0.000,0.000,0.047,0.045,0.045,0.000,0.000,0.000,0.016,0.008,0.008,0.000,0.000,0.000,0.065,0.062,0.061,0.000,0.000,0.000,0.000,0.000,0.000,0.000,0.000,0.000,0.000,0.000,0.000,0.000,0.000,0.000,0.000,0.000,0.000,0.000,0.000,0.000,0.000,0.000,0.000,0.000,0.000,0.000,0.000,0.000,0.000,0.000,0.000,0.000,0.039,0.013,0.014,0.000,0.000,0.000,0.000,0.000,0.000,0.000,0.000,0.000,0.000,0.000,0.000,0.000,0.000,0.000,0.000,0.000,0.000,0.000,0.000,0.000,0.000,0.000,0.000,0.000,0.000,0.000,0.000,0.000,0.000,0.000,0.000,0.000,0.000,0.000,0.000,0.000,0.000,0.000,0.000,0.000,0.000,0.000,0.000,0.000,0.000,0.000,0.000,0.000,0.000,0.000,0.000,0.031,0.014,0.000,0.000,0.000,0.061,0.053,0.060,0.000,0.000,0.000,0.058,0.060,0.055,0.000,0.000,0.000,0.069,0.062,0.069,0.000,0.000,0.000,0.093,0.084,0.090,0.000,0.000,0.000,0.046,0.051,0.049,0.000,0.000,0.000,0.000,0.000,0.000,0.000,0.000,0.000,0.000,0.000,0.000,0.000,0.000,0.000,0.000,0.000,0.000,0.000,0.000,0.000,0.000,0.000,0.000,0.000,0.000,0.000,0.000,0.000,0.000,0.000,0.000,0.000,0.000,0.000,0.000,0.000,0.000,0.000,0.000,0.000,0.000,0.000,0.000,0.000,0.000,0.000,0.000,0.000,0.000,0.000,0.000,0.000,0.000,0.000,0.000,0.000,0.000,0.000,0.000
2025-07-06 22:47:30,234.588,234.545,234.533,0.000,0.000,0.000,2.136,2.133,2.138,0.158,0.152,0.161,0.038,0.059,0.071,1.030,1.023,1.034,0.024,0.015,0.025,1.182,1.182,1.178,0.005,0.015,0.014,1.302,1.305,1.305,0.000,0.000,0.000,0.293,0.296,0.297,0.000,0.000,0.000,0.119,0.117,0.124,0.000,0.000,0.000,0.351,0.349,0.345,0.000,0.000,0.000,0.000,0.005,0.000,0.010,0.000,0.013,0.269,0.267,0.264,0.023,0.000,0.008,0.171,0.179,0.179,0.014,0.048,0.029,0.056,0.043,0.052,0.070,0.052,0.068,0.151,0.145,0.156,0.062,0.061,0.059,0.064,0.063,0.060,0.068,0.067,0.070,0.018,0.043,0.019,0.096,0.089,0.097,0.047,0.020,0.029,0.046,0.054,0.049,0.064,0.066,0.066,0.000,0.000,0.000,0.060,0.061,0.062,0.000,0.000,0.000,0.054,0.051,0.052,0.000,0.000,0.000,0.044,0.044,0.044,0.000,0.000,0.000,0.026,0.008,0.014,0.000,0.000,0.000,0.062,0.064,0.059,0.000,0.000,0.000,0.000,0.000,0.000,0.000,0.000,0.000,0.000,0.000,0.000,0.000,0.000,0.000,0.000,0.000,0.000,0.000,0.000,0.000,0.000,0.000,0.000,0.000,0.000,0.000,0.008,0.000,0.000,0.000,0.000,0.000,0.037,0.000,0.035,0.000,0.000,0.017,0.000,0.000,0.000,0.000,0.000,0.000,0.000,0.000,0.000,0.000,0.000,0.000,0.000,0.000,0.000,0.000,0.000,0.000,0.000,0.000,0.000,0.000,0.000,0.000,0.000,0.000,0.000,0.000,0.000,0.000,0.000,0.000,0.000,0.000,0.000,0.000,0.000,0.000,0.013,0.000,0.000,0.000,0.000,0.000,0.000,0.000,0.000,0.000,0.008,0.044,0.015,0.000,0.000,0.000,0.065,0.053,0.060,0.000,0.000,0.000,0.059,0.059,0.058,0.000,0.000,0.000,0.069,0.066,0.067,0.000,0.000,0.000,0.092,0.088,0.091,0.000,0.000,0.000,0.045,0.051,0.048,0.000,0.000,0.000,0.000,0.000,0.000,0.000,0.000,0.000,0.000,0.000,0.000,0.000,0.000,0.000,0.000,0.000,0.000,0.000,0.000,0.000,0.000,0.000,0.000,0.000,0.000,0.000,0.000,0.000,0.000,0.000,0.000,0.000,0.000,0.000,0.000,0.000,0.000,0.000,0.000,0.000,0.000,0.000,0.000,0.000,0.000,0.000,0.000,0.000,0.000,0.000,0.000,0.000,0.000,0.000,0.000,0.000,0.000,0.000,0.000
2025-07-06 22:47:33,234.518,234.474,234.462,0.000,0.000,0.000,2.142,2.138,2.139,0.153,0.154,0.151,0.055,0.038,0.054,1.028,1.020,1.026,0.046,0.009,0.027,1.190,1.192,1.188,0.000,0.014,0.000,1.300,1.300,1.299,0.000,0.000,0.000,0.301,0.300,0.300,0.000,0.000,0.000,0.119,0.116,0.117,0.000,0.000,0.000,0.353,0.353,0.357,0.000,0.000,0.000,0.000,0.023,0.000,0.024,0.000,0.000,0.283,0.279,0.280,0.005,0.000,0.036,0.177,0.184,0.177,0.044,0.051,0.005,0.047,0.048,0.053,0.063,0.058,0.068,0.153,0.150,0.156,0.065,0.057,0.059,0.066,0.064,0.062,0.066,0.066,0.071,0.021,0.044,0.000,0.093,0.089,0.099,0.048,0.036,0.047,0.048,0.053,0.047,0.066,0.069,0.068,0.000,0.000,0.000,0.059,0.062,0.058,0.000,0.000,0.000,0.055,0.058,0.051,0.000,0.000,0.000,0.043,0.041,0.042,0.000,0.000,0.000,0.018,0.034,0.000,0.000,0.000,0.000,0.062,0.065,0.065,0.000,0.000,0.000,0.000,0.000,0.000,0.000,0.000,0.000,0.000,0.000,0.000,0.000,0.000,0.000,0.000,0.000,0.000,0.000,0.000,0.000,0.000,0.000,0.000,0.000,0.000,0.000,0.005,0.000,0.014,0.000,0.000,0.000,0.030,0.000,0.017,0.000,0.000,0.000,0.000,0.000,0.000,0.000,0.000,0.000,0.000,0.000,0.000,0.000,0.000,0.000,0.000,0.000,0.000,0.000,0.000,0.000,0.000,0.000,0.000,0.000,0.000,0.000,0.000,0.000,0.000,0.000,0.000,0.000,0.000,0.000,0.000,0.000,0.008,0.000,0.000,0.000,0.013,0.000,0.000,0.000,0.000,0.000,0.000,0.000,0.008,0.000,0.013,0.046,0.000,0.000,0.000,0.000,0.061,0.055,0.057,0.000,0.000,0.000,0.060,0.056,0.055,0.000,0.000,0.000,0.064,0.066,0.068,0.000,0.000,0.000,0.089,0.088,0.092,0.000,0.000,0.000,0.048,0.049,0.047,0.000,0.000,0.000,0.000,0.000,0.000,0.000,0.000,0.000,0.000,0.000,0.000,0.000,0.000,0.000,0.000,0.000,0.000,0.000,0.000,0.000,0.000,0.000,0.000,0.000,0.000,0.000,0.000,0.000,0.000,0.000,0.000,0.000,0.000,0.000,0.000,0.000,0.000,0.000,0.000,0.000,0.000,0.000,0.000,0.000,0.000,0.000,0.000,0.000,0.000,0.000,0.000,0.000,0.000,0.000,0.000,0.000,0.000,0.000,0.000
2025-07-06 22:47:36,234.525,234.482,234.470,0.000,0.000,0.000,2.137,2.137,2.136,0.155,0.154,0.151,0.060,0.048,0.065,1.029,1.031,1.033,0.035,0.020,0.015,1.187,1.189,1.186,0.015,0.008,0.008,1.294,1.294,1.294,0.000,0.000,0.000,0.298,0.297,0.297,0.000,0.000,0.000,0.121,0.121,0.116,0.000,0.000,0.000,0.361,0.357,0.356,0.008,0.000,0.000,0.000,0.018,0.000,0.000,0.016,0.000,0.283,0.281,0.282,0.000,0.000,0.014,0.173,0.175,0.175,0.046,0.036,0.027,0.042,0.047,0.016,0.061,0.063,0.067,0.151,0.140,0.141,0.064,0.056,0.060,0.067,0.060,0.066,0.064,0.069,0.068,0.042,0.020,0.013,0.088,0.090,0.096,0.019,0.019,0.044,0.051,0.053,0.045,0.066,0.068,0.065,0.000,0.000,0.000,0.060,0.060,0.060,0.000,0.000,0.000,0.056,0.051,0.058,0.000,0.000,0.000,0.044,0.027,0.029,0.000,0.000,0.000,0.000,0.000,0.000,0.000,0.000,0.000,0.061,0.063,0.059,0.000,0.000,0.000,0.000,0.000,0.000,0.000,0.000,0.000,0.000,0.000,0.000,0.000,0.000,0.000,0.000,0.000,0.000,0.000,0.000,0.000,0.000,0.000,0.000,0.000,0.000,0.000,0.000,0.000,0.000,0.000,0.000,0.000,0.032,0.029,0.028,0.000,0.000,0.000,0.000,0.000,0.000,0.000,0.000,0.000,0.000,0.000,0.000,0.000,0.000,0.000,0.000,0.000,0.000,0.000,0.000,0.000,0.000,0.000,0.000,0.000,0.000,0.000,0.000,0.000,0.000,0.000,0.000,0.000,0.000,0.000,0.000,0.000,0.005,0.000,0.000,0.014,0.000,0.000,0.000,0.000,0.000,0.000,0.000,0.000,0.005,0.000,0.021,0.019,0.000,0.000,0.000,0.000,0.061,0.058,0.062,0.000,0.000,0.000,0.062,0.055,0.057,0.000,0.000,0.000,0.064,0.065,0.066,0.000,0.000,0.000,0.086,0.086,0.090,0.000,0.000,0.000,0.050,0.052,0.045,0.000,0.000,0.000,0.000,0.000,0.000,0.000,0.000,0.000,0.000,0.000,0.000,0.000,0.000,0.000,0.000,0.000,0.000,0.000,0.000,0.000,0.000,0.000,0.000,0.000,0.000,0.000,0.000,0.000,0.000,0.000,0.000,0.000,0.000,0.000,0.000,0.000,0.000,0.000,0.000,0.000,0.000,0.000,0.000,0.000,0.000,0.000,0.000,0.000,0.000,0.000,0.000,0.000,0.000,0.000,0.000,0.000,0.000,0.000,0.000
2025-07-06 22:47:39,234.491,234.448,234.436,0.000,0.000,0.000,2.138,2.134,2.127,0.151,0.150,0.151,0.058,0.030,0.053,1.039,1.034,1.033,0.015,0.029,0.037,1.190,1.189,1.185,0.024,0.021,0.005,1.287,1.286,1.281,0.000,0.000,0.000,0.297,0.297,0.292,0.000,0.000,0.000,0.123,0.128,0.130,0.000,0.000,0.000,0.359,0.357,0.356,0.005,0.000,0.000,0.000,0.000,0.000,0.000,0.000,0.000,0.286,0.283,0.280,0.000,0.000,0.000,0.169,0.175,0.169,0.044,0.013,0.024,0.039,0.049,0.038,0.058,0.067,0.064,0.141,0.147,0.147,0.061,0.059,0.064,0.062,0.064,0.064,0.067,0.070,0.064,0.014,0.000,0.036,0.089,0.093,0.091,0.038,0.042,0.028,0.051,0.051,0.048,0.066,0.066,0.066,0.000,0.000,0.000,0.063,0.060,0.060,0.000,0.000,0.000,0.054,0.052,0.057,0.000,0.000,0.000,0.043,0.042,0.043,0.000,0.000,0.000,0.013,0.008,0.000,0.000,0.000,0.000,0.060,0.061,0.064,0.000,0.000,0.000,0.000,0.000,0.000,0.000,0.000,0.000,0.000,0.000,0.000,0.000,0.000,0.000,0.000,0.000,0.000,0.000,0.000,0.000,0.000,0.000,0.000,0.000,0.000,0.000,0.000,0.000,0.000,0.000,0.000,0.000,0.031,0.000,0.015,0.000,0.000,0.000,0.000,0.000,0.000,0.000,0.000,0.000,0.000,0.000,0.000,0.000,0.000,0.000,0.000,0.000,0.000,0.000,0.000,0.000,0.000,0.000,0.000,0.000,0.000,0.000,0.000,0.000,0.000,0.000,0.000,0.000,0.000,0.000,0.000,0.000,0.000,0.000,0.000,0.000,0.000,0.000,0.000,0.000,0.000,0.000,0.000,0.000,0.000,0.000,0.000,0.015,0.008,0.000,0.000,0.000,0.057,0.060,0.064,0.000,0.000,0.000,0.058,0.054,0.060,0.000,0.000,0.000,0.067,0.068,0.064,0.000,0.000,0.000,0.087,0.088,0.089,0.000,0.000,0.000,0.050,0.054,0.047,0.000,0.000,0.000,0.000,0.000,0.000,0.000,0.000,0.000,0.000,0.000,0.000,0.000,0.000,0.000,0.000,0.000,0.000,0.000,0.000,0.000,0.000,0.000,0.000,0.000,0.000,0.000,0.000,0.000,0.000,0.000,0.000,0.000,0.000,0.000,0.000,0.000,0.000,0.000,0.000,0.000,0.000,0.000,0.000,0.000,0.000,0.000,0.000,0.000,0.000,0.000,0.000,0.000,0.000,0.000,0.000,0.000,0.000,0.000,0.000
2025-07-06 22:47:42,234.420,234.376,234.365,0.000,0.000,0.000,2.103,2.108,2.098,0.150,0.150,0.149,0.050,0.040,0.015,1.022,1.026,1.020,0.019,0.000,0.028,1.174,1.174,1.174,0.021,0.024,0.013,1.267,1.271,1.260,0.000,0.000,0.000,0.288,0.287,0.285,0.000,0.000,0.000,0.131,0.137,0.135,0.000,0.000,0.000,0.343,0.343,0.345,0.000,0.000,0.000,0.000,0.000,0.000,0.000,0.000,0.000,0.283,0.271,0.274,0.000,0.000,0.000,0.159,0.170,0.167,0.042,0.000,0.043,0.043,0.053,0.041,0.056,0.061,0.064,0.127,0.145,0.136,0.061,0.059,0.063,0.065,0.062,0.065,0.067,0.069,0.066,0.034,0.000,0.028,0.090,0.095,0.090,0.013,0.044,0.027,0.054,0.048,0.051,0.066,0.066,0.066,0.000,0.000,0.000,0.066,0.060,0.064,0.000,0.000,0.000,0.049,0.047,0.052,0.000,0.000,0.000,0.042,0.034,0.042,0.000,0.000,0.000,0.000,0.005,0.000,0.000,0.000,0.000,0.058,0.058,0.058,0.000,0.000,0.000,0.000,0.000,0.000,0.000,0.000,0.000,0.000,0.000,0.000,0.000,0.000,0.000,0.000,0.000,0.000,0.000,0.000,0.000,0.000,0.000,0.000,0.000,0.000,0.000,0.000,0.000,0.000,0.000,0.000,0.000,0.030,0.022,0.000,0.000,0.000,0.000,0.000,0.000,0.000,0.000,0.000,0.000,0.000,0.000,0.000,0.000,0.000,0.000,0.000,0.000,0.000,0.000,0.000,0.000,0.000,0.000,0.000,0.000,0.000,0.000,0.000,0.000,0.000,0.000,0.000,0.000,0.000,0.000,0.000,0.000,0.000,0.000,0.000,0.000,0.000,0.000,0.000,0.000,0.000,0.000,0.000,0.000,0.000,0.000,0.000,0.013,0.005,0.000,0.000,0.000,0.054,0.057,0.062,0.000,0.000,0.000,0.059,0.058,0.060,0.000,0.000,0.000,0.066,0.065,0.066,0.000,0.000,0.000,0.088,0.088,0.088,0.000,0.000,0.000,0.050,0.049,0.048,0.000,0.000,0.000,0.000,0.000,0.000,0.000,0.000,0.000,0.000,0.000,0.000,0.000,0.000,0.000,0.000,0.000,0.000,0.000,0.000,0.000,0.000,0.000,0.000,0.000,0.000,0.000,0.000,0.000,0.000,0.000,0.000,0.000,0.000,0.000,0.000,0.000,0.000,0.000,0.000,0.000,0.000,0.000,0.000,0.000,0.000,0.000,0.000,0.000,0.000,0.000,0.000,0.000,0.000,0.000,0.000,0.000,0.000,0.000,0.000
2025-07-06 22:47:45,234.434,234.391,234.380,0.000,0.000,0.000,2.099,2.099,2.100,0.151,0.150,0.157,0.032,0.039,0.048,1.014,1.021,1.019,0.013,0.000,0.020,1.179,1.167,1.173,0.015,0.006,0.016,1.263,1.266,1.268,0.013,0.000,0.000,0.288,0.287,0.286,0.000,0.000,0.000,0.132,0.131,0.130,0.000,0.000,0.000,0.345,0.347,0.345,0.000,0.000,0.000,0.000,0.000,0.000,0.000,0.000,0.000,0.280,0.276,0.278,0.008,0.023,0.009,0.165,0.169,0.164,0.014,0.021,0.034,0.046,0.050,0.016,0.063,0.063,0.062,0.131,0.137,0.130,0.065,0.057,0.062,0.062,0.066,0.064,0.064,0.069,0.068,0.035,0.014,0.027,0.091,0.098,0.092,0.005,0.043,0.019,0.051,0.048,0.049,0.065,0.061,0.062,0.000,0.000,0.000,0.064,0.060,0.060,0.000,0.000,0.000,0.051,0.049,0.049,0.000,0.000,0.000,0.028,0.024,0.005,0.000,0.000,0.000,0.000,0.000,0.000,0.000,0.000,0.000,0.055,0.059,0.057,0.000,0.000,0.000,0.000,0.000,0.000,0.000,0.000,0.000,0.000,0.000,0.000,0.000,0.000,0.000,0.000,0.000,0.000,0.000,0.000,0.000,0.000,0.000,0.000,0.000,0.000,0.000,0.000,0.000,0.000,0.000,0.000,0.000,0.019,0.028,0.032,0.000,0.000,0.000,0.000,0.000,0.000,0.000,0.000,0.000,0.000,0.000,0.000,0.000,0.000,0.000,0.000,0.000,0.000,0.000,0.000,0.000,0.000,0.000,0.000,0.000,0.000,0.000,0.000,0.000,0.000,0.000,0.000,0.000,0.000,0.000,0.000,0.000,0.000,0.000,0.000,0.000,0.000,0.000,0.000,0.000,0.000,0.000,0.000,0.000,0.000,0.000,0.008,0.000,0.027,0.000,0.000,0.000,0.059,0.057,0.062,0.000,0.000,0.000,0.065,0.054,0.059,0.000,0.000,0.000,0.061,0.068,0.068,0.000,0.000,0.000,0.089,0.091,0.089,0.000,0.000,0.000,0.048,0.047,0.046,0.000,0.000,0.000,0.000,0.000,0.000,0.000,0.000,0.000,0.000,0.000,0.000,0.000,0.000,0.000,0.000,0.000,0.000,0.000,0.000,0.000,0.000,0.000,0.000,0.000,0.000,0.000,0.000,0.000,0.000,0.000,0.000,0.000,0.000,0.000,0.000,0.000,0.000,0.000,0.000,0.000,0.000,0.000,0.000,0.000,0.000,0.000,0.000,0.000,0.000,0.000,0.000,0.000,0.000,0.000,0.000,0.000,0.000,0.000,0.000
2025-07-06 22:47:48,234.441,234.397,234.386,0.000,0.000,0.000,2.109,2.112,2.107,0.152,0.149,0.154,0.047,0.064,0.054,1.014,1.024,1.018,0.000,0.031,0.015,1.188,1.177,1.184,0.000,0.014,0.000,1.271,1.274,1.269,0.000,0.000,0.000,0.287,0.281,0.284,0.000,0.000,0.000,0.126,0.130,0.129,0.000,0.000,0.000,0.345,0.347,0.345,0.000,0.000,0.000,0.013,0.013,0.008,0.000,0.000,0.000,0.284,0.287,0.280,0.027,0.005,0.006,0.159,0.163,0.165,0.041,0.014,0.008,0.049,0.048,0.049,0.062,0.056,0.064,0.124,0.130,0.131,0.062,0.058,0.061,0.065,0.070,0.065,0.063,0.068,0.066,0.019,0.028,0.044,0.090,0.097,0.094,0.014,0.045,0.000,0.049,0.049,0.048,0.064,0.062,0.061,0.000,0.000,0.000,0.061,0.061,0.060,0.000,0.000,0.000,0.047,0.051,0.050,0.000,0.000,0.000,0.027,0.042,0.037,0.000,0.000,0.000,0.000,0.000,0.000,0.000,0.000,0.000,0.058,0.057,0.056,0.000,0.000,0.000,0.000,0.000,0.000,0.000,0.000,0.000,0.000,0.000,0.000,0.000,0.000,0.000,0.000,0.000,0.000,0.000,0.000,0.000,0.000,0.000,0.000,0.000,0.000,0.000,0.000,0.000,0.000,0.000,0.000,0.000,0.025,0.017,0.010,0.000,0.000,0.000,0.000,0.000,0.000,0.000,0.000,0.000,0.000,0.000,0.000,0.000,0.000,0.000,0.000,0.000,0.000,0.000,0.000,0.000,0.000,0.000,0.000,0.000,0.000,0.000,0.000,0.000,0.000,0.000,0.000,0.000,0.000,0.000,0.000,0.000,0.000,0.000,0.000,0.000,0.000,0.000,0.000,0.000,0.000,0.000,0.000,0.000,0.000,0.000,0.034,0.000,0.008,0.000,0.000,0.000,0.056,0.054,0.063,0.000,0.000,0.000,0.061,0.056,0.062,0.000,0.000,0.000,0.062,0.067,0.065,0.000,0.000,0.000,0.086,0.092,0.093,0.000,0.000,0.000,0.049,0.048,0.045,0.000,0.000,0.000,0.000,0.000,0.000,0.000,0.000,0.000,0.000,0.000,0.000,0.000,0.000,0.000,0.000,0.000,0.000,0.000,0.000,0.000,0.000,0.000,0.000,0.000,0.000,0.000,0.000,0.000,0.000,0.000,0.000,0.000,0.000,0.000,0.000,0.000,0.000,0.000,0.000,0.000,0.000,0.000,0.000,0.000,0.000,0.000,0.000,0.000,0.000,0.000,0.000,0.000,0.000,0.000,0.000,0.000,0.000,0.000,0.000
2025-07-06 22:47:51,234.526,234.482,234.471,0.000,0.000,0.000,2.109,2.116,2.109,0.145,0.154,0.158,0.048,0.031,0.057,1.015,1.021,1.014,0.014,0.055,0.028,1.181,1.178,1.182,0.000,0.022,0.022,1.280,1.286,1.280,0.013,0.000,0.000,0.289,0.285,0.283,0.000,0.000,0.000,0.121,0.119,0.123,0.000,0.000,0.000,0.343,0.348,0.339,0.000,0.000,0.000,0.014,0.000,0.005,0.000,0.000,0.000,0.276,0.283,0.279,0.005,0.000,0.014,0.165,0.162,0.164,0.005,0.030,0.029,0.050,0.047,0.046,0.057,0.059,0.065,0.128,0.126,0.119,0.056,0.061,0.059,0.067,0.071,0.067,0.067,0.066,0.068,0.013,0.022,0.035,0.093,0.093,0.092,0.008,0.019,0.014,0.050,0.051,0.049,0.062,0.065,0.064,0.000,0.000,0.000,0.064,0.063,0.062,0.000,0.000,0.000,0.050,0.051,0.048,0.000,0.000,0.000,0.043,0.014,0.042,0.000,0.000,0.000,0.000,0.000,0.000,0.000,0.000,0.000,0.058,0.060,0.059,0.000,0.000,0.000,0.000,0.000,0.000,0.000,0.000,0.000,0.000,0.000,0.000,0.000,0.000,0.000,0.000,0.000,0.000,0.000,0.000,0.000,0.000,0.000,0.000,0.000,0.000,0.000,0.000,0.000,0.000,0.000,0.000,0.000,0.020,0.031,0.044,0.000,0.000,0.000,0.000,0.000,0.000,0.000,0.000,0.000,0.000,0.000,0.000,0.000,0.000,0.000,0.000,0.000,0.000,0.000,0.000,0.000,0.000,0.000,0.000,0.000,0.000,0.000,0.000,0.000,0.000,0.000,0.000,0.000,0.000,0.000,0.000,0.000,0.000,0.000,0.000,0.000,0.000,0.000,0.000,0.000,0.000,0.000,0.000,0.000,0.000,0.000,0.000,0.021,0.019,0.000,0.000,0.000,0.053,0.057,0.059,0.000,0.000,0.000,0.055,0.057,0.060,0.000,0.000,0.000,0.065,0.066,0.065,0.000,0.000,0.000,0.087,0.089,0.091,0.000,0.000,0.000,0.049,0.049,0.049,0.000,0.000,0.000,0.000,0.000,0.000,0.000,0.000,0.000,0.000,0.000,0.000,0.000,0.000,0.000,0.000,0.000,0.000,0.000,0.000,0.000,0.000,0.000,0.000,0.000,0.000,0.000,0.000,0.000,0.000,0.000,0.000,0.000,0.000,0.000,0.000,0.000,0.000,0.000,0.000,0.000,0.000,0.000,0.000,0.000,0.000,0.000,0.000,0.000,0.000,0.000,0.000,0.000,0.000,0.000,0.000,0.000,0.000,0.000,0.000
2025-07-06 22:47:54,234.508,234.464,234.453,0.000,0.000,0.000,2.112,2.115,2.116,0.150,0.152,0.152,0.030,0.025,0.053,1.014,1.015,1.018,0.000,0.029,0.000,1.179,1.178,1.178,0.015,0.046,0.005,1.286,1.290,1.289,0.000,0.014,0.000,0.294,0.293,0.286,0.000,0.000,0.000,0.116,0.122,0.121,0.000,0.000,0.000,0.341,0.343,0.341,0.000,0.000,0.000,0.000,0.000,0.000,0.000,0.000,0.000,0.274,0.278,0.279,0.000,0.000,0.015,0.164,0.164,0.167,0.023,0.045,0.019,0.053,0.030,0.049,0.060,0.062,0.063,0.129,0.124,0.127,0.062,0.056,0.060,0.068,0.069,0.067,0.068,0.065,0.069,0.000,0.018,0.021,0.095,0.089,0.095,0.041,0.024,0.021,0.052,0.051,0.050,0.062,0.064,0.065,0.000,0.000,0.000,0.063,0.063,0.065,0.000,0.000,0.000,0.048,0.052,0.049,0.000,0.000,0.000,0.027,0.034,0.042,0.000,0.000,0.000,0.000,0.000,0.000,0.000,0.000,0.000,0.057,0.060,0.057,0.000,0.000,0.000,0.000,0.000,0.000,0.000,0.000,0.000,0.000,0.000,0.000,0.000,0.000,0.000,0.000,0.000,0.000,0.000,0.000,0.000,0.000,0.000,0.000,0.000,0.000,0.000,0.000,0.000,0.000,0.000,0.000,0.000,0.000,0.005,0.035,0.000,0.000,0.000,0.000,0.000,0.000,0.000,0.000,0.000,0.000,0.000,0.000,0.000,0.000,0.000,0.000,0.000,0.000,0.000,0.000,0.000,0.000,0.000,0.000,0.000,0.000,0.000,0.000,0.000,0.000,0.000,0.000,0.000,0.000,0.000,0.000,0.000,0.000,0.000,0.000,0.000,0.000,0.000,0.000,0.000,0.000,0.000,0.000,0.000,0.000,0.000,0.022,0.041,0.000,0.000,0.000,0.000,0.056,0.062,0.056,0.000,0.000,0.000,0.061,0.055,0.059,0.000,0.000,0.000,0.065,0.065,0.066,0.000,0.000,0.000,0.088,0.085,0.091,0.000,0.000,0.000,0.051,0.051,0.050,0.000,0.000,0.000,0.000,0.000,0.000,0.000,0.000,0.000,0.000,0.000,0.000,0.000,0.000,0.000,0.000,0.000,0.000,0.000,0.000,0.000,0.000,0.000,0.000,0.000,0.000,0.000,0.000,0.000,0.000,0.000,0.000,0.000,0.000,0.000,0.000,0.000,0.000,0.000,0.000,0.000,0.000,0.000,0.000,0.000,0.000,0.000,0.000,0.000,0.000,0.000,0.000,0.000,0.000,0.000,0.000,0.000,0.000,0.000,0.000
2025-07-06 22:47:57,234.505,234.461,234.449,0.000,0.000,0.000,2.119,2.117,2.114,0.149,0.148,0.154,0.049,0.061,0.061,1.024,1.020,1.019,0.025,0.024,0.029,1.174,1.176,1.169,0.000,0.030,0.015,1.294,1.294,1.291,0.013,0.013,0.008,0.294,0.291,0.291,0.000,0.000,0.000,0.113,0.117,0.115,0.000,0.000,0.000,0.344,0.341,0.347,0.000,0.000,0.000,0.008,0.000,0.000,0.000,0.000,0.000,0.267,0.270,0.277,0.000,0.000,0.000,0.169,0.166,0.164,0.019,0.014,0.008,0.046,0.045,0.048,0.056,0.061,0.065,0.133,0.131,0.129,0.061,0.058,0.061,0.068,0.065,0.070,0.066,0.068,0.068,0.013,0.021,0.005,0.093,0.089,0.095,0.028,0.006,0.027,0.053,0.049,0.051,0.063,0.065,0.062,0.000,0.000,0.000,0.064,0.062,0.064,0.000,0.000,0.000,0.052,0.051,0.050,0.000,0.000,0.000,0.032,0.036,0.040,0.000,0.000,0.000,0.000,0.000,0.000,0.000,0.000,0.000,0.057,0.060,0.057,0.000,0.000,0.000,0.000,0.000,0.000,0.000,0.000,0.000,0.000,0.000,0.000,0.000,0.000,0.000,0.000,0.000,0.000,0.000,0.000,0.000,0.000,0.000,0.000,0.000,0.000,0.000,0.000,0.000,0.000,0.000,0.000,0.000,0.026,0.015,0.039,0.000,0.000,0.000,0.000,0.000,0.000,0.000,0.000,0.000,0.000,0.000,0.000,0.000,0.000,0.000,0.000,0.000,0.000,0.000,0.000,0.000,0.000,0.000,0.000,0.000,0.000,0.000,0.000,0.000,0.000,0.000,0.000,0.000,0.000,0.000,0.000,0.000,0.000,0.000,0.000,0.000,0.000,0.000,0.000,0.000,0.000,0.000,0.000,0.000,0.000,0.000,0.019,0.006,0.008,0.000,0.000,0.000,0.052,0.060,0.058,0.000,0.000,0.000,0.058,0.055,0.060,0.000,0.000,0.000,0.065,0.067,0.065,0.000,0.000,0.000,0.086,0.087,0.090,0.000,0.000,0.000,0.052,0.046,0.050,0.000,0.000,0.000,0.000,0.000,0.000,0.000,0.000,0.000,0.000,0.000,0.000,0.000,0.000,0.000,0.000,0.000,0.000,0.000,0.000,0.000,0.000,0.000,0.000,0.000,0.000,0.000,0.000,0.000,0.000,0.000,0.000,0.000,0.000,0.000,0.000,0.000,0.000,0.000,0.000,0.000,0.000,0.000,0.000,0.000,0.000,0.000,0.000,0.000,0.000,0.000,0.000,0.000,0.000,0.000,0.000,0.000,0.000,0.000,0.000
2025-07-06 22:48:00,234.442,234.398,234.387,0.000,0.000,0.000,2.118,2.119,2.115,0.149,0.152,0.155,0.082,0.069,0.055,1.027,1.022,1.021,0.051,0.017,0.031,1.165,1.170,1.165,0.000,0.020,0.000,1.295,1.295,1.293,0.000,0.013,0.018,0.286,0.291,0.288,0.000,0.000,0.000,0.123,0.119,0.125,0.000,0.000,0.000,0.346,0.349,0.346,0.000,0.000,0.000,0.005,0.000,0.000,0.000,0.000,0.000,0.271,0.281,0.284,0.000,0.000,0.008,0.163,0.163,0.161,0.022,0.026,0.013,0.052,0.049,0.052,0.055,0.064,0.063,0.141,0.133,0.139,0.063,0.054,0.065,0.069,0.063,0.070,0.065,0.072,0.066,0.008,0.027,0.024,0.092,0.093,0.096,0.032,0.000,0.033,0.051,0.046,0.047,0.060,0.065,0.061,0.000,0.000,0.000,0.061,0.067,0.064,0.000,0.000,0.000,0.054,0.051,0.054,0.000,0.000,0.000,0.022,0.041,0.028,0.000,0.000,0.000,0.000,0.000,0.000,0.000,0.000,0.000,0.059,0.057,0.058,0.000,0.000,0.000,0.000,0.000,0.000,0.000,0.000,0.000,0.000,0.000,0.000,0.000,0.000,0.000,0.000,0.000,0.000,0.000,0.000,0.000,0.000,0.000,0.000,0.000,0.000,0.000,0.000,0.000,0.000,0.000,0.000,0.000,0.021,0.029,0.038,0.000,0.000,0.000,0.000,0.000,0.000,0.000,0.000,0.000,0.000,0.000,0.000,0.000,0.000,0.000,0.000,0.000,0.000,0.000,0.000,0.000,0.000,0.000,0.000,0.000,0.000,0.000,0.000,0.000,0.000,0.000,0.000,0.000,0.000,0.000,0.000,0.000,0.000,0.000,0.000,0.000,0.000,0.000,0.000,0.000,0.000,0.000,0.000,0.000,0.000,0.000,0.008,0.008,0.013,0.000,0.000,0.000,0.053,0.059,0.057,0.000,0.000,0.000,0.057,0.055,0.062,0.000,0.000,0.000,0.066,0.069,0.065,0.000,0.000,0.000,0.089,0.087,0.090,0.000,0.000,0.000,0.048,0.048,0.046,0.000,0.000,0.000,0.000,0.000,0.000,0.000,0.000,0.000,0.000,0.000,0.000,0.000,0.000,0.000,0.000,0.000,0.000,0.000,0.000,0.000,0.000,0.000,0.000,0.000,0.000,0.000,0.000,0.000,0.000,0.000,0.000,0.000,0.000,0.000,0.000,0.000,0.000,0.000,0.000,0.000,0.000,0.000,0.000,0.000,0.000,0.000,0.000,0.000,0.000,0.000,0.000,0.000,0.000,0.000,0.000,0.000,0.000,0.000,0.000
2025-07-06 22:48:03,234.310,234.266,234.255,0.000,0.000,0.000,2.119,2.114,2.112,0.151,0.153,0.155,0.053,0.061,0.045,1.031,1.025,1.028,0.005,0.011,0.048,1.163,1.164,1.162,0.000,0.000,0.000,1.296,1.291,1.287,0.000,0.000,0.000,0.290,0.294,0.294,0.000,0.000,0.000,0.125,0.123,0.124,0.000,0.000,0.000,0.349,0.355,0.357,0.000,0.000,0.000,0.000,0.000,0.015,0.000,0.000,0.000,0.276,0.272,0.268,0.013,0.000,0.019,0.161,0.156,0.159,0.020,0.044,0.005,0.053,0.050,0.058,0.060,0.065,0.069,0.141,0.135,0.143,0.065,0.059,0.064,0.067,0.061,0.066,0.065,0.066,0.067,0.019,0.014,0.005,0.093,0.091,0.095,0.025,0.013,0.013,0.049,0.049,0.046,0.060,0.059,0.057,0.000,0.000,0.000,0.063,0.063,0.062,0.000,0.000,0.000,0.054,0.053,0.053,0.000,0.000,0.000,0.033,0.032,0.005,0.000,0.000,0.000,0.000,0.000,0.000,0.000,0.000,0.000,0.056,0.058,0.054,0.000,0.000,0.000,0.000,0.000,0.000,0.000,0.000,0.000,0.000,0.000,0.000,0.000,0.000,0.000,0.000,0.000,0.000,0.000,0.000,0.000,0.000,0.000,0.000,0.000,0.000,0.000,0.000,0.008,0.000,0.000,0.000,0.000,0.000,0.039,0.040,0.000,0.000,0.000,0.000,0.000,0.000,0.000,0.000,0.000,0.000,0.000,0.000,0.000,0.000,0.000,0.000,0.000,0.000,0.000,0.000,0.000,0.000,0.000,0.000,0.000,0.000,0.000,0.000,0.000,0.000,0.000,0.000,0.000,0.000,0.000,0.000,0.000,0.000,0.000,0.000,0.000,0.000,0.000,0.000,0.000,0.000,0.000,0.000,0.000,0.000,0.000,0.034,0.020,0.005,0.000,0.000,0.000,0.056,0.058,0.063,0.000,0.000,0.000,0.061,0.059,0.059,0.000,0.000,0.000,0.066,0.063,0.066,0.000,0.000,0.000,0.089,0.087,0.090,0.000,0.000,0.000,0.048,0.048,0.046,0.000,0.000,0.000,0.000,0.000,0.000,0.000,0.000,0.000,0.000,0.000,0.000,0.000,0.000,0.000,0.000,0.000,0.000,0.000,0.000,0.000,0.000,0.000,0.000,0.000,0.000,0.000,0.000,0.000,0.000,0.000,0.000,0.000,0.000,0.000,0.000,0.000,0.000,0.000,0.000,0.000,0.000,0.000,0.000,0.000,0.000,0.000,0.000,0.000,0.000,0.000,0.000,0.000,0.000,0.000,0.000,0.000,0.000,0.000,0.000
2025-07-06 22:48:06,234.226,234.182,234.171,0.000,0.000,0.000,2.109,2.105,2.109,0.152,0.156,0.161,0.073,0.079,0.072,1.021,1.022,1.022,0.028,0.043,0.024,1.162,1.165,1.168,0.014,0.013,0.022,1.286,1.280,1.281,0.000,0.014,0.013,0.293,0.288,0.289,0.000,0.000,0.000,0.126,0.125,0.127,0.000,0.000,0.000,0.355,0.350,0.350,0.000,0.000,0.000,0.013,0.000,0.000,0.000,0.000,0.000,0.265,0.270,0.271,0.000,0.000,0.013,0.158,0.156,0.153,0.000,0.046,0.014,0.060,0.048,0.059,0.066,0.057,0.070,0.143,0.133,0.133,0.063,0.062,0.060,0.069,0.064,0.065,0.068,0.064,0.070,0.035,0.021,0.022,0.098,0.089,0.095,0.043,0.013,0.022,0.047,0.053,0.048,0.059,0.058,0.057,0.000,0.000,0.000,0.062,0.061,0.061,0.000,0.000,0.000,0.050,0.050,0.049,0.000,0.000,0.000,0.037,0.035,0.037,0.000,0.000,0.000,0.000,0.000,0.000,0.000,0.000,0.000,0.058,0.056,0.056,0.000,0.000,0.000,0.000,0.000,0.000,0.000,0.000,0.000,0.000,0.000,0.000,0.000,0.000,0.000,0.000,0.000,0.000,0.000,0.000,0.000,0.000,0.000,0.000,0.000,0.000,0.000,0.000,0.005,0.000,0.000,0.000,0.000,0.015,0.047,0.050,0.000,0.000,0.000,0.000,0.000,0.000,0.000,0.000,0.000,0.000,0.000,0.000,0.000,0.000,0.000,0.000,0.000,0.000,0.000,0.000,0.000,0.000,0.000,0.000,0.000,0.000,0.000,0.000,0.000,0.000,0.000,0.000,0.000,0.000,0.000,0.000,0.000,0.000,0.000,0.000,0.000,0.000,0.000,0.000,0.000,0.000,0.000,0.000,0.000,0.000,0.000,0.000,0.029,0.013,0.000,0.000,0.000,0.061,0.056,0.063,0.000,0.000,0.000,0.059,0.061,0.057,0.000,0.000,0.000,0.068,0.063,0.070,0.000,0.000,0.000,0.092,0.089,0.088,0.000,0.000,0.000,0.046,0.050,0.052,0.000,0.000,0.000,0.000,0.000,0.000,0.000,0.000,0.000,0.000,0.000,0.000,0.000,0.000,0.000,0.000,0.000,0.000,0.000,0.000,0.000,0.000,0.000,0.000,0.000,0.000,0.000,0.000,0.000,0.000,0.000,0.000,0.000,0.000,0.000,0.000,0.000,0.000,0.000,0.000,0.000,0.000,0.000,0.000,0.000,0.000,0.000,0.000,0.000,0.000,0.000,0.000,0.000,0.000,0.000,0.000,0.000,0.000,0.000,0.000
2025-07-06 22:48:09,234.183,234.139,234.127,0.000,0.000,0.000,2.113,2.115,2.112,0.162,0.157,0.155,0.087,0.083,0.068,1.023,1.023,1.025,0.037,0.005,0.023,1.171,1.178,1.176,0.023,0.021,0.022,1.284,1.281,1.280,0.013,0.000,0.000,0.291,0.288,0.294,0.000,0.000,0.000,0.117,0.115,0.118,0.000,0.000,0.000,0.345,0.350,0.348,0.000,0.000,0.000,0.013,0.000,0.000,0.000,0.000,0.000,0.268,0.276,0.268,0.000,0.000,0.000,0.164,0.164,0.166,0.013,0.044,0.039,0.058,0.048,0.056,0.069,0.055,0.064,0.136,0.129,0.132,0.062,0.066,0.058,0.065,0.068,0.065,0.071,0.064,0.069,0.040,0.023,0.027,0.096,0.092,0.092,0.038,0.037,0.014,0.047,0.051,0.055,0.058,0.061,0.056,0.000,0.000,0.000,0.061,0.062,0.059,0.000,0.000,0.000,0.049,0.049,0.049,0.000,0.000,0.000,0.032,0.041,0.005,0.000,0.000,0.000,0.000,0.000,0.008,0.000,0.000,0.000,0.053,0.056,0.059,0.000,0.000,0.000,0.000,0.000,0.000,0.000,0.000,0.000,0.000,0.000,0.000,0.000,0.000,0.000,0.000,0.000,0.000,0.000,0.000,0.000,0.000,0.000,0.000,0.000,0.000,0.000,0.000,0.000,0.000,0.000,0.000,0.000,0.045,0.022,0.042,0.016,0.013,0.000,0.000,0.000,0.000,0.000,0.000,0.000,0.000,0.000,0.000,0.000,0.000,0.000,0.000,0.000,0.000,0.000,0.000,0.000,0.000,0.000,0.000,0.000,0.000,0.000,0.000,0.000,0.000,0.000,0.000,0.000,0.000,0.000,0.000,0.000,0.000,0.000,0.000,0.000,0.000,0.000,0.000,0.000,0.000,0.000,0.000,0.000,0.000,0.000,0.014,0.029,0.022,0.000,0.000,0.000,0.060,0.054,0.057,0.000,0.000,0.000,0.058,0.064,0.056,0.000,0.000,0.000,0.070,0.064,0.067,0.000,0.000,0.000,0.089,0.089,0.087,0.000,0.000,0.000,0.049,0.049,0.050,0.000,0.000,0.000,0.000,0.000,0.000,0.000,0.000,0.000,0.000,0.000,0.000,0.000,0.000,0.000,0.000,0.000,0.000,0.000,0.000,0.000,0.000,0.000,0.000,0.000,0.000,0.000,0.000,0.000,0.000,0.000,0.000,0.000,0.000,0.000,0.000,0.000,0.000,0.000,0.000,0.000,0.000,0.000,0.000,0.000,0.000,0.000,0.000,0.000,0.000,0.000,0.000,0.000,0.000,0.000,0.000,0.000,0.000,0.000,0.000
2025-07-06 22:48:12,233.884,233.841,233.830,0.000,0.000,0.000,2.118,2.119,2.119,0.164,0.152,0.152,0.051,0.039,0.051,1.019,1.020,1.030,0.043,0.018,0.044,1.186,1.190,1.184,0.021,0.005,0.014,1.274,1.275,1.274,0.000,0.000,0.000,0.296,0.296,0.295,0.000,0.000,0.000,0.121,0.120,0.119,0.000,0.000,0.000,0.363,0.361,0.354,0.000,0.000,0.000,0.000,0.000,0.000,0.000,0.000,0.000,0.278,0.277,0.282,0.000,0.000,0.000,0.171,0.171,0.172,0.013,0.041,0.043,0.055,0.049,0.048,0.070,0.063,0.064,0.135,0.136,0.131,0.062,0.066,0.057,0.060,0.067,0.061,0.068,0.065,0.067,0.013,0.020,0.027,0.093,0.092,0.091,0.043,0.043,0.028,0.047,0.049,0.053,0.059,0.059,0.059,0.000,0.000,0.000,0.058,0.061,0.060,0.000,0.000,0.000,0.051,0.050,0.050,0.000,0.000,0.000,0.028,0.028,0.008,0.000,0.000,0.000,0.000,0.000,0.005,0.000,0.000,0.000,0.055,0.057,0.054,0.000,0.000,0.000,0.000,0.000,0.000,0.000,0.000,0.000,0.000,0.000,0.000,0.000,0.000,0.000,0.000,0.000,0.000,0.000,0.000,0.000,0.000,0.000,0.000,0.000,0.000,0.000,0.013,0.000,0.000,0.000,0.000,0.000,0.059,0.019,0.031,0.000,0.000,0.000,0.000,0.000,0.000,0.000,0.000,0.000,0.000,0.000,0.000,0.000,0.000,0.000,0.000,0.000,0.000,0.000,0.000,0.000,0.000,0.000,0.000,0.000,0.000,0.000,0.000,0.000,0.000,0.000,0.000,0.000,0.000,0.000,0.000,0.000,0.000,0.000,0.000,0.000,0.000,0.000,0.000,0.000,0.000,0.000,0.000,0.000,0.000,0.000,0.027,0.000,0.028,0.000,0.000,0.000,0.062,0.062,0.055,0.000,0.000,0.000,0.059,0.061,0.057,0.000,0.000,0.000,0.065,0.065,0.063,0.000,0.000,0.000,0.092,0.088,0.088,0.000,0.000,0.000,0.047,0.047,0.049,0.000,0.000,0.000,0.000,0.000,0.000,0.000,0.000,0.000,0.000,0.000,0.000,0.000,0.000,0.000,0.000,0.000,0.000,0.000,0.000,0.000,0.000,0.000,0.000,0.000,0.000,0.000,0.000,0.000,0.000,0.000,0.000,0.000,0.000,0.000,0.000,0.000,0.000,0.000,0.000,0.000,0.000,0.000,0.000,0.000,0.000,0.000,0.000,0.000,0.000,0.000,0.000,0.000,0.000,0.000,0.000,0.000,0.000,0.000,0.000
2025-07-06 22:48:15,233.779,233.735,233.723,0.000,0.000,0.000,2.114,2.109,2.114,0.156,0.148,0.151,0.058,0.051,0.060,1.020,1.008,1.021,0.014,0.026,0.043,1.191,1.192,1.191,0.025,0.013,0.028,1.267,1.268,1.265,0.000,0.014,0.013,0.289,0.292,0.290,0.000,0.000,0.000,0.121,0.116,0.117,0.000,0.000,0.000,0.358,0.357,0.358,0.000,0.000,0.000,0.000,0.000,0.000,0.000,0.000,0.000,0.279,0.277,0.278,0.000,0.000,0.000,0.169,0.170,0.174,0.013,0.018,0.027,0.059,0.048,0.051,0.065,0.062,0.064,0.134,0.136,0.135,0.059,0.060,0.062,0.066,0.065,0.070,0.068,0.064,0.066,0.005,0.015,0.018,0.097,0.089,0.093,0.047,0.035,0.047,0.047,0.048,0.050,0.058,0.059,0.061,0.000,0.000,0.000,0.061,0.064,0.061,0.000,0.000,0.000,0.052,0.047,0.046,0.000,0.000,0.000,0.037,0.043,0.042,0.000,0.000,0.000,0.000,0.000,0.000,0.000,0.000,0.000,0.055,0.056,0.057,0.000,0.000,0.000,0.000,0.000,0.000,0.000,0.000,0.000,0.000,0.000,0.000,0.000,0.000,0.000,0.000,0.000,0.000,0.000,0.000,0.000,0.000,0.000,0.000,0.000,0.000,0.000,0.000,0.000,0.000,0.000,0.000,0.000,0.052,0.015,0.023,0.000,0.000,0.000,0.000,0.000,0.000,0.000,0.000,0.000,0.000,0.000,0.000,0.000,0.000,0.000,0.000,0.000,0.000,0.000,0.000,0.000,0.000,0.000,0.000,0.000,0.000,0.000,0.000,0.000,0.000,0.000,0.000,0.000,0.000,0.000,0.000,0.000,0.000,0.000,0.000,0.000,0.000,0.000,0.000,0.000,0.000,0.000,0.000,0.000,0.000,0.000,0.000,0.000,0.014,0.000,0.000,0.000,0.061,0.059,0.055,0.000,0.000,0.000,0.054,0.060,0.057,0.000,0.000,0.000,0.066,0.064,0.066,0.000,0.000,0.000,0.093,0.088,0.091,0.000,0.000,0.000,0.046,0.049,0.049,0.000,0.000,0.000,0.000,0.000,0.000,0.000,0.000,0.000,0.000,0.000,0.000,0.000,0.000,0.000,0.000,0.000,0.000,0.000,0.000,0.000,0.000,0.000,0.000,0.000,0.000,0.000,0.000,0.000,0.000,0.000,0.000,0.000,0.000,0.000,0.000,0.000,0.000,0.000,0.000,0.000,0.000,0.000,0.000,0.000,0.000,0.000,0.000,0.000,0.000,0.000,0.000,0.000,0.000,0.000,0.000,0.000,0.000,0.000,0.000
2025-07-06 22:48:19,233.833,233.789,233.778,0.000,0.000,0.000,2.114,2.109,2.109,0.157,0.151,0.151,0.061,0.064,0.043,1.015,1.001,1.008,0.000,0.014,0.015,1.194,1.200,1.196,0.022,0.032,0.023,1.267,1.265,1.264,0.000,0.000,0.000,0.300,0.300,0.299,0.000,0.000,0.000,0.114,0.111,0.113,0.000,0.000,0.000,0.354,0.355,0.358,0.000,0.000,0.000,0.013,0.000,0.000,0.000,0.000,0.000,0.271,0.275,0.267,0.000,0.000,0.000,0.169,0.166,0.171,0.021,0.040,0.027,0.059,0.054,0.059,0.064,0.059,0.061,0.138,0.129,0.136,0.060,0.059,0.065,0.069,0.064,0.069,0.069,0.065,0.067,0.008,0.038,0.021,0.100,0.089,0.097,0.022,0.013,0.036,0.047,0.052,0.049,0.056,0.060,0.059,0.000,0.000,0.000,0.062,0.065,0.062,0.000,0.000,0.000,0.050,0.050,0.049,0.000,0.000,0.000,0.043,0.042,0.027,0.000,0.000,0.000,0.000,0.026,0.000,0.000,0.000,0.000,0.055,0.057,0.054,0.000,0.000,0.000,0.000,0.000,0.000,0.000,0.000,0.000,0.000,0.000,0.000,0.000,0.000,0.000,0.000,0.000,0.000,0.000,0.000,0.000,0.000,0.000,0.000,0.000,0.000,0.000,0.000,0.000,0.000,0.000,0.000,0.000,0.038,0.027,0.014,0.000,0.000,0.000,0.000,0.000,0.000,0.000,0.000,0.000,0.000,0.000,0.000,0.000,0.000,0.000,0.000,0.000,0.000,0.000,0.000,0.000,0.000,0.000,0.000,0.000,0.000,0.000,0.000,0.000,0.000,0.000,0.000,0.000,0.000,0.000,0.000,0.000,0.000,0.000,0.000,0.000,0.000,0.000,0.000,0.000,0.000,0.000,0.000,0.000,0.000,0.000,0.013,0.014,0.005,0.000,0.000,0.000,0.061,0.055,0.056,0.000,0.000,0.000,0.055,0.060,0.061,0.000,0.000,0.000,0.068,0.064,0.065,0.000,0.000,0.000,0.091,0.091,0.088,0.000,0.000,0.000,0.049,0.044,0.052,0.000,0.000,0.000,0.000,0.000,0.000,0.000,0.000,0.000,0.000,0.000,0.000,0.000,0.000,0.000,0.000,0.000,0.000,0.000,0.000,0.000,0.000,0.000,0.000,0.000,0.000,0.000,0.000,0.000,0.000,0.000,0.000,0.000,0.000,0.000,0.000,0.000,0.000,0.000,0.000,0.000,0.000,0.000,0.000,0.000,0.000,0.000,0.000,0.000,0.000,0.000,0.000,0.000,0.000,0.000,0.000,0.000,0.000,0.000,0.000
2025-07-06 22:48:22,233.882,233.838,233.826,0.000,0.000,0.000,2.122,2.121,2.121,0.153,0.151,0.151,0.048,0.028,0.038,1.021,1.013,1.011,0.026,0.029,0.006,1.204,1.204,1.205,0.000,0.016,0.021,1.269,1.272,1.272,0.000,0.000,0.000,0.299,0.301,0.298,0.000,0.000,0.000,0.118,0.113,0.115,0.000,0.000,0.000,0.352,0.358,0.358,0.008,0.000,0.000,0.000,0.000,0.000,0.000,0.000,0.000,0.268,0.272,0.271,0.000,0.000,0.000,0.168,0.169,0.168,0.028,0.033,0.027,0.057,0.053,0.061,0.061,0.062,0.061,0.137,0.129,0.140,0.059,0.058,0.064,0.069,0.065,0.067,0.067,0.066,0.066,0.041,0.044,0.028,0.094,0.091,0.095,0.038,0.000,0.040,0.050,0.047,0.051,0.057,0.061,0.062,0.000,0.000,0.000,0.057,0.060,0.058,0.000,0.000,0.000,0.050,0.046,0.049,0.000,0.000,0.000,0.042,0.041,0.027,0.000,0.000,0.000,0.000,0.000,0.014,0.000,0.000,0.000,0.053,0.054,0.056,0.000,0.000,0.000,0.000,0.000,0.000,0.000,0.000,0.000,0.000,0.000,0.000,0.000,0.000,0.000,0.000,0.000,0.000,0.000,0.000,0.000,0.000,0.000,0.000,0.000,0.000,0.000,0.000,0.000,0.000,0.000,0.000,0.000,0.023,0.031,0.009,0.000,0.000,0.000,0.000,0.000,0.000,0.000,0.000,0.000,0.000,0.000,0.000,0.000,0.000,0.000,0.000,0.000,0.000,0.000,0.000,0.000,0.000,0.000,0.000,0.000,0.000,0.000,0.000,0.000,0.000,0.000,0.000,0.000,0.000,0.000,0.000,0.000,0.000,0.000,0.000,0.000,0.000,0.000,0.000,0.000,0.000,0.000,0.000,0.000,0.000,0.000,0.008,0.013,0.014,0.000,0.000,0.000,0.061,0.057,0.057,0.000,0.000,0.000,0.057,0.057,0.062,0.000,0.000,0.000,0.066,0.064,0.064,0.000,0.000,0.000,0.090,0.091,0.089,0.000,0.000,0.000,0.047,0.045,0.051,0.000,0.000,0.000,0.000,0.000,0.000,0.000,0.000,0.000,0.000,0.000,0.000,0.000,0.000,0.000,0.000,0.000,0.000,0.000,0.000,0.000,0.000,0.000,0.000,0.000,0.000,0.000,0.000,0.000,0.000,0.000,0.000,0.000,0.000,0.000,0.000,0.000,0.000,0.000,0.000,0.000,0.000,0.000,0.000,0.000,0.000,0.000,0.000,0.000,0.000,0.000,0.000,0.000,0.000,0.000,0.000,0.000,0.000,0.000,0.000
2025-07-06 22:48:25,233.888,233.845,233.834,0.000,0.000,0.000,2.119,2.120,2.121,0.153,0.151,0.152,0.031,0.029,0.047,1.012,1.011,1.011,0.038,0.030,0.013,1.202,1.204,1.206,0.008,0.023,0.000,1.271,1.273,1.271,0.000,0.000,0.014,0.297,0.293,0.293,0.000,0.000,0.000,0.119,0.119,0.117,0.000,0.000,0.000,0.354,0.353,0.361,0.005,0.000,0.000,0.000,0.000,0.000,0.000,0.000,0.000,0.273,0.276,0.274,0.000,0.000,0.000,0.170,0.172,0.167,0.045,0.036,0.029,0.055,0.054,0.056,0.061,0.065,0.062,0.138,0.134,0.138,0.062,0.055,0.066,0.068,0.064,0.066,0.064,0.070,0.068,0.043,0.045,0.041,0.093,0.093,0.096,0.043,0.000,0.044,0.048,0.046,0.051,0.059,0.061,0.058,0.000,0.000,0.000,0.054,0.059,0.056,0.000,0.000,0.000,0.049,0.046,0.051,0.000,0.000,0.000,0.042,0.042,0.042,0.000,0.000,0.000,0.000,0.000,0.000,0.000,0.000,0.000,0.056,0.057,0.056,0.000,0.000,0.000,0.000,0.000,0.000,0.000,0.000,0.000,0.000,0.000,0.000,0.000,0.000,0.000,0.000,0.000,0.000,0.000,0.000,0.000,0.000,0.000,0.000,0.000,0.000,0.000,0.000,0.000,0.000,0.000,0.000,0.000,0.005,0.027,0.000,0.000,0.000,0.000,0.000,0.000,0.000,0.000,0.000,0.000,0.000,0.000,0.000,0.000,0.000,0.000,0.000,0.000,0.000,0.000,0.000,0.000,0.000,0.000,0.000,0.000,0.000,0.000,0.000,0.000,0.000,0.000,0.000,0.000,0.000,0.000,0.000,0.000,0.000,0.000,0.000,0.000,0.000,0.000,0.000,0.000,0.000,0.000,0.000,0.000,0.000,0.000,0.015,0.000,0.005,0.000,0.000,0.000,0.051,0.060,0.055,0.000,0.000,0.000,0.056,0.056,0.060,0.000,0.000,0.000,0.066,0.071,0.064,0.000,0.000,0.000,0.086,0.096,0.090,0.000,0.000,0.000,0.053,0.045,0.051,0.000,0.000,0.000,0.000,0.000,0.000,0.000,0.000,0.000,0.000,0.000,0.000,0.000,0.000,0.000,0.000,0.000,0.000,0.000,0.000,0.000,0.000,0.000,0.000,0.000,0.000,0.000,0.000,0.000,0.000,0.000,0.000,0.000,0.000,0.000,0.000,0.000,0.000,0.000,0.000,0.000,0.000,0.000,0.000,0.000,0.000,0.000,0.000,0.000,0.000,0.000,0.000,0.000,0.000,0.000,0.000,0.000,0.000,0.000,0.000
2025-07-06 22:48:28,233.840,233.797,233.785,0.000,0.000,0.000,2.135,2.133,2.131,0.147,0.153,0.151,0.056,0.055,0.032,1.026,1.023,1.024,0.021,0.023,0.038,1.212,1.211,1.211,0.033,0.041,0.008,1.276,1.276,1.271,0.000,0.000,0.000,0.292,0.290,0.291,0.000,0.000,0.000,0.119,0.119,0.115,0.000,0.000,0.000,0.359,0.363,0.366,0.000,0.000,0.000,0.000,0.000,0.000,0.000,0.000,0.000,0.279,0.276,0.268,0.000,0.000,0.022,0.172,0.173,0.175,0.044,0.019,0.034,0.049,0.051,0.058,0.053,0.065,0.060,0.137,0.137,0.141,0.061,0.056,0.065,0.066,0.063,0.066,0.066,0.072,0.064,0.045,0.045,0.027,0.092,0.097,0.095,0.030,0.022,0.047,0.052,0.048,0.051,0.059,0.062,0.060,0.000,0.000,0.000,0.054,0.058,0.056,0.000,0.000,0.000,0.049,0.049,0.052,0.000,0.000,0.000,0.034,0.020,0.027,0.000,0.000,0.000,0.008,0.000,0.013,0.000,0.000,0.000,0.055,0.056,0.057,0.000,0.000,0.000,0.000,0.000,0.000,0.000,0.000,0.000,0.000,0.000,0.000,0.000,0.000,0.000,0.000,0.000,0.000,0.000,0.000,0.000,0.000,0.000,0.000,0.000,0.000,0.000,0.000,0.000,0.000,0.000,0.000,0.000,0.014,0.005,0.022,0.000,0.000,0.000,0.000,0.000,0.000,0.000,0.000,0.000,0.000,0.000,0.000,0.000,0.000,0.000,0.000,0.000,0.000,0.000,0.000,0.000,0.000,0.000,0.000,0.000,0.000,0.000,0.000,0.000,0.000,0.000,0.000,0.000,0.000,0.000,0.000,0.000,0.000,0.000,0.000,0.000,0.000,0.000,0.000,0.000,0.000,0.000,0.000,0.000,0.000,0.000,0.028,0.013,0.000,0.000,0.000,0.000,0.058,0.057,0.058,0.000,0.000,0.000,0.060,0.054,0.058,0.000,0.000,0.000,0.067,0.068,0.063,0.000,0.000,0.000,0.089,0.093,0.090,0.000,0.000,0.000,0.051,0.044,0.047,0.000,0.000,0.000,0.000,0.000,0.000,0.000,0.000,0.000,0.000,0.000,0.000,0.000,0.000,0.000,0.000,0.000,0.000,0.000,0.000,0.000,0.000,0.000,0.000,0.000,0.000,0.000,0.000,0.000,0.000,0.000,0.000,0.000,0.000,0.000,0.000,0.000,0.000,0.000,0.000,0.000,0.000,0.000,0.000,0.000,0.000,0.000,0.000,0.000,0.000,0.000,0.000,0.000,0.000,0.000,0.000,0.000,0.000,0.000,0.000
2025-07-06 22:48:31,233.930,233.887,233.875,0.000,0.000,0.000,2.130,2.126,2.126,0.154,0.149,0.147,0.034,0.042,0.021,1.023,1.025,1.018,0.033,0.022,0.019,1.208,1.208,1.208,0.014,0.005,0.028,1.273,1.269,1.273,0.000,0.000,0.000,0.294,0.292,0.291,0.000,0.000,0.000,0.116,0.116,0.121,0.000,0.000,0.000,0.364,0.364,0.362,0.000,0.000,0.000,0.000,0.000,0.000,0.000,0.000,0.000,0.268,0.274,0.268,0.000,0.000,0.005,0.175,0.169,0.174,0.044,0.014,0.000,0.049,0.048,0.051,0.059,0.062,0.063,0.137,0.131,0.138,0.064,0.055,0.061,0.068,0.061,0.067,0.067,0.070,0.066,0.045,0.044,0.032,0.093,0.094,0.098,0.020,0.006,0.043,0.053,0.047,0.046,0.057,0.057,0.060,0.000,0.000,0.000,0.059,0.058,0.059,0.000,0.000,0.000,0.051,0.047,0.047,0.000,0.000,0.000,0.028,0.013,0.041,0.000,0.000,0.000,0.005,0.000,0.013,0.000,0.000,0.000,0.056,0.053,0.058,0.000,0.000,0.000,0.000,0.000,0.000,0.000,0.000,0.000,0.000,0.000,0.000,0.000,0.000,0.000,0.000,0.000,0.000,0.000,0.000,0.000,0.000,0.000,0.000,0.000,0.000,0.000,0.000,0.000,0.000,0.000,0.000,0.000,0.008,0.009,0.016,0.000,0.000,0.000,0.000,0.000,0.000,0.000,0.000,0.000,0.000,0.000,0.000,0.000,0.000,0.000,0.000,0.000,0.000,0.000,0.000,0.000,0.000,0.000,0.000,0.000,0.000,0.000,0.000,0.000,0.000,0.000,0.000,0.000,0.000,0.000,0.000,0.000,0.000,0.000,0.000,0.000,0.000,0.000,0.000,0.000,0.000,0.000,0.000,0.000,0.000,0.000,0.028,0.013,0.000,0.000,0.000,0.000,0.058,0.057,0.058,0.000,0.000,0.000,0.060,0.054,0.058,0.000,0.000,0.000,0.067,0.068,0.063,0.000,0.000,0.000,0.093,0.090,0.094,0.000,0.000,0.000,0.050,0.051,0.044,0.000,0.000,0.000,0.000,0.000,0.000,0.000,0.000,0.000,0.000,0.000,0.000,0.000,0.000,0.000,0.000,0.000,0.000,0.000,0.000,0.000,0.000,0.000,0.000,0.000,0.000,0.000,0.000,0.000,0.000,0.000,0.000,0.000,0.000,0.000,0.000,0.000,0.000,0.000,0.000,0.000,0.000,0.000,0.000,0.000,0.000,0.000,0.000,0.000,0.000,0.000,0.000,0.000,0.000,0.000,0.000,0.000,0.000,0.000,0.000
2025-07-06 22:48:34,233.984,233.940,233.929,0.000,0.000,0.000,2.111,2.110,2.110,0.155,0.156,0.155,0.049,0.075,0.066,1.012,1.008,1.004,0.021,0.043,0.015,1.200,1.198,1.202,0.000,0.015,0.020,1.262,1.263,1.261,0.000,0.000,0.000,0.291,0.291,0.293,0.000,0.000,0.000,0.123,0.123,0.118,0.000,0.000,0.000,0.366,0.367,0.369,0.000,0.000,0.000,0.000,0.000,0.000,0.000,0.000,0.000,0.263,0.268,0.262,0.000,0.000,0.000,0.170,0.168,0.165,0.043,0.016,0.000,0.045,0.053,0.059,0.058,0.065,0.067,0.126,0.126,0.128,0.066,0.054,0.065,0.069,0.063,0.071,0.065,0.071,0.065,0.045,0.048,0.039,0.093,0.093,0.099,0.000,0.000,0.027,0.052,0.053,0.045,0.055,0.053,0.052,0.000,0.000,0.000,0.060,0.061,0.058,0.000,0.000,0.000,0.047,0.046,0.048,0.000,0.000,0.000,0.022,0.029,0.041,0.000,0.000,0.000,0.000,0.000,0.000,0.000,0.000,0.000,0.054,0.055,0.056,0.000,0.000,0.000,0.000,0.000,0.000,0.000,0.000,0.000,0.000,0.000,0.000,0.000,0.000,0.000,0.000,0.000,0.000,0.000,0.000,0.000,0.000,0.000,0.000,0.000,0.000,0.000,0.000,0.000,0.000,0.000,0.000,0.000,0.019,0.030,0.030,0.000,0.013,0.000,0.000,0.000,0.000,0.000,0.000,0.000,0.000,0.000,0.000,0.000,0.000,0.000,0.000,0.000,0.000,0.000,0.000,0.000,0.000,0.000,0.000,0.000,0.000,0.000,0.000,0.000,0.000,0.000,0.000,0.000,0.000,0.000,0.000,0.000,0.000,0.000,0.000,0.000,0.000,0.000,0.000,0.000,0.000,0.000,0.000,0.000,0.000,0.000,0.013,0.040,0.008,0.000,0.000,0.000,0.061,0.057,0.065,0.000,0.000,0.000,0.061,0.058,0.055,0.000,0.000,0.000,0.063,0.065,0.068,0.000,0.000,0.000,0.089,0.088,0.095,0.000,0.000,0.000,0.048,0.053,0.043,0.000,0.000,0.000,0.000,0.000,0.000,0.000,0.000,0.000,0.000,0.000,0.000,0.000,0.000,0.000,0.000,0.000,0.000,0.000,0.000,0.000,0.000,0.000,0.000,0.000,0.000,0.000,0.000,0.000,0.000,0.000,0.000,0.000,0.000,0.000,0.000,0.000,0.000,0.000,0.000,0.000,0.000,0.000,0.000,0.000,0.000,0.000,0.000,0.000,0.000,0.000,0.000,0.000,0.000,0.000,0.000,0.000,0.000,0.000,0.000
2025-07-06 22:48:37,233.908,233.863,233.852,0.000,0.000,0.000,2.114,2.112,2.114,0.152,0.154,0.159,0.039,0.064,0.058,1.013,1.011,1.015,0.008,0.050,0.010,1.200,1.194,1.197,0.000,0.014,0.008,1.269,1.269,1.266,0.000,0.000,0.000,0.290,0.292,0.288,0.000,0.000,0.000,0.124,0.126,0.120,0.000,0.000,0.000,0.361,0.358,0.366,0.000,0.000,0.000,0.000,0.013,0.000,0.000,0.000,0.000,0.262,0.269,0.261,0.000,0.000,0.014,0.168,0.167,0.167,0.018,0.040,0.023,0.059,0.061,0.062,0.062,0.065,0.070,0.131,0.130,0.137,0.063,0.059,0.063,0.067,0.062,0.069,0.064,0.068,0.068,0.049,0.049,0.046,0.093,0.090,0.097,0.013,0.000,0.019,0.049,0.053,0.043,0.054,0.053,0.054,0.000,0.000,0.000,0.060,0.062,0.056,0.000,0.000,0.000,0.050,0.045,0.048,0.000,0.000,0.000,0.034,0.036,0.034,0.000,0.000,0.000,0.000,0.000,0.000,0.000,0.000,0.000,0.052,0.054,0.055,0.000,0.000,0.000,0.000,0.000,0.000,0.000,0.000,0.000,0.000,0.000,0.000,0.000,0.000,0.000,0.000,0.000,0.000,0.000,0.000,0.000,0.000,0.000,0.000,0.000,0.000,0.000,0.000,0.000,0.000,0.000,0.000,0.000,0.018,0.006,0.045,0.000,0.000,0.000,0.000,0.000,0.000,0.000,0.000,0.000,0.000,0.000,0.000,0.000,0.000,0.000,0.000,0.000,0.000,0.000,0.000,0.000,0.000,0.000,0.000,0.000,0.000,0.000,0.000,0.000,0.000,0.000,0.000,0.000,0.000,0.000,0.000,0.000,0.000,0.000,0.000,0.000,0.000,0.000,0.000,0.000,0.000,0.000,0.000,0.000,0.000,0.000,0.008,0.035,0.033,0.000,0.000,0.000,0.060,0.057,0.057,0.000,0.000,0.000,0.058,0.064,0.055,0.000,0.000,0.000,0.066,0.066,0.067,0.000,0.000,0.000,0.093,0.092,0.088,0.000,0.000,0.000,0.047,0.047,0.048,0.000,0.000,0.000,0.000,0.000,0.000,0.000,0.000,0.000,0.000,0.000,0.000,0.000,0.000,0.000,0.000,0.000,0.000,0.000,0.000,0.000,0.000,0.000,0.000,0.000,0.000,0.000,0.000,0.000,0.000,0.000,0.000,0.000,0.000,0.000,0.000,0.000,0.000,0.000,0.000,0.000,0.000,0.000,0.000,0.000,0.000,0.000,0.000,0.000,0.000,0.000,0.000,0.000,0.000,0.000,0.000,0.000,0.000,0.000,0.000
2025-07-06 22:48:40,233.944,233.901,233.889,0.000,0.000,0.000,2.113,2.115,2.117,0.152,0.158,0.154,0.038,0.054,0.063,1.020,1.014,1.017,0.005,0.025,0.025,1.194,1.196,1.200,0.031,0.017,0.014,1.264,1.268,1.262,0.000,0.019,0.000,0.288,0.289,0.291,0.000,0.000,0.000,0.122,0.120,0.120,0.000,0.000,0.000,0.369,0.365,0.373,0.000,0.000,0.000,0.019,0.019,0.021,0.000,0.000,0.000,0.263,0.269,0.265,0.000,0.000,0.020,0.168,0.170,0.174,0.008,0.046,0.006,0.053,0.045,0.052,0.061,0.061,0.064,0.131,0.127,0.136,0.060,0.063,0.060,0.071,0.068,0.074,0.067,0.065,0.068,0.046,0.051,0.035,0.098,0.091,0.094,0.008,0.000,0.035,0.047,0.052,0.048,0.051,0.057,0.054,0.000,0.000,0.000,0.057,0.062,0.062,0.000,0.000,0.000,0.049,0.049,0.045,0.000,0.000,0.000,0.027,0.033,0.037,0.000,0.000,0.000,0.000,0.000,0.000,0.000,0.000,0.000,0.054,0.056,0.053,0.000,0.000,0.000,0.000,0.000,0.000,0.000,0.000,0.000,0.000,0.000,0.000,0.000,0.000,0.000,0.000,0.000,0.000,0.000,0.000,0.000,0.000,0.000,0.000,0.000,0.000,0.000,0.000,0.000,0.000,0.000,0.000,0.000,0.010,0.027,0.028,0.000,0.000,0.000,0.000,0.000,0.000,0.000,0.000,0.000,0.000,0.000,0.000,0.000,0.000,0.000,0.000,0.000,0.000,0.000,0.000,0.000,0.000,0.000,0.000,0.000,0.000,0.000,0.000,0.000,0.000,0.000,0.000,0.000,0.000,0.000,0.000,0.000,0.000,0.000,0.000,0.000,0.000,0.000,0.000,0.000,0.000,0.013,0.000,0.000,0.000,0.000,0.040,0.036,0.000,0.000,0.000,0.000,0.058,0.062,0.057,0.000,0.000,0.000,0.063,0.061,0.062,0.000,0.000,0.000,0.067,0.066,0.063,0.000,0.000,0.000,0.092,0.091,0.091,0.000,0.000,0.000,0.053,0.048,0.050,0.000,0.000,0.000,0.000,0.000,0.000,0.000,0.000,0.000,0.000,0.000,0.000,0.000,0.000,0.000,0.000,0.000,0.000,0.000,0.000,0.000,0.000,0.000,0.000,0.000,0.000,0.000,0.000,0.000,0.000,0.000,0.000,0.000,0.000,0.000,0.000,0.000,0.000,0.000,0.000,0.000,0.000,0.000,0.000,0.000,0.000,0.000,0.000,0.000,0.000,0.000,0.000,0.000,0.000,0.000,0.000,0.000,0.000,0.000,0.000
2025-07-06 22:48:43,234.050,234.006,233.994,0.000,0.000,0.000,2.118,2.121,2.116,0.158,0.161,0.152,0.036,0.051,0.046,1.022,1.021,1.014,0.032,0.024,0.000,1.201,1.200,1.205,0.019,0.029,0.016,1.263,1.267,1.262,0.000,0.000,0.000,0.293,0.292,0.294,0.000,0.000,0.000,0.123,0.120,0.118,0.000,0.000,0.000,0.363,0.371,0.368,0.000,0.000,0.000,0.000,0.013,0.009,0.000,0.000,0.000,0.259,0.264,0.260,0.013,0.021,0.000,0.171,0.171,0.175,0.039,0.044,0.014,0.058,0.042,0.052,0.062,0.064,0.062,0.134,0.131,0.131,0.065,0.062,0.062,0.068,0.068,0.064,0.068,0.066,0.066,0.028,0.046,0.043,0.095,0.093,0.094,0.013,0.008,0.005,0.052,0.050,0.052,0.057,0.055,0.059,0.000,0.000,0.000,0.062,0.063,0.065,0.000,0.000,0.000,0.048,0.050,0.049,0.000,0.000,0.000,0.022,0.045,0.027,0.000,0.000,0.000,0.000,0.000,0.000,0.000,0.000,0.000,0.053,0.056,0.056,0.000,0.000,0.000,0.000,0.000,0.000,0.000,0.000,0.000,0.000,0.000,0.000,0.000,0.000,0.000,0.000,0.000,0.000,0.000,0.000,0.000,0.000,0.000,0.000,0.000,0.000,0.000,0.000,0.000,0.000,0.000,0.000,0.000,0.000,0.034,0.028,0.000,0.000,0.000,0.000,0.000,0.000,0.000,0.000,0.000,0.000,0.000,0.000,0.000,0.000,0.000,0.000,0.000,0.000,0.000,0.000,0.000,0.000,0.000,0.000,0.000,0.000,0.000,0.000,0.000,0.000,0.000,0.000,0.000,0.000,0.000,0.000,0.000,0.000,0.000,0.000,0.000,0.000,0.000,0.000,0.000,0.000,0.000,0.000,0.000,0.000,0.000,0.005,0.028,0.000,0.000,0.000,0.000,0.057,0.059,0.061,0.000,0.000,0.000,0.057,0.056,0.058,0.000,0.000,0.000,0.065,0.065,0.063,0.000,0.000,0.000,0.092,0.086,0.093,0.000,0.000,0.000,0.048,0.050,0.044,0.000,0.000,0.000,0.000,0.000,0.000,0.000,0.000,0.000,0.000,0.000,0.000,0.000,0.000,0.000,0.000,0.000,0.000,0.000,0.000,0.000,0.000,0.000,0.000,0.000,0.000,0.000,0.000,0.000,0.000,0.000,0.000,0.000,0.000,0.000,0.000,0.000,0.000,0.000,0.000,0.000,0.000,0.000,0.000,0.000,0.000,0.000,0.000,0.000,0.000,0.000,0.000,0.000,0.000,0.000,0.000,0.000,0.000,0.000,0.000
2025-07-06 22:48:46,234.210,234.166,234.154,0.000,0.000,0.000,2.106,2.097,2.097,0.148,0.150,0.148,0.024,0.014,0.024,1.009,1.000,1.000,0.008,0.006,0.010,1.189,1.185,1.187,0.013,0.021,0.000,1.266,1.263,1.261,0.000,0.000,0.014,0.290,0.289,0.290,0.000,0.000,0.000,0.120,0.117,0.119,0.000,0.000,0.000,0.365,0.364,0.360,0.000,0.000,0.000,0.000,0.000,0.006,0.000,0.000,0.000,0.267,0.268,0.268,0.013,0.005,0.022,0.171,0.177,0.177,0.033,0.047,0.021,0.057,0.051,0.051,0.063,0.059,0.067,0.126,0.128,0.127,0.058,0.059,0.060,0.069,0.068,0.067,0.068,0.066,0.065,0.042,0.046,0.044,0.097,0.090,0.095,0.027,0.019,0.013,0.048,0.051,0.046,0.052,0.056,0.058,0.000,0.000,0.000,0.061,0.061,0.063,0.000,0.000,0.000,0.046,0.047,0.045,0.000,0.000,0.000,0.042,0.042,0.042,0.000,0.000,0.000,0.000,0.000,0.000,0.000,0.000,0.000,0.053,0.051,0.052,0.000,0.000,0.000,0.000,0.000,0.000,0.000,0.000,0.000,0.000,0.000,0.000,0.000,0.000,0.000,0.000,0.000,0.000,0.000,0.000,0.000,0.000,0.000,0.000,0.000,0.000,0.000,0.000,0.008,0.000,0.000,0.000,0.000,0.043,0.020,0.043,0.000,0.000,0.000,0.000,0.000,0.000,0.000,0.000,0.000,0.000,0.000,0.000,0.000,0.000,0.000,0.000,0.000,0.000,0.000,0.000,0.000,0.000,0.000,0.000,0.000,0.000,0.000,0.000,0.000,0.000,0.000,0.000,0.000,0.000,0.000,0.000,0.000,0.000,0.000,0.000,0.000,0.000,0.000,0.000,0.000,0.000,0.000,0.000,0.000,0.000,0.000,0.008,0.019,0.037,0.000,0.000,0.000,0.058,0.062,0.060,0.000,0.000,0.000,0.055,0.058,0.061,0.000,0.000,0.000,0.063,0.067,0.063,0.000,0.000,0.000,0.091,0.090,0.090,0.000,0.000,0.000,0.049,0.051,0.050,0.000,0.000,0.000,0.000,0.000,0.000,0.000,0.000,0.000,0.000,0.000,0.000,0.000,0.000,0.000,0.000,0.000,0.000,0.000,0.000,0.000,0.000,0.000,0.000,0.000,0.000,0.000,0.000,0.000,0.000,0.000,0.000,0.000,0.000,0.000,0.000,0.000,0.000,0.000,0.000,0.000,0.000,0.000,0.000,0.000,0.000,0.000,0.000,0.000,0.000,0.000,0.000,0.000,0.000,0.000,0.000,0.000,0.000,0.000,0.000
2025-07-06 22:48:49,234.258,234.214,234.203,0.000,0.000,0.000,2.071,2.071,2.075,0.154,0.155,0.161,0.060,0.041,0.056,0.985,0.979,0.985,0.030,0.014,0.020,1.165,1.173,1.178,0.000,0.000,0.023,1.253,1.252,1.251,0.000,0.026,0.000,0.282,0.279,0.281,0.000,0.000,0.000,0.113,0.111,0.106,0.000,0.000,0.000,0.366,0.366,0.362,0.000,0.000,0.000,0.000,0.013,0.027,0.000,0.000,0.000,0.263,0.253,0.254,0.016,0.000,0.005,0.178,0.178,0.177,0.021,0.021,0.046,0.022,0.008,0.007,0.065,0.065,0.064,0.126,0.122,0.120,0.057,0.062,0.063,0.059,0.063,0.059,0.068,0.068,0.066,0.019,0.043,0.019,0.095,0.095,0.092,0.020,0.014,0.000,0.050,0.052,0.053,0.055,0.056,0.059,0.000,0.000,0.000,0.057,0.062,0.067,0.000,0.000,0.000,0.020,0.030,0.021,0.000,0.000,0.000,0.005,0.005,0.005,0.000,0.000,0.000,0.000,0.000,0.000,0.000,0.000,0.000,0.053,0.051,0.052,0.000,0.000,0.000,0.000,0.000,0.000,0.000,0.000,0.000,0.000,0.000,0.000,0.000,0.000,0.000,0.000,0.000,0.000,0.000,0.000,0.000,0.000,0.000,0.000,0.000,0.000,0.000,0.000,0.008,0.000,0.000,0.000,0.000,0.043,0.020,0.043,0.000,0.000,0.000,0.000,0.000,0.000,0.000,0.000,0.000,0.000,0.000,0.000,0.000,0.000,0.000,0.000,0.000,0.000,0.000,0.000,0.000,0.000,0.000,0.000,0.000,0.000,0.000,0.000,0.000,0.000,0.000,0.000,0.000,0.000,0.000,0.000,0.000,0.000,0.000,0.000,0.000,0.000,0.000,0.000,0.000,0.000,0.000,0.000,0.000,0.000,0.000,0.035,0.013,0.019,0.000,0.000,0.000,0.059,0.062,0.057,0.000,0.000,0.000,0.061,0.057,0.057,0.000,0.000,0.000,0.064,0.067,0.065,0.000,0.000,0.000,0.089,0.089,0.089,0.000,0.000,0.000,0.050,0.049,0.052,0.000,0.000,0.000,0.000,0.000,0.000,0.000,0.000,0.000,0.000,0.000,0.000,0.000,0.000,0.000,0.000,0.000,0.000,0.000,0.000,0.000,0.000,0.000,0.000,0.000,0.000,0.000,0.000,0.000,0.000,0.000,0.000,0.000,0.000,0.000,0.000,0.000,0.000,0.000,0.000,0.000,0.000,0.000,0.000,0.000,0.000,0.000,0.000,0.000,0.000,0.000,0.000,0.000,0.000,0.000,0.000,0.000,0.000,0.000,0.000
2025-07-06 22:48:52,234.181,234.137,234.126,0.000,0.000,0.000,2.107,2.118,2.124,0.156,0.153,0.153,0.059,0.059,0.059,1.011,1.013,1.018,0.021,0.010,0.038,1.203,1.217,1.218,0.014,0.013,0.005,1.260,1.265,1.269,0.014,0.000,0.015,0.289,0.289,0.290,0.000,0.000,0.000,0.111,0.112,0.110,0.000,0.000,0.000,0.363,0.354,0.355,0.000,0.000,0.000,0.000,0.000,0.000,0.000,0.000,0.000,0.255,0.251,0.257,0.013,0.014,0.013,0.178,0.183,0.180,0.030,0.022,0.028,0.008,0.000,0.000,0.063,0.064,0.059,0.121,0.124,0.122,0.062,0.061,0.058,0.053,0.060,0.056,0.066,0.067,0.065,0.000,0.005,0.000,0.093,0.094,0.091,0.000,0.013,0.000,0.050,0.050,0.053,0.052,0.050,0.056,0.000,0.000,0.000,0.067,0.070,0.069,0.000,0.000,0.000,0.008,0.027,0.015,0.000,0.000,0.000,0.000,0.000,0.000,0.000,0.000,0.000,0.000,0.000,0.000,0.000,0.000,0.000,0.048,0.048,0.053,0.000,0.000,0.000,0.000,0.000,0.000,0.000,0.000,0.000,0.000,0.000,0.000,0.000,0.000,0.000,0.000,0.000,0.000,0.000,0.000,0.000,0.000,0.000,0.000,0.000,0.000,0.000,0.013,0.000,0.000,0.000,0.000,0.000,0.000,0.000,0.037,0.000,0.000,0.000,0.000,0.000,0.000,0.000,0.000,0.000,0.000,0.000,0.000,0.000,0.000,0.000,0.000,0.000,0.000,0.000,0.000,0.000,0.000,0.000,0.000,0.000,0.000,0.000,0.000,0.000,0.000,0.000,0.000,0.000,0.000,0.000,0.000,0.000,0.000,0.000,0.000,0.000,0.000,0.000,0.000,0.000,0.000,0.000,0.000,0.000,0.000,0.000,0.000,0.014,0.024,0.000,0.000,0.000,0.061,0.060,0.062,0.000,0.000,0.000,0.061,0.058,0.061,0.000,0.000,0.000,0.067,0.068,0.066,0.000,0.000,0.000,0.093,0.088,0.089,0.000,0.000,0.000,0.052,0.050,0.050,0.000,0.000,0.000,0.000,0.000,0.000,0.000,0.000,0.000,0.000,0.000,0.000,0.000,0.000,0.000,0.000,0.000,0.000,0.000,0.000,0.000,0.000,0.000,0.000,0.000,0.000,0.000,0.000,0.000,0.000,0.000,0.000,0.000,0.000,0.000,0.000,0.000,0.000,0.000,0.000,0.000,0.000,0.000,0.000,0.000,0.000,0.000,0.000,0.000,0.000,0.000,0.000,0.000,0.000,0.000,0.000,0.000,0.000,0.000,0.000
2025-07-06 22:48:55,234.137,234.093,234.082,0.000,0.000,0.000,2.145,2.147,2.145,0.152,0.150,0.158,0.043,0.037,0.030,1.033,1.028,1.030,0.038,0.015,0.021,1.221,1.233,1.229,0.015,0.014,0.021,1.284,1.281,1.282,0.000,0.000,0.013,0.296,0.296,0.295,0.000,0.000,0.000,0.108,0.114,0.112,0.000,0.000,0.000,0.361,0.353,0.351,0.000,0.000,0.000,0.000,0.008,0.021,0.000,0.000,0.013,0.264,0.259,0.259,0.000,0.014,0.000,0.175,0.182,0.177,0.029,0.027,0.046,0.005,0.013,0.015,0.064,0.063,0.063,0.128,0.134,0.133,0.062,0.063,0.063,0.055,0.062,0.058,0.067,0.069,0.067,0.021,0.000,0.008,0.092,0.094,0.092,0.000,0.000,0.000,0.056,0.050,0.050,0.054,0.057,0.052,0.000,0.000,0.000,0.066,0.065,0.059,0.000,0.000,0.000,0.019,0.020,0.022,0.000,0.000,0.000,0.000,0.000,0.000,0.000,0.000,0.000,0.000,0.000,0.000,0.000,0.000,0.000,0.050,0.051,0.048,0.000,0.000,0.000,0.000,0.000,0.000,0.000,0.000,0.000,0.000,0.000,0.000,0.000,0.000,0.000,0.000,0.000,0.000,0.000,0.000,0.000,0.000,0.000,0.000,0.000,0.000,0.000,0.000,0.000,0.000,0.000,0.000,0.000,0.014,0.000,0.038,0.000,0.000,0.000,0.000,0.000,0.000,0.000,0.000,0.000,0.000,0.000,0.000,0.000,0.000,0.000,0.000,0.000,0.000,0.000,0.000,0.000,0.000,0.000,0.000,0.000,0.000,0.000,0.000,0.000,0.000,0.000,0.000,0.000,0.000,0.000,0.000,0.000,0.000,0.000,0.000,0.000,0.000,0.000,0.000,0.000,0.000,0.000,0.000,0.000,0.000,0.000,0.015,0.038,0.029,0.000,0.000,0.000,0.060,0.059,0.060,0.000,0.000,0.000,0.058,0.059,0.058,0.000,0.000,0.000,0.068,0.067,0.068,0.000,0.000,0.000,0.091,0.089,0.089,0.000,0.000,0.000,0.050,0.048,0.050,0.000,0.000,0.000,0.000,0.000,0.000,0.000,0.000,0.000,0.000,0.000,0.000,0.000,0.000,0.000,0.000,0.000,0.000,0.000,0.000,0.000,0.000,0.000,0.000,0.000,0.000,0.000,0.000,0.000,0.000,0.000,0.000,0.000,0.000,0.000,0.000,0.000,0.000,0.000,0.000,0.000,0.000,0.000,0.000,0.000,0.000,0.000,0.000,0.000,0.000,0.000,0.000,0.000,0.000,0.000,0.000,0.000,0.000,0.000,0.000
2025-07-06 22:48:58,234.087,234.044,234.032,0.000,0.000,0.000,2.156,2.151,2.151,0.154,0.153,0.158,0.032,0.031,0.056,1.035,1.032,1.037,0.015,0.005,0.014,1.239,1.242,1.239,0.009,0.000,0.020,1.287,1.278,1.277,0.000,0.000,0.013,0.295,0.296,0.294,0.000,0.000,0.000,0.106,0.113,0.111,0.000,0.000,0.000,0.361,0.353,0.357,0.008,0.000,0.000,0.022,0.019,0.041,0.000,0.000,0.000,0.259,0.255,0.260,0.000,0.013,0.000,0.176,0.183,0.173,0.031,0.030,0.046,0.000,0.027,0.000,0.064,0.064,0.060,0.118,0.130,0.121,0.059,0.063,0.059,0.060,0.063,0.064,0.068,0.068,0.066,0.035,0.008,0.013,0.091,0.096,0.091,0.000,0.014,0.000,0.052,0.049,0.051,0.055,0.056,0.051,0.000,0.000,0.000,0.064,0.062,0.063,0.000,0.000,0.000,0.014,0.023,0.034,0.000,0.000,0.000,0.000,0.000,0.000,0.000,0.000,0.000,0.000,0.000,0.000,0.000,0.000,0.000,0.049,0.049,0.047,0.000,0.000,0.000,0.000,0.000,0.000,0.000,0.000,0.000,0.000,0.000,0.000,0.000,0.000,0.000,0.000,0.000,0.000,0.000,0.000,0.000,0.000,0.000,0.000,0.000,0.000,0.000,0.000,0.000,0.000,0.000,0.000,0.000,0.067,0.066,0.025,0.019,0.018,0.000,0.008,0.009,0.000,0.000,0.000,0.000,0.000,0.008,0.000,0.000,0.000,0.000,0.000,0.000,0.000,0.000,0.000,0.000,0.000,0.000,0.000,0.000,0.000,0.000,0.000,0.000,0.000,0.000,0.000,0.000,0.000,0.000,0.000,0.000,0.000,0.000,0.000,0.000,0.000,0.013,0.000,0.000,0.000,0.000,0.000,0.000,0.000,0.000,0.016,0.029,0.015,0.000,0.000,0.000,0.062,0.058,0.060,0.000,0.000,0.000,0.058,0.058,0.058,0.000,0.000,0.000,0.067,0.064,0.065,0.000,0.000,0.000,0.091,0.088,0.092,0.000,0.000,0.000,0.049,0.051,0.046,0.000,0.000,0.000,0.000,0.000,0.000,0.000,0.000,0.000,0.000,0.000,0.000,0.000,0.000,0.000,0.000,0.000,0.000,0.000,0.000,0.000,0.000,0.000,0.000,0.000,0.000,0.000,0.000,0.000,0.000,0.000,0.000,0.000,0.000,0.000,0.000,0.000,0.000,0.000,0.000,0.000,0.000,0.000,0.000,0.000,0.000,0.000,0.000,0.000,0.000,0.000,0.000,0.000,0.000,0.000,0.000,0.000,0.000,0.000,0.000
2025-07-06 22:49:01,234.152,234.109,234.097,0.000,0.000,0.000,2.163,2.167,2.160,0.181,0.175,0.154,0.081,0.074,0.051,1.036,1.047,1.035,0.020,0.041,0.013,1.248,1.245,1.246,0.006,0.008,0.023,1.285,1.286,1.286,0.000,0.008,0.000,0.301,0.301,0.302,0.000,0.000,0.000,0.106,0.107,0.101,0.000,0.000,0.000,0.354,0.358,0.362,0.005,0.000,0.013,0.013,0.000,0.018,0.000,0.000,0.000,0.251,0.252,0.251,0.008,0.000,0.022,0.177,0.171,0.170,0.035,0.031,0.030,0.031,0.000,0.000,0.066,0.061,0.061,0.136,0.134,0.133,0.059,0.061,0.058,0.059,0.063,0.058,0.070,0.066,0.067,0.000,0.019,0.019,0.096,0.092,0.092,0.000,0.000,0.000,0.050,0.051,0.049,0.055,0.056,0.054,0.000,0.000,0.000,0.069,0.067,0.070,0.000,0.000,0.000,0.021,0.030,0.023,0.000,0.000,0.000,0.000,0.000,0.000,0.000,0.000,0.000,0.000,0.000,0.000,0.000,0.000,0.000,0.048,0.048,0.049,0.000,0.000,0.000,0.000,0.000,0.000,0.000,0.000,0.000,0.000,0.000,0.000,0.000,0.000,0.000,0.000,0.000,0.000,0.000,0.000,0.000,0.013,0.000,0.000,0.000,0.000,0.000,0.000,0.000,0.000,0.000,0.000,0.000,0.070,0.082,0.059,0.021,0.012,0.000,0.013,0.006,0.000,0.000,0.000,0.000,0.000,0.005,0.000,0.000,0.000,0.000,0.000,0.000,0.000,0.000,0.000,0.000,0.000,0.000,0.000,0.000,0.000,0.000,0.000,0.000,0.000,0.000,0.000,0.000,0.000,0.000,0.000,0.000,0.000,0.000,0.000,0.000,0.000,0.000,0.000,0.000,0.000,0.000,0.000,0.000,0.000,0.000,0.014,0.045,0.020,0.000,0.000,0.000,0.059,0.064,0.060,0.000,0.000,0.000,0.056,0.064,0.059,0.000,0.000,0.000,0.065,0.068,0.066,0.000,0.000,0.000,0.089,0.090,0.092,0.000,0.000,0.000,0.048,0.050,0.048,0.000,0.000,0.000,0.000,0.000,0.000,0.000,0.000,0.000,0.000,0.000,0.000,0.000,0.000,0.000,0.000,0.000,0.000,0.000,0.000,0.000,0.000,0.000,0.000,0.000,0.000,0.000,0.000,0.000,0.000,0.000,0.000,0.000,0.000,0.000,0.000,0.000,0.000,0.000,0.000,0.000,0.000,0.000,0.000,0.000,0.000,0.000,0.000,0.000,0.000,0.000,0.000,0.000,0.000,0.000,0.000,0.000,0.000,0.000,0.000
2025-07-06 22:49:04,234.107,234.063,234.052,0.000,0.000,0.000,2.166,2.165,2.159,0.173,0.186,0.165,0.088,0.081,0.063,1.046,1.050,1.039,0.009,0.023,0.016,1.248,1.237,1.245,0.036,0.032,0.047,1.286,1.288,1.285,0.015,0.020,0.008,0.295,0.295,0.296,0.000,0.000,0.000,0.099,0.098,0.096,0.000,0.000,0.000,0.356,0.358,0.357,0.000,0.000,0.000,0.014,0.024,0.009,0.000,0.000,0.000,0.247,0.254,0.246,0.005,0.013,0.020,0.167,0.163,0.165,0.022,0.044,0.020,0.000,0.008,0.000,0.062,0.065,0.062,0.137,0.137,0.132,0.057,0.065,0.058,0.067,0.066,0.064,0.069,0.070,0.069,0.000,0.013,0.000,0.096,0.097,0.093,0.000,0.000,0.000,0.049,0.051,0.050,0.053,0.052,0.052,0.000,0.000,0.000,0.068,0.069,0.069,0.000,0.000,0.000,0.028,0.046,0.044,0.000,0.000,0.000,0.000,0.000,0.000,0.000,0.000,0.000,0.000,0.000,0.000,0.000,0.000,0.000,0.048,0.046,0.048,0.000,0.000,0.000,0.000,0.000,0.000,0.000,0.000,0.000,0.000,0.000,0.000,0.000,0.000,0.000,0.000,0.000,0.000,0.000,0.000,0.000,0.000,0.000,0.000,0.000,0.000,0.000,0.000,0.000,0.000,0.000,0.000,0.000,0.056,0.045,0.034,0.005,0.013,0.013,0.013,0.022,0.000,0.000,0.000,0.000,0.000,0.000,0.000,0.000,0.000,0.000,0.000,0.000,0.000,0.000,0.000,0.000,0.000,0.000,0.000,0.000,0.000,0.000,0.000,0.000,0.000,0.000,0.000,0.000,0.000,0.000,0.000,0.000,0.000,0.000,0.000,0.000,0.000,0.000,0.000,0.000,0.000,0.000,0.000,0.000,0.000,0.000,0.037,0.029,0.038,0.000,0.000,0.000,0.058,0.062,0.062,0.000,0.000,0.000,0.058,0.058,0.057,0.000,0.000,0.000,0.065,0.067,0.066,0.000,0.000,0.000,0.094,0.090,0.086,0.000,0.000,0.000,0.048,0.050,0.052,0.000,0.000,0.000,0.000,0.000,0.000,0.000,0.000,0.000,0.000,0.000,0.000,0.000,0.000,0.000,0.000,0.000,0.000,0.000,0.000,0.000,0.000,0.000,0.000,0.000,0.000,0.000,0.000,0.000,0.000,0.000,0.000,0.000,0.000,0.000,0.000,0.000,0.000,0.000,0.000,0.000,0.000,0.000,0.000,0.000,0.000,0.000,0.000,0.000,0.000,0.000,0.000,0.000,0.000,0.000,0.000,0.000,0.000,0.000,0.000
2025-07-06 22:49:07,234.100,234.056,234.046,0.000,0.000,0.000,2.110,2.108,2.107,0.166,0.167,0.160,0.065,0.065,0.058,1.013,1.014,1.009,0.030,0.017,0.015,1.219,1.215,1.220,0.019,0.008,0.019,1.254,1.253,1.251,0.008,0.013,0.005,0.285,0.285,0.287,0.000,0.000,0.000,0.110,0.109,0.106,0.000,0.000,0.000,0.354,0.349,0.350,0.000,0.000,0.000,0.046,0.046,0.038,0.000,0.000,0.000,0.244,0.239,0.247,0.008,0.000,0.000,0.160,0.169,0.162,0.030,0.029,0.037,0.000,0.005,0.000,0.062,0.065,0.061,0.120,0.126,0.116,0.060,0.062,0.061,0.071,0.071,0.073,0.067,0.067,0.065,0.000,0.000,0.008,0.096,0.095,0.089,0.000,0.000,0.000,0.049,0.049,0.054,0.049,0.045,0.046,0.000,0.000,0.000,0.074,0.071,0.074,0.000,0.000,0.000,0.028,0.043,0.031,0.000,0.000,0.000,0.014,0.000,0.034,0.000,0.000,0.000,0.000,0.000,0.000,0.000,0.000,0.000,0.049,0.047,0.047,0.000,0.000,0.000,0.000,0.000,0.000,0.000,0.000,0.000,0.000,0.000,0.000,0.000,0.000,0.000,0.000,0.000,0.000,0.000,0.000,0.000,0.000,0.000,0.000,0.000,0.000,0.000,0.000,0.000,0.000,0.000,0.000,0.000,0.021,0.023,0.021,0.000,0.000,0.000,0.033,0.005,0.000,0.000,0.000,0.000,0.000,0.000,0.000,0.000,0.000,0.000,0.000,0.000,0.000,0.000,0.000,0.000,0.000,0.000,0.000,0.000,0.000,0.000,0.000,0.000,0.000,0.000,0.000,0.000,0.000,0.000,0.000,0.000,0.000,0.000,0.000,0.000,0.008,0.000,0.000,0.000,0.000,0.000,0.000,0.000,0.000,0.000,0.032,0.028,0.032,0.000,0.000,0.000,0.063,0.061,0.058,0.000,0.000,0.000,0.061,0.056,0.058,0.000,0.000,0.000,0.066,0.068,0.065,0.000,0.000,0.000,0.091,0.090,0.092,0.000,0.000,0.000,0.049,0.052,0.049,0.000,0.000,0.000,0.000,0.000,0.000,0.000,0.000,0.000,0.000,0.000,0.000,0.000,0.000,0.000,0.000,0.000,0.000,0.000,0.000,0.000,0.000,0.000,0.000,0.000,0.000,0.000,0.000,0.000,0.000,0.000,0.000,0.000,0.000,0.000,0.000,0.000,0.000,0.000,0.000,0.000,0.000,0.000,0.000,0.000,0.000,0.000,0.000,0.000,0.000,0.000,0.000,0.000,0.000,0.000,0.000,0.000,0.000,0.000,0.000
2025-07-06 22:49:10,234.084,234.041,234.030,0.000,0.000,0.000,2.107,2.104,2.110,0.164,0.159,0.158,0.051,0.019,0.028,1.020,1.020,1.027,0.033,0.014,0.029,1.218,1.214,1.212,0.013,0.015,0.016,1.247,1.249,1.252,0.005,0.000,0.000,0.288,0.285,0.289,0.000,0.000,0.000,0.102,0.110,0.097,0.000,0.000,0.000,0.345,0.339,0.351,0.000,0.000,0.000,0.036,0.050,0.045,0.000,0.000,0.000,0.241,0.244,0.242,0.005,0.000,0.009,0.161,0.160,0.158,0.045,0.033,0.030,0.000,0.000,0.015,0.063,0.066,0.061,0.120,0.114,0.118,0.062,0.060,0.060,0.067,0.064,0.067,0.067,0.068,0.065,0.000,0.000,0.005,0.094,0.093,0.096,0.000,0.000,0.000,0.050,0.054,0.049,0.046,0.031,0.046,0.000,0.000,0.000,0.074,0.068,0.070,0.000,0.000,0.000,0.044,0.019,0.044,0.000,0.000,0.000,0.021,0.022,0.040,0.000,0.000,0.000,0.000,0.000,0.000,0.000,0.000,0.000,0.050,0.031,0.045,0.000,0.000,0.000,0.000,0.000,0.000,0.000,0.000,0.000,0.000,0.000,0.000,0.000,0.000,0.000,0.000,0.000,0.000,0.000,0.000,0.000,0.000,0.000,0.000,0.000,0.000,0.000,0.000,0.000,0.000,0.000,0.000,0.000,0.010,0.015,0.019,0.000,0.000,0.008,0.000,0.000,0.000,0.000,0.000,0.000,0.000,0.000,0.000,0.000,0.000,0.000,0.000,0.000,0.000,0.000,0.000,0.000,0.000,0.000,0.000,0.000,0.000,0.000,0.000,0.000,0.000,0.000,0.000,0.000,0.000,0.000,0.000,0.000,0.000,0.000,0.000,0.000,0.005,0.000,0.000,0.000,0.029,0.000,0.000,0.000,0.000,0.000,0.023,0.019,0.044,0.000,0.000,0.000,0.063,0.057,0.059,0.000,0.000,0.000,0.058,0.059,0.061,0.000,0.000,0.000,0.065,0.064,0.065,0.000,0.000,0.000,0.094,0.092,0.091,0.000,0.000,0.000,0.048,0.050,0.050,0.000,0.000,0.000,0.000,0.000,0.000,0.000,0.000,0.000,0.000,0.000,0.000,0.000,0.000,0.000,0.000,0.000,0.000,0.000,0.000,0.000,0.000,0.000,0.000,0.000,0.000,0.000,0.000,0.000,0.000,0.000,0.000,0.000,0.000,0.000,0.000,0.000,0.000,0.000,0.000,0.000,0.000,0.000,0.000,0.000,0.000,0.000,0.000,0.000,0.000,0.000,0.000,0.000,0.000,0.000,0.000,0.000,0.000,0.000,0.000
2025-07-06 22:49:13,234.218,234.173,234.162,0.000,0.000,0.000,2.099,2.094,2.096,0.160,0.152,0.161,0.034,0.041,0.054,1.015,1.012,1.014,0.023,0.000,0.014,1.214,1.213,1.210,0.013,0.000,0.028,1.245,1.244,1.244,0.000,0.000,0.008,0.286,0.282,0.283,0.000,0.000,0.000,0.099,0.103,0.101,0.000,0.000,0.000,0.341,0.338,0.342,0.000,0.000,0.000,0.060,0.055,0.056,0.000,0.000,0.000,0.238,0.235,0.235,0.000,0.000,0.014,0.161,0.163,0.162,0.049,0.022,0.028,0.029,0.017,0.014,0.064,0.060,0.064,0.110,0.109,0.110,0.062,0.059,0.060,0.067,0.059,0.061,0.067,0.065,0.067,0.000,0.000,0.000,0.097,0.094,0.095,0.000,0.000,0.008,0.051,0.052,0.049,0.045,0.047,0.031,0.000,0.000,0.000,0.071,0.073,0.072,0.000,0.000,0.000,0.045,0.039,0.043,0.000,0.000,0.000,0.027,0.005,0.014,0.000,0.000,0.000,0.000,0.000,0.000,0.000,0.000,0.000,0.045,0.047,0.047,0.000,0.000,0.000,0.000,0.000,0.000,0.000,0.000,0.000,0.000,0.000,0.000,0.000,0.000,0.000,0.000,0.000,0.000,0.000,0.000,0.000,0.000,0.000,0.000,0.000,0.000,0.000,0.000,0.000,0.000,0.000,0.000,0.000,0.040,0.022,0.022,0.000,0.000,0.005,0.000,0.000,0.000,0.000,0.000,0.000,0.000,0.000,0.000,0.000,0.000,0.000,0.000,0.000,0.000,0.000,0.000,0.000,0.000,0.000,0.000,0.000,0.000,0.000,0.000,0.000,0.000,0.000,0.000,0.000,0.000,0.000,0.000,0.000,0.000,0.000,0.000,0.000,0.000,0.000,0.000,0.000,0.000,0.000,0.000,0.000,0.000,0.000,0.015,0.021,0.029,0.000,0.000,0.000,0.060,0.062,0.058,0.000,0.000,0.000,0.058,0.060,0.058,0.000,0.000,0.000,0.062,0.066,0.064,0.000,0.000,0.000,0.092,0.093,0.094,0.000,0.000,0.000,0.048,0.051,0.051,0.000,0.000,0.000,0.000,0.000,0.000,0.000,0.000,0.000,0.000,0.000,0.000,0.000,0.000,0.000,0.000,0.000,0.000,0.000,0.000,0.000,0.000,0.000,0.000,0.000,0.000,0.000,0.000,0.000,0.000,0.000,0.000,0.000,0.000,0.000,0.000,0.000,0.000,0.000,0.000,0.000,0.000,0.000,0.000,0.000,0.000,0.000,0.000,0.000,0.000,0.000,0.000,0.000,0.000,0.000,0.000,0.000,0.000,0.000,0.000
2025-07-06 22:49:16,234.106,234.062,234.051,0.000,0.000,0.000,2.083,2.084,2.082,0.156,0.159,0.157,0.063,0.053,0.045,1.015,1.016,1.011,0.029,0.016,0.025,1.206,1.200,1.206,0.015,0.031,0.038,1.230,1.231,1.228,0.000,0.013,0.005,0.278,0.280,0.281,0.000,0.000,0.000,0.105,0.099,0.098,0.000,0.000,0.000,0.335,0.344,0.338,0.000,0.000,0.000,0.047,0.052,0.049,0.000,0.000,0.008,0.232,0.244,0.233,0.000,0.000,0.000,0.165,0.163,0.156,0.037,0.019,0.021,0.008,0.014,0.011,0.064,0.066,0.062,0.107,0.112,0.100,0.059,0.063,0.061,0.068,0.070,0.071,0.068,0.066,0.066,0.013,0.000,0.022,0.096,0.093,0.095,0.000,0.008,0.008,0.054,0.051,0.051,0.035,0.029,0.043,0.000,0.000,0.000,0.070,0.071,0.070,0.000,0.000,0.000,0.044,0.047,0.048,0.000,0.000,0.000,0.014,0.029,0.034,0.000,0.000,0.000,0.000,0.000,0.000,0.000,0.000,0.000,0.050,0.049,0.049,0.000,0.000,0.000,0.000,0.000,0.000,0.000,0.000,0.000,0.000,0.000,0.000,0.000,0.000,0.000,0.000,0.000,0.000,0.000,0.000,0.000,0.000,0.000,0.000,0.000,0.000,0.000,0.000,0.000,0.000,0.000,0.000,0.000,0.024,0.025,0.028,0.000,0.013,0.000,0.013,0.000,0.000,0.000,0.000,0.000,0.000,0.008,0.000,0.000,0.000,0.000,0.000,0.000,0.000,0.000,0.000,0.000,0.000,0.000,0.000,0.000,0.000,0.000,0.000,0.000,0.000,0.000,0.000,0.000,0.000,0.000,0.000,0.000,0.000,0.000,0.009,0.000,0.000,0.000,0.000,0.000,0.000,0.000,0.000,0.000,0.000,0.000,0.038,0.028,0.027,0.000,0.000,0.000,0.061,0.060,0.058,0.000,0.000,0.000,0.058,0.059,0.061,0.000,0.000,0.000,0.065,0.065,0.065,0.000,0.000,0.000,0.094,0.089,0.093,0.000,0.000,0.000,0.051,0.052,0.050,0.000,0.000,0.000,0.000,0.000,0.000,0.000,0.000,0.000,0.000,0.000,0.000,0.000,0.000,0.000,0.000,0.000,0.000,0.000,0.000,0.000,0.000,0.000,0.000,0.000,0.000,0.000,0.000,0.000,0.000,0.000,0.000,0.000,0.000,0.000,0.000,0.000,0.000,0.000,0.000,0.000,0.000,0.000,0.000,0.000,0.000,0.000,0.000,0.000,0.000,0.000,0.000,0.000,0.000,0.000,0.000,0.000,0.000,0.000,0.000
2025-07-06 22:49:19,234.094,234.051,234.038,0.000,0.000,0.000,2.095,2.084,2.075,0.163,0.159,0.157,0.062,0.053,0.050,1.023,1.007,1.007,0.020,0.014,0.016,1.218,1.207,1.199,0.023,0.028,0.025,1.232,1.233,1.224,0.027,0.000,0.014,0.278,0.276,0.277,0.000,0.000,0.000,0.102,0.101,0.101,0.000,0.000,0.000,0.335,0.346,0.348,0.000,0.000,0.000,0.045,0.050,0.058,0.000,0.000,0.005,0.227,0.235,0.235,0.005,0.005,0.028,0.171,0.175,0.173,0.048,0.039,0.005,0.055,0.031,0.046,0.063,0.070,0.067,0.104,0.095,0.098,0.060,0.061,0.062,0.066,0.068,0.067,0.065,0.066,0.067,0.027,0.030,0.029,0.093,0.093,0.097,0.015,0.046,0.042,0.050,0.051,0.049,0.037,0.052,0.050,0.000,0.000,0.000,0.066,0.064,0.067,0.000,0.000,0.000,0.057,0.048,0.057,0.000,0.000,0.000,0.013,0.011,0.022,0.000,0.000,0.000,0.021,0.005,0.021,0.000,0.000,0.000,0.055,0.053,0.054,0.000,0.000,0.000,0.000,0.000,0.000,0.000,0.000,0.000,0.000,0.000,0.000,0.000,0.000,0.000,0.000,0.000,0.000,0.000,0.000,0.000,0.000,0.000,0.000,0.000,0.000,0.000,0.000,0.000,0.000,0.000,0.000,0.000,0.029,0.021,0.020,0.000,0.000,0.000,0.000,0.000,0.000,0.000,0.000,0.000,0.000,0.005,0.000,0.000,0.000,0.000,0.000,0.000,0.000,0.000,0.000,0.000,0.000,0.000,0.000,0.000,0.000,0.000,0.000,0.000,0.000,0.000,0.000,0.000,0.000,0.000,0.000,0.000,0.000,0.000,0.006,0.000,0.000,0.000,0.000,0.000,0.000,0.000,0.005,0.000,0.000,0.000,0.047,0.043,0.019,0.000,0.000,0.000,0.061,0.066,0.063,0.000,0.000,0.000,0.059,0.059,0.060,0.000,0.000,0.000,0.064,0.065,0.067,0.000,0.000,0.000,0.090,0.093,0.092,0.000,0.000,0.000,0.051,0.051,0.048,0.000,0.000,0.000,0.000,0.000,0.000,0.000,0.000,0.000,0.000,0.000,0.000,0.000,0.000,0.000,0.000,0.000,0.000,0.000,0.000,0.000,0.000,0.000,0.000,0.000,0.000,0.000,0.000,0.000,0.000,0.000,0.000,0.000,0.000,0.000,0.000,0.000,0.000,0.000,0.000,0.000,0.000,0.000,0.000,0.000,0.000,0.000,0.000,0.000,0.000,0.000,0.000,0.000,0.000,0.000,0.000,0.000,0.000,0.000,0.000
2025-07-06 22:49:22,234.066,234.023,234.012,0.000,0.000,0.000,2.031,2.030,2.022,0.161,0.162,0.157,0.053,0.065,0.058,0.963,0.957,0.953,0.028,0.041,0.015,1.162,1.159,1.153,0.012,0.010,0.024,1.216,1.218,1.215,0.000,0.000,0.000,0.279,0.276,0.276,0.000,0.000,0.000,0.124,0.112,0.125,0.000,0.000,0.000,0.352,0.359,0.356,0.000,0.024,0.000,0.039,0.058,0.046,0.000,0.000,0.000,0.233,0.243,0.239,0.000,0.000,0.000,0.183,0.187,0.180,0.033,0.031,0.037,0.056,0.049,0.036,0.067,0.061,0.063,0.108,0.105,0.097,0.057,0.061,0.059,0.062,0.066,0.062,0.071,0.067,0.064,0.021,0.044,0.037,0.099,0.097,0.091,0.035,0.046,0.037,0.048,0.049,0.052,0.051,0.053,0.053,0.000,0.000,0.000,0.065,0.062,0.066,0.000,0.000,0.000,0.053,0.053,0.051,0.000,0.000,0.000,0.005,0.000,0.000,0.000,0.000,0.000,0.000,0.000,0.000,0.000,0.000,0.000,0.054,0.054,0.052,0.000,0.000,0.000,0.000,0.000,0.000,0.000,0.000,0.000,0.000,0.000,0.000,0.000,0.000,0.000,0.000,0.000,0.000,0.000,0.000,0.000,0.000,0.014,0.000,0.000,0.000,0.000,0.000,0.000,0.000,0.000,0.000,0.000,0.000,0.006,0.018,0.000,0.000,0.000,0.000,0.000,0.000,0.000,0.000,0.000,0.000,0.000,0.000,0.000,0.000,0.000,0.000,0.000,0.000,0.000,0.000,0.000,0.000,0.000,0.000,0.000,0.000,0.000,0.000,0.000,0.000,0.000,0.000,0.000,0.000,0.000,0.000,0.000,0.000,0.000,0.000,0.000,0.000,0.000,0.000,0.000,0.000,0.000,0.000,0.000,0.000,0.000,0.034,0.021,0.028,0.000,0.000,0.000,0.062,0.059,0.060,0.000,0.000,0.000,0.057,0.057,0.059,0.000,0.000,0.000,0.067,0.068,0.064,0.000,0.000,0.000,0.092,0.092,0.089,0.000,0.000,0.000,0.048,0.049,0.050,0.000,0.000,0.000,0.000,0.000,0.000,0.000,0.000,0.000,0.000,0.000,0.000,0.000,0.000,0.000,0.000,0.000,0.000,0.000,0.000,0.000,0.000,0.000,0.000,0.000,0.000,0.000,0.000,0.000,0.000,0.000,0.000,0.000,0.000,0.000,0.000,0.000,0.000,0.000,0.000,0.000,0.000,0.000,0.000,0.000,0.000,0.000,0.000,0.000,0.000,0.000,0.000,0.000,0.000,0.000,0.000,0.000,0.000,0.000,0.000
2025-07-06 22:49:25,234.091,234.047,234.036,0.000,0.000,0.000,2.026,2.027,2.022,0.155,0.153,0.154,0.029,0.051,0.032,0.951,0.949,0.947,0.014,0.028,0.014,1.151,1.148,1.149,0.023,0.021,0.000,1.223,1.228,1.226,0.000,0.000,0.000,0.279,0.274,0.274,0.000,0.000,0.000,0.111,0.110,0.109,0.000,0.000,0.000,0.367,0.369,0.365,0.000,0.000,0.000,0.042,0.032,0.048,0.000,0.000,0.000,0.235,0.238,0.239,0.008,0.000,0.000,0.185,0.176,0.180,0.033,0.014,0.044,0.052,0.048,0.051,0.061,0.064,0.057,0.106,0.102,0.107,0.062,0.060,0.061,0.065,0.062,0.065,0.067,0.066,0.063,0.044,0.029,0.042,0.092,0.096,0.094,0.037,0.044,0.029,0.052,0.048,0.049,0.053,0.052,0.052,0.000,0.000,0.000,0.067,0.066,0.063,0.000,0.000,0.000,0.052,0.053,0.052,0.000,0.000,0.000,0.008,0.000,0.000,0.000,0.000,0.000,0.000,0.000,0.000,0.000,0.000,0.000,0.048,0.051,0.050,0.000,0.000,0.000,0.000,0.000,0.000,0.000,0.000,0.000,0.000,0.000,0.000,0.000,0.000,0.000,0.000,0.000,0.000,0.000,0.000,0.000,0.000,0.000,0.000,0.000,0.000,0.000,0.000,0.000,0.000,0.000,0.000,0.000,0.039,0.009,0.014,0.000,0.000,0.000,0.000,0.000,0.000,0.000,0.000,0.000,0.000,0.000,0.000,0.000,0.000,0.000,0.000,0.000,0.000,0.000,0.000,0.000,0.000,0.000,0.000,0.000,0.000,0.000,0.000,0.000,0.000,0.000,0.000,0.000,0.000,0.000,0.000,0.000,0.000,0.000,0.000,0.000,0.000,0.000,0.000,0.000,0.008,0.000,0.000,0.000,0.000,0.000,0.030,0.008,0.026,0.000,0.000,0.000,0.060,0.057,0.055,0.000,0.000,0.000,0.060,0.059,0.057,0.000,0.000,0.000,0.066,0.064,0.063,0.000,0.000,0.000,0.091,0.093,0.091,0.000,0.000,0.000,0.051,0.049,0.050,0.000,0.000,0.000,0.000,0.000,0.000,0.000,0.000,0.000,0.000,0.000,0.000,0.000,0.000,0.000,0.000,0.000,0.000,0.000,0.000,0.000,0.000,0.000,0.000,0.000,0.000,0.000,0.000,0.000,0.000,0.000,0.000,0.000,0.000,0.000,0.000,0.000,0.000,0.000,0.000,0.000,0.000,0.000,0.000,0.000,0.000,0.000,0.000,0.000,0.000,0.000,0.000,0.000,0.000,0.000,0.000,0.000,0.000,0.000,0.000
2025-07-06 22:49:28,234.040,233.996,233.985,0.000,0.000,0.000,2.019,2.016,2.021,0.160,0.151,0.151,0.056,0.054,0.063,0.946,0.937,0.947,0.026,0.021,0.021,1.143,1.144,1.146,0.005,0.000,0.000,1.225,1.228,1.226,0.000,0.000,0.000,0.276,0.274,0.272,0.000,0.000,0.000,0.107,0.106,0.108,0.000,0.000,0.000,0.361,0.361,0.361,0.013,0.000,0.000,0.052,0.049,0.050,0.000,0.008,0.000,0.232,0.236,0.236,0.005,0.014,0.000,0.181,0.181,0.172,0.029,0.046,0.029,0.055,0.045,0.058,0.064,0.066,0.063,0.106,0.106,0.104,0.060,0.060,0.058,0.070,0.071,0.072,0.066,0.065,0.065,0.030,0.036,0.044,0.096,0.094,0.094,0.046,0.046,0.041,0.051,0.049,0.053,0.050,0.055,0.049,0.000,0.000,0.000,0.064,0.067,0.061,0.000,0.000,0.000,0.050,0.056,0.049,0.000,0.000,0.000,0.005,0.000,0.000,0.000,0.000,0.000,0.000,0.000,0.000,0.000,0.000,0.000,0.051,0.053,0.052,0.000,0.000,0.000,0.000,0.000,0.000,0.000,0.000,0.000,0.000,0.000,0.000,0.000,0.000,0.000,0.000,0.000,0.000,0.000,0.000,0.000,0.000,0.000,0.000,0.000,0.000,0.000,0.000,0.000,0.000,0.000,0.000,0.000,0.024,0.015,0.028,0.000,0.000,0.000,0.000,0.000,0.000,0.000,0.000,0.000,0.000,0.000,0.000,0.000,0.000,0.000,0.000,0.000,0.000,0.000,0.000,0.000,0.000,0.000,0.000,0.000,0.000,0.000,0.000,0.000,0.000,0.000,0.000,0.000,0.000,0.000,0.000,0.000,0.000,0.000,0.000,0.000,0.000,0.000,0.000,0.000,0.005,0.022,0.000,0.000,0.000,0.000,0.023,0.044,0.028,0.000,0.000,0.000,0.061,0.062,0.057,0.000,0.000,0.000,0.060,0.058,0.058,0.000,0.000,0.000,0.065,0.066,0.064,0.000,0.000,0.000,0.091,0.089,0.091,0.000,0.000,0.000,0.051,0.050,0.051,0.000,0.000,0.000,0.000,0.000,0.000,0.000,0.000,0.000,0.000,0.000,0.000,0.000,0.000,0.000,0.000,0.000,0.000,0.000,0.000,0.000,0.000,0.000,0.000,0.000,0.000,0.000,0.000,0.000,0.000,0.000,0.000,0.000,0.000,0.000,0.000,0.000,0.000,0.000,0.000,0.000,0.000,0.000,0.000,0.000,0.000,0.000,0.000,0.000,0.000,0.000,0.000,0.000,0.000,0.000,0.000,0.000,0.000,0.000,0.000
2025-07-06 22:49:31,234.025,233.982,233.971,0.000,0.000,0.000,2.021,2.023,2.020,0.158,0.160,0.155,0.039,0.051,0.040,0.951,0.953,0.955,0.019,0.030,0.023,1.140,1.136,1.135,0.000,0.000,0.000,1.229,1.232,1.229,0.000,0.000,0.000,0.274,0.274,0.276,0.000,0.000,0.000,0.111,0.110,0.110,0.000,0.000,0.000,0.357,0.359,0.361,0.000,0.000,0.000,0.051,0.050,0.040,0.000,0.005,0.000,0.235,0.238,0.237,0.000,0.013,0.000,0.173,0.170,0.169,0.016,0.032,0.020,0.061,0.056,0.060,0.063,0.065,0.065,0.110,0.110,0.109,0.060,0.064,0.062,0.071,0.064,0.069,0.066,0.069,0.067,0.045,0.039,0.042,0.093,0.093,0.094,0.029,0.029,0.043,0.051,0.052,0.050,0.051,0.053,0.051,0.000,0.000,0.000,0.064,0.064,0.062,0.000,0.000,0.000,0.054,0.049,0.050,0.000,0.000,0.000,0.008,0.000,0.000,0.000,0.000,0.000,0.000,0.000,0.000,0.000,0.000,0.000,0.051,0.050,0.053,0.000,0.000,0.000,0.000,0.000,0.000,0.000,0.000,0.000,0.000,0.000,0.000,0.000,0.000,0.000,0.000,0.000,0.000,0.000,0.000,0.000,0.000,0.000,0.000,0.000,0.000,0.000,0.000,0.000,0.000,0.000,0.000,0.000,0.027,0.032,0.043,0.014,0.000,0.000,0.000,0.000,0.000,0.000,0.000,0.000,0.000,0.000,0.000,0.000,0.000,0.000,0.000,0.000,0.000,0.000,0.000,0.000,0.000,0.000,0.000,0.000,0.000,0.000,0.000,0.000,0.000,0.000,0.000,0.000,0.000,0.000,0.000,0.000,0.000,0.000,0.000,0.000,0.000,0.000,0.000,0.000,0.000,0.005,0.000,0.000,0.000,0.000,0.027,0.031,0.014,0.000,0.000,0.000,0.059,0.061,0.061,0.000,0.000,0.000,0.058,0.061,0.060,0.000,0.000,0.000,0.064,0.068,0.065,0.000,0.000,0.000,0.089,0.091,0.090,0.000,0.000,0.000,0.050,0.050,0.050,0.000,0.000,0.000,0.000,0.000,0.000,0.000,0.000,0.000,0.000,0.000,0.000,0.000,0.000,0.000,0.000,0.000,0.000,0.000,0.000,0.000,0.000,0.000,0.000,0.000,0.000,0.000,0.000,0.000,0.000,0.000,0.000,0.000,0.000,0.000,0.000,0.000,0.000,0.000,0.000,0.000,0.000,0.000,0.000,0.000,0.000,0.000,0.000,0.000,0.000,0.000,0.000,0.000,0.000,0.000,0.000,0.000,0.000,0.000,0.000
2025-07-06 22:49:34,234.060,234.017,234.005,0.000,0.000,0.000,2.007,2.017,2.012,0.158,0.162,0.158,0.059,0.069,0.064,0.936,0.943,0.945,0.015,0.022,0.014,1.135,1.133,1.132,0.017,0.014,0.009,1.221,1.228,1.223,0.008,0.015,0.013,0.277,0.275,0.277,0.000,0.000,0.000,0.113,0.113,0.113,0.000,0.000,0.000,0.368,0.375,0.371,0.000,0.000,0.000,0.020,0.044,0.038,0.008,0.000,0.014,0.228,0.237,0.230,0.000,0.015,0.000,0.176,0.181,0.179,0.036,0.020,0.042,0.058,0.051,0.052,0.063,0.063,0.060,0.100,0.107,0.106,0.060,0.060,0.061,0.065,0.065,0.068,0.064,0.066,0.062,0.047,0.006,0.046,0.095,0.096,0.092,0.035,0.049,0.044,0.050,0.048,0.052,0.051,0.052,0.053,0.000,0.000,0.000,0.064,0.061,0.063,0.000,0.000,0.000,0.050,0.050,0.054,0.000,0.000,0.000,0.005,0.000,0.000,0.000,0.000,0.000,0.013,0.000,0.000,0.000,0.000,0.000,0.052,0.049,0.051,0.000,0.000,0.000,0.000,0.000,0.000,0.000,0.000,0.000,0.000,0.000,0.000,0.000,0.000,0.000,0.000,0.000,0.000,0.000,0.000,0.000,0.000,0.000,0.000,0.000,0.000,0.000,0.000,0.000,0.000,0.000,0.000,0.000,0.019,0.005,0.024,0.000,0.000,0.000,0.000,0.000,0.000,0.000,0.000,0.000,0.000,0.000,0.000,0.000,0.000,0.000,0.000,0.000,0.000,0.000,0.000,0.000,0.000,0.000,0.000,0.000,0.000,0.000,0.000,0.000,0.000,0.000,0.000,0.000,0.000,0.000,0.000,0.000,0.000,0.000,0.000,0.000,0.000,0.000,0.000,0.000,0.000,0.000,0.000,0.000,0.000,0.000,0.020,0.020,0.043,0.000,0.000,0.000,0.061,0.059,0.059,0.000,0.000,0.000,0.059,0.058,0.060,0.000,0.000,0.000,0.062,0.064,0.062,0.000,0.000,0.000,0.093,0.090,0.089,0.000,0.000,0.000,0.049,0.048,0.051,0.000,0.000,0.000,0.000,0.000,0.000,0.000,0.000,0.000,0.000,0.000,0.000,0.000,0.000,0.000,0.000,0.000,0.000,0.000,0.000,0.000,0.000,0.000,0.000,0.000,0.000,0.000,0.000,0.000,0.000,0.000,0.000,0.000,0.000,0.000,0.000,0.000,0.000,0.000,0.000,0.000,0.000,0.000,0.000,0.000,0.000,0.000,0.000,0.000,0.000,0.000,0.000,0.000,0.000,0.000,0.000,0.000,0.000,0.000,0.000
2025-07-06 22:49:37,234.131,234.087,234.076,0.000,0.000,0.000,2.032,2.028,2.027,0.158,0.151,0.155,0.036,0.048,0.053,0.958,0.955,0.961,0.020,0.009,0.029,1.146,1.144,1.137,0.000,0.014,0.023,1.235,1.233,1.231,0.000,0.000,0.000,0.273,0.277,0.274,0.000,0.000,0.000,0.116,0.110,0.113,0.000,0.000,0.000,0.373,0.374,0.374,0.013,0.000,0.000,0.030,0.031,0.036,0.000,0.000,0.000,0.226,0.228,0.221,0.013,0.000,0.008,0.170,0.174,0.179,0.035,0.038,0.031,0.058,0.063,0.060,0.059,0.061,0.062,0.109,0.107,0.113,0.064,0.059,0.064,0.061,0.058,0.061,0.066,0.063,0.063,0.029,0.014,0.032,0.096,0.093,0.098,0.035,0.014,0.026,0.050,0.050,0.049,0.044,0.048,0.044,0.000,0.000,0.000,0.066,0.064,0.064,0.000,0.000,0.000,0.056,0.055,0.054,0.000,0.000,0.000,0.013,0.000,0.000,0.000,0.000,0.000,0.000,0.000,0.000,0.000,0.000,0.000,0.046,0.047,0.046,0.000,0.000,0.000,0.000,0.000,0.000,0.000,0.000,0.000,0.000,0.000,0.000,0.000,0.000,0.000,0.000,0.000,0.000,0.000,0.000,0.000,0.000,0.000,0.000,0.000,0.000,0.000,0.000,0.000,0.000,0.000,0.000,0.000,0.024,0.014,0.022,0.000,0.000,0.000,0.000,0.000,0.000,0.000,0.000,0.000,0.000,0.000,0.000,0.000,0.000,0.000,0.000,0.000,0.000,0.000,0.000,0.000,0.000,0.000,0.000,0.000,0.000,0.000,0.000,0.000,0.000,0.000,0.000,0.000,0.000,0.000,0.000,0.000,0.000,0.000,0.000,0.000,0.000,0.000,0.000,0.000,0.000,0.000,0.000,0.000,0.000,0.000,0.036,0.022,0.016,0.000,0.000,0.000,0.056,0.056,0.058,0.000,0.000,0.000,0.059,0.058,0.060,0.000,0.000,0.000,0.064,0.062,0.063,0.000,0.000,0.000,0.095,0.091,0.094,0.000,0.000,0.000,0.050,0.049,0.048,0.000,0.000,0.000,0.000,0.000,0.000,0.000,0.000,0.000,0.000,0.000,0.000,0.000,0.000,0.000,0.000,0.000,0.000,0.000,0.000,0.000,0.000,0.000,0.000,0.000,0.000,0.000,0.000,0.000,0.000,0.000,0.000,0.000,0.000,0.000,0.000,0.000,0.000,0.000,0.000,0.000,0.000,0.000,0.000,0.000,0.000,0.000,0.000,0.000,0.000,0.000,0.000,0.000,0.000,0.000,0.000,0.000,0.000,0.000,0.000
2025-07-06 22:49:40,234.128,234.085,234.074,0.000,0.000,0.000,2.022,2.018,2.019,0.157,0.149,0.149,0.033,0.053,0.022,0.946,0.942,0.948,0.009,0.006,0.005,1.146,1.140,1.146,0.015,0.014,0.005,1.231,1.231,1.226,0.000,0.000,0.000,0.269,0.269,0.265,0.000,0.000,0.000,0.110,0.111,0.115,0.000,0.000,0.000,0.362,0.362,0.362,0.000,0.000,0.000,0.048,0.051,0.043,0.000,0.000,0.000,0.232,0.228,0.231,0.025,0.009,0.005,0.175,0.179,0.177,0.023,0.019,0.043,0.060,0.058,0.055,0.065,0.063,0.062,0.101,0.107,0.104,0.060,0.059,0.058,0.063,0.067,0.064,0.066,0.066,0.062,0.029,0.036,0.026,0.095,0.095,0.095,0.031,0.046,0.014,0.051,0.051,0.048,0.051,0.050,0.049,0.000,0.000,0.000,0.064,0.060,0.066,0.000,0.000,0.000,0.051,0.052,0.054,0.000,0.000,0.000,0.000,0.000,0.008,0.000,0.000,0.000,0.000,0.000,0.000,0.000,0.000,0.000,0.047,0.049,0.049,0.000,0.000,0.000,0.000,0.000,0.000,0.000,0.000,0.000,0.000,0.000,0.000,0.000,0.000,0.000,0.000,0.000,0.000,0.000,0.000,0.000,0.000,0.000,0.000,0.000,0.000,0.000,0.000,0.000,0.000,0.000,0.000,0.000,0.027,0.000,0.006,0.000,0.000,0.000,0.000,0.000,0.000,0.000,0.000,0.000,0.000,0.000,0.000,0.000,0.000,0.000,0.000,0.000,0.000,0.000,0.000,0.000,0.000,0.000,0.000,0.000,0.000,0.000,0.000,0.000,0.000,0.000,0.000,0.000,0.000,0.000,0.000,0.000,0.000,0.000,0.000,0.000,0.000,0.000,0.000,0.000,0.008,0.000,0.000,0.000,0.000,0.000,0.029,0.005,0.014,0.000,0.000,0.000,0.062,0.060,0.061,0.000,0.000,0.000,0.058,0.055,0.056,0.000,0.000,0.000,0.064,0.067,0.061,0.000,0.000,0.000,0.090,0.090,0.092,0.000,0.000,0.000,0.050,0.050,0.047,0.000,0.000,0.000,0.000,0.000,0.000,0.000,0.000,0.000,0.000,0.000,0.000,0.000,0.000,0.000,0.000,0.000,0.000,0.000,0.000,0.000,0.000,0.000,0.000,0.000,0.000,0.000,0.000,0.000,0.000,0.000,0.000,0.000,0.000,0.000,0.000,0.000,0.000,0.000,0.000,0.000,0.000,0.000,0.000,0.000,0.000,0.000,0.000,0.000,0.000,0.000,0.000,0.000,0.000,0.000,0.000,0.000,0.000,0.000,0.000
2025-07-06 22:49:43,234.113,234.069,234.058,0.000,0.000,0.000,2.016,2.014,2.011,0.153,0.210,0.154,0.049,0.039,0.027,0.926,0.921,0.919,0.028,0.027,0.020,1.139,1.133,1.136,0.000,0.013,0.000,1.243,1.252,1.244,0.000,0.016,0.000,0.269,0.268,0.267,0.000,0.000,0.000,0.110,0.107,0.110,0.000,0.000,0.000,0.354,0.348,0.352,0.000,0.000,0.000,0.054,0.055,0.056,0.000,0.013,0.000,0.236,0.226,0.236,0.021,0.019,0.000,0.180,0.185,0.182,0.037,0.024,0.034,0.052,0.055,0.056,0.063,0.067,0.062,0.103,0.106,0.108,0.061,0.059,0.062,0.064,0.061,0.068,0.063,0.067,0.064,0.045,0.030,0.037,0.094,0.095,0.097,0.047,0.047,0.052,0.049,0.050,0.050,0.056,0.058,0.057,0.000,0.000,0.000,0.065,0.062,0.061,0.000,0.000,0.000,0.046,0.043,0.048,0.000,0.000,0.000,0.000,0.000,0.005,0.000,0.000,0.000,0.000,0.000,0.000,0.000,0.000,0.000,0.050,0.048,0.050,0.000,0.000,0.000,0.000,0.000,0.000,0.000,0.000,0.000,0.000,0.000,0.000,0.000,0.000,0.000,0.000,0.000,0.000,0.000,0.000,0.000,0.000,0.000,0.000,0.000,0.000,0.000,0.000,0.000,0.000,0.000,0.000,0.000,0.013,0.094,0.014,0.000,0.014,0.000,0.000,0.000,0.000,0.000,0.000,0.000,0.000,0.000,0.000,0.000,0.000,0.000,0.000,0.000,0.000,0.000,0.000,0.000,0.000,0.000,0.000,0.000,0.000,0.000,0.000,0.000,0.000,0.000,0.000,0.000,0.000,0.000,0.000,0.000,0.000,0.000,0.000,0.000,0.000,0.000,0.000,0.000,0.005,0.000,0.000,0.000,0.000,0.000,0.021,0.028,0.033,0.000,0.000,0.000,0.057,0.062,0.059,0.000,0.000,0.000,0.059,0.059,0.058,0.000,0.000,0.000,0.062,0.065,0.063,0.000,0.000,0.000,0.092,0.091,0.093,0.000,0.000,0.000,0.048,0.049,0.049,0.000,0.000,0.000,0.000,0.000,0.000,0.000,0.000,0.000,0.000,0.000,0.000,0.000,0.000,0.000,0.000,0.000,0.000,0.000,0.000,0.000,0.000,0.000,0.000,0.000,0.000,0.000,0.000,0.000,0.000,0.000,0.000,0.000,0.000,0.000,0.000,0.000,0.000,0.000,0.000,0.000,0.000,0.000,0.000,0.000,0.000,0.000,0.000,0.000,0.000,0.000,0.000,0.000,0.000,0.000,0.000,0.000,0.000,0.000,0.000
2025-07-06 22:49:46,234.242,234.199,234.187,0.000,0.000,0.000,2.014,2.012,3.323,0.155,0.152,2.152,0.064,0.064,0.508,0.924,0.927,1.090,0.005,0.022,0.176,1.142,1.140,1.188,0.000,0.000,0.171,1.241,1.239,1.344,0.000,0.000,0.219,0.267,0.268,0.478,0.000,0.000,0.310,0.108,0.112,0.447,0.000,0.000,0.414,0.353,0.357,0.743,0.000,0.000,0.494,0.050,0.054,0.549,0.013,0.000,0.452,0.228,0.216,0.527,0.000,0.000,0.228,0.175,0.180,0.276,0.023,0.019,0.228,0.061,0.065,0.347,0.066,0.054,0.381,0.105,0.107,0.376,0.062,0.059,0.282,0.064,0.066,0.235,0.066,0.064,0.235,0.044,0.035,0.231,0.095,0.096,0.283,0.036,0.005,0.181,0.051,0.049,0.171,0.051,0.045,0.113,0.000,0.000,0.030,0.062,0.064,0.071,0.000,0.000,0.021,0.047,0.052,0.063,0.000,0.000,0.015,0.000,0.000,0.031,0.000,0.000,0.053,0.000,0.000,0.065,0.000,0.000,0.065,0.047,0.045,0.101,0.000,0.000,0.077,0.000,0.000,0.090,0.000,0.000,0.083,0.000,0.000,0.053,0.000,0.000,0.029,0.000,0.000,0.079,0.000,0.000,0.134,0.000,0.000,0.166,0.000,0.000,0.157,0.000,0.000,0.109,0.000,0.000,0.441,0.027,0.024,1.181,0.000,0.000,0.378,0.000,0.000,0.226,0.000,0.000,0.129,0.000,0.000,0.193,0.000,0.000,0.178,0.000,0.000,0.251,0.000,0.000,0.224,0.000,0.000,0.288,0.000,0.000,0.329,0.000,0.000,0.380,0.000,0.000,0.446,0.000,0.000,0.451,0.014,0.000,0.498,0.000,0.000,0.472,0.000,0.000,0.398,0.000,0.000,0.285,0.000,0.000,0.147,0.021,0.014,0.173,0.000,0.000,0.255,0.059,0.055,0.364,0.000,0.000,0.310,0.058,0.055,0.304,0.000,0.000,0.200,0.063,0.065,0.225,0.000,0.000,0.190,0.090,0.093,0.282,0.000,0.000,0.187,0.050,0.048,0.192,0.000,0.000,0.098,0.000,0.000,0.050,0.000,0.000,0.017,0.000,0.000,0.017,0.000,0.000,0.021,0.000,0.000,0.014,0.000,0.000,0.019,0.000,0.000,0.041,0.000,0.000,0.060,0.000,0.000,0.066,0.000,0.000,0.063,0.000,0.000,0.065,0.000,0.000,0.085,0.000,0.000,0.087,0.000,0.000,0.069,0.000,0.000,0.035,0.000,0.000,0.046,0.000,0.000,0.105,0.000,0.000,0.153,0.000,0.000,0.164
2025-07-06 22:49:49,234.283,234.240,234.229,0.000,0.000,0.000,3.582,2.787,5.175,8.490,5.050,11.371,2.164,1.379,3.084,1.389,1.143,1.809,0.504,0.417,0.995,1.278,1.243,1.465,0.305,0.322,0.611,1.309,1.249,1.364,0.227,0.219,0.585,0.356,0.335,0.650,0.181,0.161,0.550,0.208,0.196,0.581,0.169,0.145,0.559,0.379,0.407,0.729,0.108,0.127,0.563,0.131,0.129,0.555,0.116,0.112,0.512,0.245,0.257,0.538,0.100,0.100,0.322,0.199,0.197,0.337,0.093,0.087,0.329,0.116,0.103,0.383,0.111,0.107,0.385,0.135,0.128,0.376,0.089,0.096,0.314,0.102,0.096,0.287,0.106,0.099,0.273,0.078,0.080,0.273,0.107,0.107,0.298,0.080,0.064,0.254,0.087,0.077,0.222,0.084,0.079,0.178,0.072,0.059,0.139,0.095,0.090,0.146,0.055,0.065,0.134,0.077,0.085,0.141,0.051,0.060,0.123,0.045,0.060,0.136,0.044,0.058,0.143,0.051,0.059,0.156,0.052,0.056,0.150,0.065,0.067,0.160,0.047,0.054,0.156,0.046,0.041,0.170,0.045,0.038,0.161,0.046,0.056,0.135,0.044,0.053,0.126,0.046,0.048,0.154,0.045,0.051,0.193,0.046,0.056,0.213,0.063,0.061,0.216,0.047,0.054,0.176,1.733,0.741,1.732,8.035,4.740,10.233,1.310,0.855,1.998,0.578,0.489,1.148,0.672,0.403,1.038,0.381,0.414,0.802,0.642,0.565,0.810,0.357,0.320,0.954,0.222,0.247,0.552,0.189,0.179,0.613,0.159,0.150,0.557,0.176,0.157,0.552,0.230,0.264,0.665,0.127,0.148,0.597,0.117,0.126,0.552,0.113,0.111,0.532,0.158,0.207,0.512,0.124,0.104,0.431,0.134,0.168,0.294,0.113,0.085,0.331,0.072,0.087,0.353,0.116,0.107,0.385,0.078,0.114,0.377,0.104,0.093,0.341,0.080,0.079,0.295,0.109,0.100,0.270,0.063,0.075,0.266,0.121,0.115,0.293,0.057,0.062,0.261,0.090,0.074,0.240,0.062,0.072,0.186,0.068,0.061,0.155,0.078,0.070,0.131,0.058,0.066,0.139,0.049,0.073,0.128,0.052,0.058,0.129,0.049,0.056,0.119,0.044,0.059,0.140,0.044,0.060,0.146,0.050,0.053,0.152,0.047,0.062,0.148,0.045,0.053,0.157,0.046,0.056,0.163,0.045,0.037,0.163,0.044,0.052,0.149,0.043,0.051,0.126,0.042,0.052,0.132,0.046,0.035,0.171,0.045,0.052,0.203,0.047,0.052,0.204
2025-07-06 22:49:52,234.272,234.229,234.217,0.000,0.000,0.000,3.131,3.496,3.512,6.431,6.617,6.403,1.744,1.898,1.971,1.318,1.446,1.431,0.530,0.659,0.767,1.226,1.330,1.363,0.427,0.524,0.439,1.258,1.304,1.268,0.297,0.276,0.369,0.380,0.420,0.459,0.221,0.248,0.258,0.234,0.267,0.267,0.195,0.214,0.220,0.389,0.423,0.434,0.170,0.168,0.228,0.163,0.180,0.212,0.142,0.145,0.180,0.265,0.292,0.299,0.126,0.150,0.168,0.228,0.240,0.259,0.125,0.148,0.168,0.125,0.147,0.158,0.135,0.148,0.156,0.142,0.151,0.158,0.115,0.139,0.137,0.125,0.144,0.139,0.114,0.128,0.139,0.104,0.122,0.122,0.136,0.140,0.160,0.104,0.107,0.129,0.097,0.114,0.129,0.107,0.120,0.129,0.082,0.087,0.106,0.101,0.113,0.119,0.080,0.081,0.107,0.099,0.098,0.111,0.076,0.079,0.090,0.074,0.083,0.098,0.072,0.078,0.087,0.074,0.083,0.099,0.076,0.077,0.093,0.085,0.103,0.110,0.071,0.076,0.097,0.073,0.076,0.088,0.071,0.077,0.084,0.070,0.073,0.083,0.069,0.071,0.082,0.066,0.069,0.080,0.062,0.064,0.082,0.074,0.075,0.096,0.076,0.078,0.088,0.072,0.072,0.088,0.855,0.709,0.615,6.065,6.236,5.964,1.116,1.216,1.245,0.584,0.786,0.895,0.441,0.548,0.752,0.621,0.683,0.495,0.516,0.619,0.483,0.564,0.434,0.560,0.282,0.284,0.359,0.275,0.284,0.257,0.202,0.231,0.235,0.208,0.231,0.237,0.220,0.266,0.238,0.272,0.232,0.318,0.166,0.158,0.215,0.134,0.151,0.191,0.199,0.177,0.191,0.171,0.205,0.247,0.164,0.158,0.164,0.157,0.165,0.232,0.103,0.140,0.160,0.138,0.143,0.158,0.107,0.125,0.139,0.131,0.125,0.152,0.098,0.114,0.120,0.123,0.137,0.138,0.089,0.094,0.120,0.132,0.144,0.139,0.080,0.089,0.125,0.100,0.112,0.143,0.091,0.097,0.109,0.099,0.090,0.121,0.080,0.089,0.108,0.084,0.079,0.110,0.084,0.079,0.101,0.078,0.078,0.095,0.072,0.079,0.099,0.075,0.077,0.084,0.067,0.082,0.093,0.074,0.065,0.087,0.073,0.086,0.096,0.068,0.075,0.098,0.071,0.079,0.097,0.071,0.072,0.083,0.070,0.076,0.084,0.069,0.068,0.081,0.065,0.071,0.080,0.063,0.062,0.079,0.065,0.069,0.093,0.073,0.073,0.080
2025-07-06 22:49:55,234.303,234.259,234.248,0.000,0.000,0.000,2.102,2.108,2.073,1.105,1.170,0.897,0.330,0.350,0.256,0.968,0.975,0.958,0.113,0.133,0.094,1.140,1.139,1.147,0.093,0.104,0.082,1.259,1.251,1.241,0.040,0.043,0.012,0.277,0.285,0.281,0.037,0.042,0.028,0.115,0.115,0.111,0.039,0.052,0.027,0.358,0.354,0.355,0.027,0.010,0.013,0.065,0.058,0.057,0.024,0.024,0.011,0.219,0.222,0.219,0.025,0.028,0.016,0.180,0.181,0.178,0.057,0.055,0.051,0.067,0.073,0.058,0.066,0.066,0.064,0.104,0.110,0.089,0.064,0.065,0.064,0.070,0.072,0.069,0.067,0.067,0.067,0.046,0.050,0.047,0.094,0.096,0.098,0.044,0.051,0.047,0.058,0.057,0.054,0.053,0.055,0.051,0.015,0.008,0.006,0.068,0.064,0.065,0.015,0.006,0.006,0.049,0.051,0.052,0.000,0.006,0.000,0.022,0.022,0.006,0.000,0.005,0.000,0.014,0.022,0.006,0.000,0.006,0.005,0.054,0.053,0.048,0.014,0.006,0.005,0.015,0.007,0.000,0.000,0.006,0.000,0.000,0.006,0.000,0.000,0.006,0.000,0.000,0.005,0.000,0.000,0.000,0.000,0.008,0.007,0.006,0.000,0.006,0.000,0.014,0.005,0.005,0.103,0.112,0.089,1.008,1.078,0.811,0.210,0.224,0.162,0.128,0.156,0.108,0.106,0.118,0.081,0.106,0.116,0.090,0.118,0.139,0.109,0.061,0.076,0.036,0.030,0.016,0.014,0.050,0.051,0.032,0.043,0.039,0.026,0.034,0.046,0.027,0.060,0.069,0.037,0.042,0.037,0.027,0.024,0.010,0.012,0.025,0.024,0.011,0.038,0.041,0.018,0.050,0.041,0.041,0.022,0.032,0.028,0.071,0.065,0.058,0.019,0.013,0.010,0.064,0.061,0.059,0.016,0.029,0.006,0.074,0.064,0.062,0.016,0.008,0.011,0.072,0.068,0.068,0.000,0.008,0.009,0.096,0.095,0.092,0.000,0.009,0.006,0.059,0.056,0.055,0.000,0.012,0.006,0.027,0.006,0.008,0.000,0.011,0.009,0.021,0.006,0.006,0.000,0.008,0.008,0.000,0.006,0.000,0.000,0.008,0.006,0.017,0.005,0.000,0.000,0.008,0.005,0.016,0.000,0.000,0.000,0.010,0.007,0.024,0.006,0.000,0.013,0.008,0.005,0.000,0.005,0.000,0.000,0.006,0.000,0.000,0.005,0.000,0.000,0.006,0.000,0.000,0.000,0.000,0.000,0.006,0.006,0.000,0.006,0.000
2025-07-06 22:49:58,234.280,234.237,234.225,0.000,0.000,0.000,2.026,2.025,2.027,0.249,0.219,0.207,0.071,0.061,0.058,0.945,0.949,0.945,0.026,0.045,0.037,1.144,1.141,1.144,0.019,0.033,0.027,1.243,1.241,1.244,0.021,0.005,0.000,0.282,0.280,0.281,0.000,0.000,0.000,0.106,0.100,0.107,0.000,0.000,0.000,0.350,0.351,0.347,0.000,0.008,0.000,0.046,0.035,0.052,0.000,0.000,0.000,0.212,0.220,0.219,0.015,0.000,0.005,0.170,0.174,0.175,0.006,0.006,0.049,0.050,0.048,0.055,0.065,0.058,0.063,0.085,0.090,0.090,0.058,0.058,0.063,0.067,0.066,0.068,0.066,0.066,0.065,0.044,0.044,0.044,0.096,0.096,0.097,0.044,0.045,0.036,0.051,0.053,0.052,0.049,0.049,0.050,0.000,0.000,0.000,0.062,0.063,0.064,0.000,0.000,0.000,0.050,0.047,0.047,0.000,0.000,0.000,0.005,0.000,0.000,0.000,0.000,0.000,0.000,0.000,0.000,0.000,0.000,0.000,0.048,0.050,0.049,0.000,0.000,0.000,0.000,0.000,0.000,0.000,0.000,0.000,0.000,0.000,0.000,0.000,0.000,0.000,0.000,0.000,0.000,0.000,0.000,0.000,0.005,0.000,0.000,0.000,0.000,0.000,0.000,0.000,0.000,0.009,0.006,0.000,0.168,0.131,0.116,0.015,0.027,0.014,0.009,0.009,0.000,0.008,0.007,0.000,0.009,0.006,0.000,0.010,0.008,0.000,0.000,0.000,0.000,0.000,0.000,0.000,0.000,0.000,0.000,0.005,0.000,0.000,0.000,0.000,0.000,0.006,0.000,0.000,0.000,0.000,0.000,0.000,0.000,0.000,0.000,0.000,0.013,0.000,0.000,0.000,0.006,0.000,0.000,0.000,0.000,0.000,0.041,0.006,0.048,0.000,0.000,0.000,0.059,0.054,0.060,0.000,0.000,0.000,0.057,0.056,0.060,0.000,0.000,0.000,0.064,0.065,0.064,0.000,0.000,0.000,0.094,0.091,0.093,0.000,0.000,0.000,0.051,0.055,0.052,0.000,0.000,0.000,0.000,0.000,0.000,0.000,0.000,0.000,0.000,0.000,0.000,0.000,0.000,0.000,0.000,0.000,0.000,0.000,0.000,0.000,0.000,0.000,0.000,0.000,0.000,0.000,0.000,0.000,0.000,0.000,0.000,0.000,0.000,0.000,0.000,0.000,0.000,0.000,0.000,0.000,0.000,0.000,0.000,0.000,0.000,0.000,0.000,0.000,0.000,0.000,0.000,0.000,0.000,0.000,0.000,0.000,0.000,0.000,0.000
2025-07-06 22:50:01,234.213,234.169,234.158,0.000,0.000,0.000,2.028,2.025,2.026,0.162,0.153,0.159,0.068,0.059,0.062,0.952,0.951,0.954,0.015,0.030,0.005,1.143,1.135,1.138,0.016,0.012,0.029,1.243,1.246,1.243,0.021,0.000,0.005,0.281,0.283,0.279,0.000,0.000,0.000,0.120,0.115,0.120,0.000,0.000,0.000,0.346,0.346,0.343,0.000,0.005,0.000,0.024,0.048,0.038,0.024,0.000,0.000,0.216,0.222,0.222,0.000,0.000,0.000,0.173,0.165,0.170,0.032,0.015,0.042,0.060,0.058,0.056,0.063,0.060,0.063,0.102,0.097,0.100,0.061,0.059,0.062,0.065,0.069,0.066,0.068,0.066,0.068,0.019,0.020,0.041,0.096,0.091,0.096,0.021,0.044,0.014,0.051,0.053,0.052,0.044,0.047,0.046,0.000,0.000,0.000,0.065,0.066,0.070,0.000,0.000,0.000,0.050,0.050,0.052,0.000,0.000,0.000,0.000,0.005,0.000,0.000,0.000,0.000,0.000,0.000,0.000,0.000,0.000,0.000,0.048,0.049,0.047,0.000,0.000,0.000,0.000,0.000,0.000,0.000,0.000,0.000,0.000,0.000,0.000,0.000,0.000,0.000,0.000,0.000,0.000,0.000,0.000,0.000,0.000,0.000,0.000,0.000,0.000,0.000,0.000,0.000,0.000,0.000,0.000,0.000,0.035,0.039,0.022,0.000,0.000,0.000,0.000,0.000,0.000,0.000,0.000,0.000,0.000,0.000,0.000,0.000,0.000,0.000,0.000,0.000,0.000,0.000,0.000,0.000,0.000,0.000,0.000,0.000,0.000,0.000,0.000,0.000,0.000,0.000,0.000,0.000,0.000,0.000,0.000,0.000,0.000,0.000,0.000,0.000,0.000,0.000,0.000,0.000,0.021,0.000,0.000,0.000,0.000,0.000,0.015,0.013,0.033,0.000,0.000,0.000,0.061,0.055,0.060,0.000,0.000,0.000,0.058,0.055,0.058,0.000,0.000,0.000,0.067,0.065,0.067,0.000,0.000,0.000,0.093,0.088,0.092,0.000,0.000,0.000,0.053,0.054,0.053,0.000,0.000,0.000,0.000,0.000,0.000,0.000,0.000,0.000,0.000,0.000,0.000,0.000,0.000,0.000,0.000,0.000,0.000,0.000,0.000,0.000,0.000,0.000,0.000,0.000,0.000,0.000,0.000,0.000,0.000,0.000,0.000,0.000,0.000,0.000,0.000,0.000,0.000,0.000,0.000,0.000,0.000,0.000,0.000,0.000,0.000,0.000,0.000,0.000,0.000,0.000,0.000,0.000,0.000,0.000,0.000,0.000,0.000,0.000,0.000
2025-07-06 22:50:04,234.266,234.222,234.211,0.000,0.000,0.000,2.026,2.024,2.024,0.153,0.158,0.153,0.024,0.050,0.052,0.953,0.948,0.950,0.019,0.022,0.029,1.132,1.132,1.132,0.007,0.024,0.019,1.249,1.249,1.247,0.000,0.000,0.000,0.279,0.280,0.278,0.000,0.000,0.000,0.114,0.114,0.116,0.000,0.000,0.000,0.351,0.349,0.345,0.000,0.000,0.000,0.049,0.049,0.041,0.000,0.000,0.000,0.218,0.219,0.224,0.000,0.008,0.000,0.172,0.171,0.173,0.029,0.045,0.044,0.063,0.056,0.056,0.061,0.062,0.062,0.104,0.096,0.101,0.060,0.064,0.059,0.069,0.064,0.066,0.066,0.068,0.066,0.035,0.043,0.041,0.094,0.096,0.097,0.034,0.034,0.033,0.050,0.053,0.052,0.047,0.048,0.046,0.000,0.000,0.000,0.067,0.065,0.063,0.000,0.000,0.000,0.049,0.048,0.051,0.000,0.000,0.000,0.000,0.000,0.000,0.000,0.000,0.000,0.013,0.000,0.000,0.000,0.000,0.000,0.050,0.048,0.048,0.000,0.000,0.000,0.000,0.000,0.000,0.000,0.000,0.000,0.000,0.000,0.000,0.000,0.000,0.000,0.000,0.000,0.000,0.000,0.000,0.000,0.000,0.000,0.000,0.000,0.000,0.000,0.000,0.000,0.000,0.000,0.000,0.000,0.013,0.020,0.015,0.000,0.000,0.000,0.000,0.000,0.000,0.000,0.000,0.000,0.000,0.000,0.000,0.000,0.000,0.000,0.000,0.000,0.000,0.000,0.000,0.000,0.000,0.000,0.000,0.000,0.000,0.000,0.000,0.000,0.000,0.000,0.000,0.000,0.000,0.000,0.000,0.000,0.000,0.000,0.000,0.000,0.000,0.008,0.000,0.000,0.000,0.000,0.000,0.000,0.000,0.000,0.006,0.029,0.023,0.000,0.000,0.000,0.059,0.059,0.059,0.000,0.000,0.000,0.058,0.061,0.057,0.000,0.000,0.000,0.066,0.065,0.064,0.000,0.000,0.000,0.092,0.094,0.090,0.000,0.000,0.000,0.050,0.051,0.052,0.000,0.000,0.000,0.000,0.000,0.000,0.000,0.000,0.000,0.000,0.000,0.000,0.000,0.000,0.000,0.000,0.000,0.000,0.000,0.000,0.000,0.000,0.000,0.000,0.000,0.000,0.000,0.000,0.000,0.000,0.000,0.000,0.000,0.000,0.000,0.000,0.000,0.000,0.000,0.000,0.000,0.000,0.000,0.000,0.000,0.000,0.000,0.000,0.000,0.000,0.000,0.000,0.000,0.000,0.000,0.000,0.000,0.000,0.000,0.000
2025-07-06 22:50:07,234.254,234.209,234.198,0.000,0.000,0.000,2.026,2.025,2.028,0.152,0.160,0.159,0.052,0.061,0.060,0.957,0.952,0.959,0.016,0.020,0.023,1.128,1.127,1.127,0.000,0.013,0.016,1.251,1.252,1.251,0.000,0.000,0.000,0.280,0.283,0.282,0.000,0.000,0.000,0.114,0.116,0.115,0.000,0.000,0.000,0.344,0.343,0.346,0.000,0.000,0.000,0.046,0.047,0.035,0.000,0.000,0.000,0.229,0.223,0.225,0.014,0.029,0.016,0.166,0.174,0.173,0.006,0.045,0.036,0.056,0.058,0.059,0.059,0.064,0.063,0.092,0.098,0.096,0.062,0.059,0.055,0.068,0.069,0.066,0.064,0.065,0.066,0.038,0.029,0.044,0.093,0.095,0.094,0.027,0.021,0.025,0.053,0.053,0.052,0.048,0.050,0.049,0.000,0.000,0.000,0.065,0.068,0.061,0.000,0.000,0.000,0.048,0.046,0.046,0.000,0.000,0.000,0.000,0.000,0.000,0.000,0.000,0.000,0.000,0.000,0.000,0.000,0.000,0.000,0.050,0.049,0.048,0.000,0.000,0.000,0.000,0.000,0.000,0.000,0.000,0.000,0.000,0.000,0.000,0.000,0.000,0.000,0.000,0.000,0.000,0.000,0.000,0.000,0.000,0.000,0.000,0.000,0.000,0.000,0.000,0.000,0.000,0.000,0.000,0.000,0.024,0.026,0.051,0.000,0.000,0.000,0.000,0.000,0.000,0.000,0.000,0.000,0.000,0.000,0.000,0.000,0.000,0.000,0.000,0.000,0.000,0.000,0.000,0.000,0.000,0.000,0.000,0.000,0.000,0.000,0.000,0.000,0.000,0.000,0.000,0.000,0.000,0.000,0.000,0.000,0.000,0.000,0.000,0.000,0.000,0.005,0.000,0.000,0.000,0.000,0.000,0.000,0.000,0.000,0.000,0.043,0.019,0.000,0.000,0.000,0.055,0.061,0.059,0.000,0.000,0.000,0.059,0.058,0.055,0.000,0.000,0.000,0.064,0.064,0.066,0.000,0.000,0.000,0.091,0.091,0.092,0.000,0.000,0.000,0.052,0.053,0.052,0.000,0.000,0.000,0.000,0.000,0.000,0.000,0.000,0.000,0.000,0.000,0.000,0.000,0.000,0.000,0.000,0.000,0.000,0.000,0.000,0.000,0.000,0.000,0.000,0.000,0.000,0.000,0.000,0.000,0.000,0.000,0.000,0.000,0.000,0.000,0.000,0.000,0.000,0.000,0.000,0.000,0.000,0.000,0.000,0.000,0.000,0.000,0.000,0.000,0.000,0.000,0.000,0.000,0.000,0.000,0.000,0.000,0.000,0.000,0.000
2025-07-06 22:50:10,234.129,234.085,234.074,0.000,0.000,0.000,2.023,2.025,2.027,0.157,0.158,0.152,0.065,0.069,0.063,0.948,0.935,0.938,0.025,0.041,0.023,1.129,1.139,1.148,0.000,0.019,0.040,1.249,1.254,1.250,0.000,0.000,0.000,0.283,0.282,0.282,0.000,0.000,0.000,0.114,0.110,0.115,0.000,0.000,0.000,0.342,0.341,0.333,0.000,0.008,0.000,0.049,0.050,0.033,0.013,0.000,0.000,0.225,0.226,0.227,0.015,0.020,0.008,0.172,0.172,0.171,0.036,0.030,0.013,0.059,0.059,0.056,0.064,0.062,0.063,0.098,0.099,0.095,0.064,0.062,0.058,0.064,0.064,0.069,0.067,0.064,0.066,0.044,0.041,0.046,0.095,0.093,0.095,0.008,0.014,0.013,0.053,0.050,0.052,0.049,0.047,0.050,0.000,0.000,0.000,0.064,0.066,0.065,0.000,0.000,0.000,0.050,0.047,0.049,0.000,0.000,0.000,0.000,0.000,0.000,0.000,0.000,0.000,0.000,0.000,0.000,0.000,0.000,0.000,0.048,0.050,0.050,0.000,0.000,0.000,0.000,0.000,0.000,0.000,0.000,0.000,0.000,0.000,0.000,0.000,0.000,0.000,0.000,0.000,0.000,0.000,0.000,0.000,0.000,0.000,0.000,0.000,0.000,0.000,0.000,0.000,0.000,0.000,0.000,0.000,0.024,0.023,0.033,0.000,0.000,0.000,0.000,0.000,0.000,0.000,0.000,0.000,0.000,0.000,0.000,0.000,0.000,0.000,0.000,0.000,0.000,0.000,0.000,0.000,0.000,0.000,0.000,0.000,0.000,0.000,0.000,0.000,0.000,0.000,0.000,0.000,0.000,0.000,0.000,0.000,0.000,0.000,0.000,0.000,0.000,0.000,0.000,0.000,0.000,0.013,0.000,0.000,0.000,0.000,0.009,0.044,0.000,0.000,0.000,0.000,0.059,0.059,0.059,0.000,0.000,0.000,0.060,0.059,0.055,0.000,0.000,0.000,0.067,0.063,0.064,0.000,0.000,0.000,0.092,0.089,0.091,0.000,0.000,0.000,0.054,0.051,0.051,0.000,0.000,0.000,0.000,0.000,0.000,0.000,0.000,0.000,0.000,0.000,0.000,0.000,0.000,0.000,0.000,0.000,0.000,0.000,0.000,0.000,0.000,0.000,0.000,0.000,0.000,0.000,0.000,0.000,0.000,0.000,0.000,0.000,0.000,0.000,0.000,0.000,0.000,0.000,0.000,0.000,0.000,0.000,0.000,0.000,0.000,0.000,0.000,0.000,0.000,0.000,0.000,0.000,0.000,0.000,0.000,0.000,0.000,0.000,0.000
2025-07-06 22:50:13,234.078,234.035,234.023,0.000,0.000,0.000,2.008,2.010,2.012,0.152,0.150,0.154,0.055,0.058,0.035,0.950,0.951,0.958,0.006,0.029,0.026,1.114,1.116,1.113,0.013,0.008,0.005,1.237,1.238,1.239,0.000,0.000,0.000,0.275,0.278,0.275,0.000,0.000,0.000,0.121,0.120,0.120,0.000,0.000,0.000,0.339,0.335,0.341,0.000,0.005,0.000,0.035,0.048,0.051,0.000,0.000,0.000,0.244,0.240,0.243,0.000,0.000,0.005,0.168,0.167,0.164,0.017,0.020,0.014,0.058,0.056,0.055,0.060,0.061,0.062,0.099,0.100,0.102,0.063,0.059,0.059,0.068,0.068,0.068,0.063,0.067,0.065,0.034,0.028,0.034,0.095,0.096,0.092,0.042,0.035,0.030,0.052,0.050,0.052,0.047,0.034,0.047,0.000,0.000,0.000,0.064,0.065,0.064,0.000,0.000,0.000,0.050,0.050,0.052,0.000,0.000,0.000,0.000,0.000,0.000,0.000,0.000,0.000,0.000,0.000,0.013,0.000,0.000,0.000,0.048,0.050,0.049,0.000,0.000,0.000,0.000,0.000,0.000,0.000,0.000,0.000,0.000,0.000,0.000,0.000,0.000,0.000,0.000,0.000,0.000,0.000,0.000,0.000,0.022,0.021,0.013,0.000,0.000,0.000,0.000,0.000,0.000,0.000,0.000,0.000,0.014,0.013,0.046,0.000,0.000,0.000,0.000,0.000,0.000,0.000,0.000,0.000,0.000,0.000,0.000,0.000,0.000,0.000,0.000,0.000,0.000,0.000,0.000,0.000,0.000,0.000,0.000,0.000,0.000,0.000,0.000,0.000,0.000,0.000,0.000,0.000,0.000,0.000,0.000,0.000,0.000,0.000,0.000,0.000,0.000,0.000,0.000,0.000,0.000,0.000,0.000,0.000,0.000,0.000,0.015,0.006,0.014,0.000,0.000,0.000,0.055,0.056,0.057,0.000,0.000,0.000,0.061,0.056,0.055,0.000,0.000,0.000,0.063,0.066,0.063,0.000,0.000,0.000,0.092,0.093,0.089,0.000,0.000,0.000,0.051,0.050,0.052,0.000,0.000,0.000,0.000,0.000,0.000,0.000,0.000,0.000,0.000,0.000,0.000,0.000,0.000,0.000,0.000,0.000,0.000,0.000,0.000,0.000,0.000,0.000,0.000,0.000,0.000,0.000,0.000,0.000,0.000,0.000,0.000,0.000,0.000,0.000,0.000,0.000,0.000,0.000,0.000,0.000,0.000,0.000,0.000,0.000,0.000,0.000,0.000,0.000,0.000,0.000,0.000,0.000,0.000,0.000,0.000,0.000,0.000,0.000,0.000
2025-07-06 22:50:16,234.054,234.010,233.999,0.000,0.000,0.000,2.015,2.017,2.015,0.154,0.149,0.151,0.034,0.040,0.052,0.952,0.955,0.953,0.035,0.045,0.021,1.127,1.121,1.124,0.000,0.005,0.013,1.238,1.244,1.238,0.000,0.000,0.000,0.277,0.274,0.278,0.000,0.000,0.000,0.121,0.115,0.115,0.000,0.000,0.000,0.335,0.342,0.343,0.000,0.000,0.000,0.038,0.040,0.041,0.000,0.000,0.000,0.238,0.230,0.236,0.000,0.000,0.000,0.167,0.167,0.169,0.007,0.023,0.014,0.058,0.061,0.060,0.063,0.059,0.060,0.099,0.101,0.100,0.062,0.061,0.060,0.071,0.066,0.067,0.068,0.065,0.066,0.030,0.044,0.015,0.095,0.094,0.096,0.028,0.028,0.031,0.049,0.051,0.051,0.045,0.045,0.047,0.000,0.000,0.000,0.064,0.065,0.064,0.000,0.000,0.000,0.048,0.052,0.051,0.000,0.000,0.000,0.000,0.000,0.000,0.000,0.000,0.000,0.000,0.000,0.000,0.000,0.000,0.000,0.050,0.051,0.051,0.000,0.000,0.000,0.000,0.000,0.000,0.000,0.000,0.000,0.000,0.000,0.000,0.000,0.000,0.000,0.000,0.000,0.000,0.000,0.000,0.000,0.019,0.005,0.013,0.000,0.000,0.000,0.000,0.000,0.000,0.000,0.000,0.000,0.028,0.013,0.015,0.000,0.000,0.000,0.000,0.000,0.000,0.000,0.000,0.000,0.000,0.000,0.000,0.000,0.000,0.000,0.000,0.000,0.000,0.000,0.000,0.000,0.000,0.000,0.000,0.000,0.000,0.000,0.000,0.000,0.000,0.000,0.000,0.000,0.000,0.000,0.000,0.000,0.000,0.000,0.000,0.000,0.000,0.000,0.000,0.000,0.000,0.000,0.000,0.000,0.000,0.000,0.006,0.014,0.000,0.000,0.000,0.000,0.060,0.055,0.059,0.000,0.000,0.000,0.057,0.055,0.058,0.000,0.000,0.000,0.067,0.064,0.066,0.000,0.000,0.000,0.092,0.090,0.092,0.000,0.000,0.000,0.049,0.051,0.049,0.000,0.000,0.000,0.000,0.000,0.000,0.000,0.000,0.000,0.000,0.000,0.000,0.000,0.000,0.000,0.000,0.000,0.000,0.000,0.000,0.000,0.000,0.000,0.000,0.000,0.000,0.000,0.000,0.000,0.000,0.000,0.000,0.000,0.000,0.000,0.000,0.000,0.000,0.000,0.000,0.000,0.000,0.000,0.000,0.000,0.000,0.000,0.000,0.000,0.000,0.000,0.000,0.000,0.000,0.000,0.000,0.000,0.000,0.000,0.000
2025-07-06 22:50:19,234.040,233.997,233.985,0.000,0.000,0.000,2.024,2.024,2.021,0.154,0.153,0.152,0.065,0.077,0.064,0.963,0.961,0.957,0.025,0.020,0.041,1.126,1.128,1.125,0.015,0.029,0.008,1.244,1.244,1.243,0.000,0.000,0.014,0.283,0.281,0.289,0.000,0.000,0.000,0.114,0.112,0.108,0.000,0.000,0.000,0.337,0.340,0.341,0.000,0.000,0.000,0.024,0.025,0.023,0.000,0.000,0.000,0.229,0.229,0.231,0.000,0.000,0.000,0.167,0.168,0.168,0.035,0.014,0.015,0.060,0.058,0.061,0.061,0.060,0.060,0.099,0.097,0.100,0.060,0.062,0.056,0.062,0.066,0.063,0.063,0.063,0.067,0.039,0.030,0.037,0.091,0.096,0.092,0.043,0.033,0.037,0.052,0.050,0.050,0.047,0.048,0.049,0.000,0.000,0.000,0.063,0.060,0.060,0.000,0.000,0.000,0.050,0.052,0.050,0.000,0.000,0.000,0.000,0.000,0.000,0.000,0.000,0.000,0.000,0.000,0.000,0.000,0.000,0.000,0.050,0.049,0.051,0.000,0.000,0.000,0.000,0.000,0.000,0.000,0.000,0.000,0.000,0.000,0.000,0.000,0.000,0.000,0.000,0.000,0.000,0.000,0.000,0.000,0.000,0.000,0.000,0.000,0.000,0.000,0.000,0.000,0.000,0.000,0.000,0.000,0.047,0.017,0.034,0.000,0.013,0.013,0.000,0.000,0.000,0.000,0.000,0.000,0.000,0.000,0.000,0.000,0.000,0.000,0.000,0.000,0.000,0.000,0.000,0.000,0.000,0.000,0.000,0.000,0.000,0.000,0.000,0.000,0.000,0.000,0.000,0.000,0.000,0.000,0.000,0.000,0.000,0.000,0.000,0.000,0.000,0.000,0.000,0.000,0.000,0.000,0.000,0.000,0.000,0.000,0.011,0.011,0.000,0.000,0.000,0.000,0.057,0.057,0.058,0.000,0.000,0.000,0.058,0.058,0.053,0.000,0.000,0.000,0.062,0.063,0.066,0.000,0.000,0.000,0.087,0.092,0.090,0.000,0.000,0.000,0.053,0.051,0.048,0.000,0.000,0.000,0.000,0.000,0.000,0.000,0.000,0.000,0.000,0.000,0.000,0.000,0.000,0.000,0.000,0.000,0.000,0.000,0.000,0.000,0.000,0.000,0.000,0.000,0.000,0.000,0.000,0.000,0.000,0.000,0.000,0.000,0.000,0.000,0.000,0.000,0.000,0.000,0.000,0.000,0.000,0.000,0.000,0.000,0.000,0.000,0.000,0.000,0.000,0.000,0.000,0.000,0.000,0.000,0.000,0.000,0.000,0.000,0.000
2025-07-06 22:50:22,234.049,234.005,233.993,0.000,0.000,0.000,2.037,2.039,2.035,0.156,0.152,0.156,0.028,0.036,0.015,0.957,0.968,0.965,0.015,0.017,0.005,1.143,1.139,1.141,0.000,0.021,0.030,1.254,1.253,1.249,0.000,0.000,0.000,0.278,0.283,0.283,0.000,0.000,0.000,0.108,0.104,0.101,0.000,0.000,0.000,0.349,0.348,0.345,0.000,0.000,0.000,0.045,0.053,0.050,0.000,0.000,0.000,0.229,0.231,0.223,0.000,0.008,0.000,0.166,0.165,0.166,0.029,0.022,0.009,0.060,0.058,0.063,0.066,0.061,0.063,0.097,0.094,0.096,0.063,0.058,0.060,0.060,0.060,0.064,0.068,0.063,0.063,0.046,0.044,0.046,0.095,0.094,0.093,0.030,0.024,0.037,0.050,0.052,0.052,0.050,0.048,0.048,0.000,0.000,0.000,0.064,0.065,0.059,0.000,0.000,0.000,0.050,0.052,0.047,0.000,0.000,0.000,0.000,0.000,0.000,0.000,0.000,0.000,0.000,0.000,0.008,0.000,0.000,0.000,0.051,0.051,0.053,0.000,0.000,0.000,0.000,0.000,0.000,0.000,0.000,0.000,0.000,0.000,0.000,0.000,0.000,0.000,0.000,0.000,0.000,0.000,0.000,0.000,0.000,0.008,0.000,0.000,0.000,0.000,0.000,0.000,0.000,0.000,0.000,0.000,0.002,0.013,0.014,0.000,0.000,0.000,0.000,0.000,0.000,0.000,0.000,0.000,0.000,0.000,0.000,0.000,0.000,0.000,0.000,0.000,0.000,0.000,0.000,0.000,0.000,0.000,0.000,0.000,0.000,0.000,0.000,0.000,0.000,0.000,0.000,0.000,0.000,0.000,0.000,0.000,0.000,0.000,0.000,0.000,0.000,0.000,0.000,0.000,0.000,0.013,0.013,0.000,0.000,0.000,0.029,0.017,0.039,0.000,0.000,0.000,0.062,0.057,0.059,0.000,0.000,0.000,0.058,0.056,0.059,0.000,0.000,0.000,0.066,0.063,0.061,0.000,0.000,0.000,0.092,0.092,0.090,0.000,0.000,0.000,0.052,0.051,0.052,0.000,0.000,0.000,0.000,0.000,0.000,0.000,0.000,0.000,0.000,0.000,0.000,0.000,0.000,0.000,0.000,0.000,0.000,0.000,0.000,0.000,0.000,0.000,0.000,0.000,0.000,0.000,0.000,0.000,0.000,0.000,0.000,0.000,0.000,0.000,0.000,0.000,0.000,0.000,0.000,0.000,0.000,0.000,0.000,0.000,0.000,0.000,0.000,0.000,0.000,0.000,0.000,0.000,0.000,0.000,0.000,0.000,0.000,0.000,0.000
2025-07-06 22:50:25,234.043,233.999,233.987,0.000,0.000,0.000,2.043,2.035,2.036,0.155,0.152,0.153,0.046,0.029,0.031,0.975,0.970,0.972,0.000,0.000,0.002,1.136,1.137,1.132,0.016,0.011,0.045,1.256,1.252,1.255,0.000,0.000,0.000,0.281,0.279,0.279,0.000,0.000,0.000,0.107,0.110,0.105,0.000,0.000,0.000,0.346,0.337,0.339,0.000,0.000,0.000,0.049,0.048,0.039,0.000,0.000,0.000,0.225,0.224,0.220,0.000,0.033,0.000,0.164,0.164,0.164,0.043,0.002,0.033,0.056,0.057,0.061,0.063,0.062,0.059,0.100,0.091,0.088,0.062,0.059,0.063,0.063,0.062,0.062,0.063,0.065,0.062,0.045,0.044,0.043,0.095,0.098,0.095,0.032,0.028,0.041,0.053,0.050,0.050,0.036,0.050,0.051,0.000,0.000,0.000,0.063,0.064,0.065,0.000,0.000,0.000,0.049,0.049,0.049,0.000,0.000,0.000,0.000,0.000,0.000,0.000,0.000,0.000,0.000,0.000,0.016,0.000,0.000,0.000,0.049,0.051,0.053,0.000,0.000,0.000,0.000,0.000,0.000,0.000,0.000,0.000,0.000,0.000,0.000,0.000,0.000,0.000,0.000,0.000,0.000,0.000,0.000,0.000,0.002,0.019,0.000,0.000,0.000,0.000,0.000,0.000,0.000,0.000,0.000,0.000,0.015,0.013,0.024,0.000,0.000,0.000,0.000,0.000,0.000,0.000,0.000,0.000,0.000,0.000,0.000,0.000,0.000,0.000,0.000,0.000,0.000,0.000,0.000,0.000,0.000,0.000,0.000,0.000,0.000,0.000,0.000,0.000,0.000,0.000,0.000,0.000,0.000,0.000,0.000,0.000,0.000,0.000,0.000,0.000,0.000,0.000,0.000,0.000,0.000,0.000,0.000,0.000,0.000,0.000,0.030,0.000,0.016,0.000,0.000,0.000,0.057,0.059,0.058,0.000,0.000,0.000,0.058,0.056,0.059,0.000,0.000,0.000,0.064,0.066,0.062,0.000,0.000,0.000,0.092,0.093,0.093,0.000,0.000,0.000,0.052,0.053,0.049,0.000,0.000,0.000,0.000,0.000,0.000,0.000,0.000,0.000,0.000,0.000,0.000,0.000,0.000,0.000,0.000,0.000,0.000,0.000,0.000,0.000,0.000,0.000,0.000,0.000,0.000,0.000,0.000,0.000,0.000,0.000,0.000,0.000,0.000,0.000,0.000,0.000,0.000,0.000,0.000,0.000,0.000,0.000,0.000,0.000,0.000,0.000,0.000,0.000,0.000,0.000,0.000,0.000,0.000,0.000,0.000,0.000,0.000,0.000,0.000
2025-07-06 22:50:28,234.051,234.008,233.996,0.000,0.000,0.000,2.045,2.043,2.035,0.158,0.164,0.151,0.069,0.053,0.050,0.973,0.975,0.967,0.032,0.029,0.024,1.141,1.139,1.136,0.000,0.005,0.022,1.256,1.255,1.253,0.000,0.000,0.000,0.281,0.282,0.282,0.000,0.000,0.008,0.107,0.104,0.108,0.000,0.000,0.000,0.350,0.348,0.348,0.000,0.015,0.000,0.032,0.032,0.009,0.015,0.000,0.008,0.226,0.219,0.219,0.015,0.000,0.000,0.164,0.164,0.164,0.029,0.039,0.008,0.052,0.055,0.057,0.065,0.058,0.060,0.086,0.087,0.085,0.064,0.062,0.064,0.058,0.064,0.060,0.063,0.065,0.064,0.028,0.044,0.043,0.098,0.094,0.093,0.017,0.040,0.021,0.050,0.054,0.053,0.045,0.048,0.049,0.000,0.000,0.000,0.062,0.061,0.065,0.000,0.000,0.000,0.048,0.049,0.048,0.000,0.000,0.000,0.000,0.000,0.013,0.000,0.000,0.000,0.008,0.014,0.000,0.000,0.000,0.000,0.049,0.050,0.051,0.000,0.000,0.000,0.000,0.000,0.000,0.000,0.000,0.000,0.000,0.000,0.000,0.000,0.000,0.000,0.000,0.000,0.000,0.000,0.000,0.000,0.000,0.000,0.000,0.000,0.000,0.000,0.000,0.013,0.000,0.000,0.000,0.000,0.043,0.048,0.002,0.000,0.000,0.000,0.000,0.000,0.000,0.000,0.000,0.000,0.000,0.000,0.000,0.000,0.000,0.000,0.000,0.000,0.000,0.000,0.000,0.000,0.000,0.000,0.000,0.000,0.000,0.000,0.000,0.000,0.000,0.000,0.000,0.000,0.000,0.000,0.000,0.000,0.000,0.000,0.000,0.000,0.000,0.000,0.000,0.012,0.000,0.000,0.000,0.000,0.000,0.000,0.014,0.040,0.011,0.000,0.000,0.000,0.061,0.057,0.056,0.000,0.000,0.000,0.060,0.061,0.062,0.000,0.000,0.000,0.063,0.065,0.064,0.000,0.000,0.000,0.094,0.092,0.089,0.000,0.000,0.000,0.048,0.054,0.052,0.000,0.000,0.000,0.000,0.000,0.000,0.000,0.000,0.000,0.000,0.000,0.000,0.000,0.000,0.000,0.000,0.000,0.000,0.000,0.000,0.000,0.000,0.000,0.000,0.000,0.000,0.000,0.000,0.000,0.000,0.000,0.000,0.000,0.000,0.000,0.000,0.000,0.000,0.000,0.000,0.000,0.000,0.000,0.000,0.000,0.000,0.000,0.000,0.000,0.000,0.000,0.000,0.000,0.000,0.000,0.000,0.000,0.000,0.000,0.000
2025-07-06 22:50:31,234.070,234.026,234.015,0.000,0.000,0.000,2.046,2.046,2.044,0.156,0.155,0.154,0.039,0.061,0.050,0.980,0.981,0.976,0.025,0.014,0.005,1.136,1.129,1.131,0.000,0.000,0.000,1.258,1.261,1.259,0.000,0.000,0.000,0.285,0.281,0.281,0.000,0.000,0.005,0.108,0.112,0.113,0.000,0.000,0.000,0.352,0.353,0.358,0.000,0.000,0.000,0.047,0.044,0.032,0.000,0.000,0.005,0.221,0.223,0.225,0.000,0.000,0.000,0.165,0.165,0.164,0.041,0.015,0.005,0.054,0.056,0.054,0.058,0.066,0.061,0.089,0.099,0.098,0.061,0.062,0.058,0.065,0.060,0.065,0.065,0.065,0.067,0.044,0.044,0.042,0.096,0.095,0.093,0.031,0.034,0.031,0.052,0.050,0.049,0.050,0.048,0.045,0.000,0.000,0.000,0.065,0.063,0.064,0.000,0.000,0.000,0.048,0.049,0.050,0.000,0.000,0.000,0.000,0.000,0.000,0.000,0.000,0.000,0.005,0.000,0.000,0.000,0.000,0.000,0.051,0.052,0.052,0.000,0.000,0.000,0.000,0.000,0.000,0.000,0.000,0.000,0.000,0.000,0.000,0.000,0.000,0.000,0.000,0.000,0.000,0.000,0.000,0.000,0.000,0.000,0.000,0.000,0.000,0.000,0.000,0.000,0.000,0.000,0.000,0.000,0.018,0.031,0.025,0.000,0.000,0.000,0.000,0.000,0.000,0.000,0.000,0.000,0.000,0.000,0.000,0.000,0.000,0.000,0.000,0.000,0.000,0.000,0.000,0.000,0.000,0.000,0.000,0.000,0.000,0.000,0.000,0.000,0.000,0.000,0.000,0.000,0.000,0.000,0.000,0.000,0.000,0.000,0.000,0.000,0.000,0.000,0.000,0.003,0.000,0.000,0.000,0.000,0.000,0.000,0.027,0.014,0.016,0.000,0.000,0.000,0.056,0.061,0.057,0.000,0.000,0.000,0.059,0.059,0.055,0.000,0.000,0.000,0.066,0.065,0.068,0.000,0.000,0.000,0.093,0.090,0.092,0.000,0.000,0.000,0.052,0.048,0.048,0.000,0.000,0.000,0.000,0.000,0.000,0.000,0.000,0.000,0.000,0.000,0.000,0.000,0.000,0.000,0.000,0.000,0.000,0.000,0.000,0.000,0.000,0.000,0.000,0.000,0.000,0.000,0.000,0.000,0.000,0.000,0.000,0.000,0.000,0.000,0.000,0.000,0.000,0.000,0.000,0.000,0.000,0.000,0.000,0.000,0.000,0.000,0.000,0.000,0.000,0.000,0.000,0.000,0.000,0.000,0.000,0.000,0.000,0.000,0.000
2025-07-06 22:50:34,234.035,233.991,233.980,0.000,0.000,0.000,2.053,2.044,2.045,0.163,0.155,0.151,0.050,0.060,0.062,0.981,0.972,0.977,0.047,0.031,0.028,1.134,1.131,1.129,0.000,0.000,0.014,1.265,1.264,1.265,0.000,0.000,0.000,0.283,0.285,0.285,0.000,0.000,0.000,0.106,0.109,0.111,0.000,0.000,0.000,0.355,0.348,0.345,0.000,0.000,0.013,0.049,0.035,0.021,0.013,0.000,0.000,0.227,0.224,0.222,0.014,0.000,0.000,0.164,0.170,0.164,0.044,0.021,0.021,0.055,0.056,0.058,0.063,0.060,0.058,0.098,0.101,0.099,0.063,0.060,0.061,0.063,0.067,0.066,0.062,0.065,0.064,0.046,0.045,0.046,0.094,0.096,0.092,0.028,0.026,0.028,0.051,0.052,0.054,0.046,0.052,0.051,0.000,0.000,0.000,0.064,0.063,0.061,0.000,0.000,0.000,0.047,0.046,0.044,0.000,0.000,0.000,0.000,0.000,0.000,0.000,0.000,0.000,0.000,0.000,0.013,0.000,0.000,0.000,0.051,0.054,0.051,0.000,0.000,0.000,0.000,0.000,0.000,0.000,0.000,0.000,0.000,0.000,0.000,0.000,0.000,0.000,0.000,0.000,0.000,0.000,0.000,0.000,0.000,0.000,0.000,0.000,0.000,0.000,0.000,0.000,0.000,0.000,0.000,0.000,0.042,0.015,0.017,0.000,0.000,0.000,0.000,0.000,0.000,0.000,0.000,0.000,0.000,0.000,0.000,0.000,0.000,0.000,0.000,0.000,0.000,0.000,0.000,0.000,0.000,0.000,0.000,0.000,0.000,0.000,0.000,0.000,0.000,0.000,0.000,0.000,0.000,0.000,0.000,0.000,0.000,0.000,0.000,0.000,0.000,0.000,0.000,0.000,0.013,0.000,0.000,0.000,0.000,0.000,0.040,0.017,0.010,0.000,0.000,0.000,0.061,0.058,0.056,0.000,0.000,0.000,0.061,0.058,0.058,0.000,0.000,0.000,0.062,0.064,0.063,0.000,0.000,0.000,0.092,0.094,0.090,0.000,0.000,0.000,0.049,0.051,0.053,0.000,0.000,0.000,0.000,0.000,0.000,0.000,0.000,0.000,0.000,0.000,0.000,0.000,0.000,0.000,0.000,0.000,0.000,0.000,0.000,0.000,0.000,0.000,0.000,0.000,0.000,0.000,0.000,0.000,0.000,0.000,0.000,0.000,0.000,0.000,0.000,0.000,0.000,0.000,0.000,0.000,0.000,0.000,0.000,0.000,0.000,0.000,0.000,0.000,0.000,0.000,0.000,0.000,0.000,0.000,0.000,0.000,0.000,0.000,0.000
2025-07-06 22:50:37,234.009,233.965,233.954,0.000,0.000,0.000,2.037,2.042,2.037,0.157,0.154,0.158,0.061,0.075,0.071,0.970,0.970,0.967,0.032,0.025,0.008,1.127,1.126,1.124,0.000,0.016,0.010,1.260,1.266,1.261,0.000,0.000,0.000,0.282,0.283,0.283,0.000,0.000,0.000,0.112,0.113,0.110,0.000,0.000,0.000,0.343,0.344,0.346,0.000,0.000,0.000,0.021,0.015,0.028,0.000,0.000,0.000,0.224,0.224,0.223,0.000,0.000,0.014,0.165,0.169,0.167,0.034,0.008,0.005,0.061,0.059,0.061,0.060,0.061,0.065,0.098,0.103,0.101,0.058,0.060,0.057,0.067,0.069,0.067,0.065,0.063,0.067,0.034,0.044,0.048,0.093,0.096,0.095,0.043,0.031,0.036,0.052,0.051,0.050,0.048,0.051,0.049,0.000,0.000,0.000,0.065,0.061,0.065,0.000,0.000,0.000,0.048,0.048,0.048,0.000,0.000,0.000,0.000,0.013,0.000,0.000,0.000,0.000,0.014,0.000,0.023,0.000,0.000,0.000,0.053,0.052,0.051,0.000,0.000,0.000,0.000,0.000,0.000,0.000,0.000,0.000,0.000,0.000,0.000,0.000,0.000,0.000,0.000,0.000,0.000,0.000,0.000,0.000,0.000,0.000,0.000,0.000,0.000,0.000,0.000,0.000,0.000,0.000,0.000,0.000,0.038,0.038,0.038,0.000,0.000,0.013,0.000,0.000,0.000,0.000,0.000,0.000,0.000,0.000,0.000,0.000,0.000,0.000,0.000,0.000,0.000,0.000,0.000,0.000,0.000,0.000,0.000,0.000,0.000,0.000,0.000,0.000,0.000,0.000,0.000,0.000,0.000,0.000,0.000,0.000,0.000,0.000,0.000,0.000,0.000,0.000,0.000,0.000,0.000,0.000,0.000,0.000,0.000,0.000,0.031,0.000,0.013,0.000,0.000,0.000,0.056,0.056,0.061,0.000,0.000,0.000,0.056,0.059,0.055,0.000,0.000,0.000,0.064,0.063,0.066,0.000,0.000,0.000,0.090,0.091,0.092,0.000,0.000,0.000,0.052,0.051,0.049,0.000,0.000,0.000,0.000,0.000,0.000,0.000,0.000,0.000,0.000,0.000,0.000,0.000,0.000,0.000,0.000,0.000,0.000,0.000,0.000,0.000,0.000,0.000,0.000,0.000,0.000,0.000,0.000,0.000,0.000,0.000,0.000,0.000,0.000,0.000,0.000,0.000,0.000,0.000,0.000,0.000,0.000,0.000,0.000,0.000,0.000,0.000,0.000,0.000,0.000,0.000,0.000,0.000,0.000,0.000,0.000,0.000,0.000,0.000,0.000
2025-07-06 22:50:40,233.957,233.913,233.902,0.000,0.000,0.000,2.038,2.035,2.037,0.159,0.154,0.150,0.047,0.029,0.032,0.970,0.962,0.958,0.029,0.025,0.037,1.120,1.123,1.128,0.009,0.013,0.020,1.268,1.267,1.266,0.000,0.008,0.000,0.277,0.280,0.281,0.000,0.000,0.000,0.113,0.125,0.115,0.013,0.000,0.000,0.344,0.343,0.347,0.014,0.000,0.000,0.021,0.000,0.027,0.000,0.000,0.000,0.220,0.222,0.218,0.000,0.000,0.000,0.164,0.166,0.169,0.037,0.028,0.036,0.058,0.059,0.058,0.063,0.062,0.059,0.099,0.101,0.106,0.064,0.061,0.061,0.066,0.067,0.066,0.065,0.063,0.065,0.037,0.028,0.031,0.095,0.094,0.093,0.028,0.014,0.033,0.052,0.051,0.052,0.046,0.048,0.049,0.000,0.000,0.000,0.069,0.064,0.068,0.000,0.000,0.000,0.047,0.045,0.049,0.000,0.000,0.000,0.000,0.000,0.000,0.000,0.000,0.000,0.000,0.000,0.006,0.000,0.000,0.000,0.049,0.048,0.051,0.000,0.000,0.000,0.000,0.000,0.000,0.000,0.000,0.000,0.000,0.000,0.000,0.000,0.000,0.000,0.000,0.000,0.000,0.000,0.000,0.000,0.000,0.000,0.000,0.000,0.000,0.000,0.013,0.000,0.000,0.000,0.000,0.000,0.028,0.016,0.000,0.000,0.000,0.000,0.000,0.000,0.000,0.000,0.000,0.000,0.000,0.000,0.000,0.000,0.000,0.000,0.000,0.000,0.000,0.000,0.000,0.000,0.000,0.000,0.000,0.000,0.000,0.000,0.000,0.000,0.000,0.000,0.000,0.000,0.000,0.000,0.000,0.000,0.000,0.000,0.000,0.000,0.000,0.000,0.000,0.000,0.000,0.000,0.000,0.000,0.000,0.000,0.038,0.025,0.016,0.000,0.000,0.000,0.059,0.059,0.058,0.000,0.000,0.000,0.059,0.058,0.058,0.000,0.000,0.000,0.067,0.063,0.064,0.000,0.000,0.000,0.091,0.093,0.091,0.000,0.000,0.000,0.052,0.049,0.052,0.000,0.000,0.000,0.000,0.000,0.000,0.000,0.000,0.000,0.000,0.000,0.000,0.000,0.000,0.000,0.000,0.000,0.000,0.000,0.000,0.000,0.000,0.000,0.000,0.000,0.000,0.000,0.000,0.000,0.000,0.000,0.000,0.000,0.000,0.000,0.000,0.000,0.000,0.000,0.000,0.000,0.000,0.000,0.000,0.000,0.000,0.000,0.000,0.000,0.000,0.000,0.000,0.000,0.000,0.000,0.000,0.000,0.000,0.000,0.000
2025-07-06 22:50:43,233.963,233.919,233.908,0.000,0.000,0.000,2.043,2.044,2.041,0.155,0.151,0.152,0.051,0.048,0.054,0.964,0.959,0.974,0.038,0.049,0.042,1.123,1.124,1.112,0.039,0.010,0.026,1.275,1.280,1.276,0.000,0.005,0.029,0.273,0.277,0.271,0.000,0.000,0.000,0.111,0.106,0.116,0.000,0.000,0.000,0.353,0.352,0.346,0.000,0.000,0.000,0.013,0.037,0.005,0.000,0.000,0.000,0.226,0.228,0.227,0.000,0.000,0.000,0.164,0.165,0.168,0.015,0.019,0.020,0.060,0.057,0.061,0.059,0.058,0.058,0.102,0.106,0.106,0.061,0.059,0.060,0.064,0.064,0.069,0.067,0.065,0.066,0.042,0.045,0.038,0.096,0.093,0.096,0.015,0.028,0.016,0.051,0.053,0.051,0.049,0.051,0.049,0.000,0.000,0.000,0.066,0.065,0.065,0.000,0.000,0.000,0.048,0.052,0.049,0.000,0.000,0.000,0.000,0.000,0.000,0.000,0.000,0.000,0.000,0.000,0.000,0.000,0.000,0.000,0.049,0.053,0.051,0.000,0.000,0.000,0.000,0.000,0.000,0.000,0.000,0.000,0.000,0.000,0.000,0.000,0.000,0.000,0.000,0.000,0.000,0.000,0.000,0.000,0.014,0.000,0.000,0.000,0.000,0.000,0.014,0.000,0.000,0.000,0.000,0.000,0.044,0.024,0.024,0.000,0.000,0.000,0.000,0.000,0.000,0.000,0.000,0.000,0.000,0.000,0.000,0.000,0.000,0.000,0.000,0.000,0.000,0.000,0.000,0.000,0.000,0.000,0.000,0.000,0.000,0.000,0.000,0.000,0.000,0.000,0.000,0.000,0.000,0.000,0.000,0.000,0.000,0.000,0.000,0.000,0.000,0.000,0.000,0.000,0.000,0.000,0.000,0.000,0.000,0.000,0.014,0.002,0.014,0.000,0.000,0.000,0.056,0.056,0.056,0.000,0.000,0.000,0.059,0.058,0.058,0.000,0.000,0.000,0.066,0.066,0.064,0.000,0.000,0.000,0.090,0.090,0.091,0.000,0.000,0.000,0.050,0.052,0.051,0.000,0.000,0.000,0.000,0.000,0.000,0.000,0.000,0.000,0.000,0.000,0.000,0.000,0.000,0.000,0.000,0.000,0.000,0.000,0.000,0.000,0.000,0.000,0.000,0.000,0.000,0.000,0.000,0.000,0.000,0.000,0.000,0.000,0.000,0.000,0.000,0.000,0.000,0.000,0.000,0.000,0.000,0.000,0.000,0.000,0.000,0.000,0.000,0.000,0.000,0.000,0.000,0.000,0.000,0.000,0.000,0.000,0.000,0.000,0.000
2025-07-06 22:50:46,234.000,233.956,233.946,0.000,0.000,0.000,2.038,2.033,2.032,0.158,0.163,0.150,0.069,0.067,0.034,0.969,0.966,0.963,0.006,0.048,0.005,1.113,1.107,1.111,0.000,0.007,0.006,1.274,1.270,1.270,0.000,0.013,0.000,0.278,0.277,0.281,0.000,0.000,0.000,0.109,0.113,0.108,0.000,0.014,0.000,0.349,0.348,0.346,0.000,0.000,0.000,0.044,0.046,0.035,0.000,0.000,0.000,0.228,0.224,0.221,0.036,0.000,0.000,0.163,0.167,0.166,0.022,0.035,0.038,0.056,0.059,0.063,0.064,0.064,0.060,0.097,0.103,0.102,0.057,0.059,0.059,0.063,0.067,0.071,0.067,0.067,0.063,0.044,0.044,0.014,0.095,0.093,0.094,0.020,0.042,0.039,0.047,0.050,0.051,0.048,0.050,0.046,0.000,0.000,0.000,0.067,0.068,0.067,0.000,0.000,0.000,0.052,0.050,0.052,0.000,0.000,0.000,0.000,0.000,0.000,0.000,0.000,0.000,0.000,0.000,0.000,0.000,0.000,0.000,0.047,0.049,0.054,0.000,0.000,0.000,0.000,0.000,0.000,0.000,0.000,0.000,0.000,0.000,0.000,0.000,0.000,0.000,0.000,0.000,0.000,0.000,0.000,0.000,0.000,0.000,0.000,0.000,0.000,0.000,0.000,0.000,0.000,0.000,0.000,0.000,0.049,0.050,0.002,0.000,0.000,0.000,0.000,0.000,0.000,0.000,0.000,0.000,0.000,0.000,0.000,0.000,0.000,0.000,0.000,0.000,0.000,0.000,0.000,0.000,0.000,0.000,0.000,0.000,0.000,0.000,0.000,0.000,0.000,0.000,0.000,0.000,0.000,0.000,0.000,0.000,0.000,0.000,0.000,0.000,0.000,0.000,0.000,0.000,0.000,0.000,0.000,0.000,0.000,0.000,0.018,0.039,0.041,0.000,0.000,0.000,0.058,0.061,0.055,0.000,0.000,0.000,0.052,0.057,0.056,0.000,0.000,0.000,0.068,0.067,0.061,0.000,0.000,0.000,0.093,0.091,0.090,0.000,0.000,0.000,0.046,0.050,0.048,0.000,0.000,0.000,0.000,0.000,0.000,0.000,0.000,0.000,0.000,0.000,0.000,0.000,0.000,0.000,0.000,0.000,0.000,0.000,0.000,0.000,0.000,0.000,0.000,0.000,0.000,0.000,0.000,0.000,0.000,0.000,0.000,0.000,0.000,0.000,0.000,0.000,0.000,0.000,0.000,0.000,0.000,0.000,0.000,0.000,0.000,0.000,0.000,0.000,0.000,0.000,0.000,0.000,0.000,0.000,0.000,0.000,0.000,0.000,0.000
2025-07-06 22:50:49,234.098,234.055,234.044,0.000,0.000,0.000,2.033,2.035,2.033,0.154,0.155,0.159,0.055,0.056,0.071,0.960,0.961,0.963,0.029,0.025,0.031,1.118,1.122,1.121,0.015,0.005,0.008,1.269,1.267,1.263,0.000,0.000,0.000,0.273,0.271,0.275,0.000,0.000,0.000,0.112,0.109,0.109,0.000,0.000,0.000,0.348,0.348,0.345,0.000,0.000,0.000,0.054,0.051,0.053,0.000,0.000,0.000,0.219,0.228,0.222,0.000,0.000,0.005,0.164,0.167,0.167,0.014,0.014,0.037,0.070,0.061,0.062,0.063,0.061,0.064,0.107,0.105,0.105,0.063,0.062,0.060,0.065,0.071,0.069,0.066,0.064,0.067,0.043,0.036,0.036,0.096,0.096,0.093,0.014,0.021,0.000,0.048,0.051,0.050,0.044,0.046,0.046,0.000,0.000,0.000,0.066,0.066,0.065,0.000,0.000,0.000,0.050,0.047,0.049,0.000,0.000,0.000,0.000,0.000,0.000,0.000,0.000,0.000,0.000,0.000,0.000,0.000,0.000,0.000,0.051,0.048,0.049,0.000,0.000,0.000,0.000,0.000,0.000,0.000,0.000,0.000,0.000,0.000,0.000,0.000,0.000,0.000,0.000,0.000,0.000,0.000,0.000,0.000,0.000,0.000,0.000,0.000,0.000,0.000,0.000,0.000,0.000,0.000,0.000,0.000,0.012,0.032,0.044,0.000,0.000,0.000,0.000,0.000,0.000,0.000,0.000,0.000,0.000,0.000,0.000,0.000,0.000,0.000,0.000,0.000,0.000,0.000,0.000,0.000,0.000,0.000,0.000,0.000,0.000,0.000,0.000,0.000,0.000,0.000,0.000,0.000,0.000,0.000,0.000,0.000,0.000,0.000,0.000,0.000,0.000,0.000,0.000,0.000,0.000,0.000,0.000,0.000,0.000,0.000,0.028,0.013,0.036,0.000,0.000,0.000,0.060,0.058,0.061,0.000,0.000,0.000,0.059,0.059,0.057,0.000,0.000,0.000,0.065,0.065,0.066,0.000,0.000,0.000,0.092,0.093,0.089,0.000,0.000,0.000,0.047,0.049,0.051,0.000,0.000,0.000,0.000,0.000,0.000,0.000,0.000,0.000,0.000,0.000,0.000,0.000,0.000,0.000,0.000,0.000,0.000,0.000,0.000,0.000,0.000,0.000,0.000,0.000,0.000,0.000,0.000,0.000,0.000,0.000,0.000,0.000,0.000,0.000,0.000,0.000,0.000,0.000,0.000,0.000,0.000,0.000,0.000,0.000,0.000,0.000,0.000,0.000,0.000,0.000,0.000,0.000,0.000,0.000,0.000,0.000,0.000,0.000,0.000
2025-07-06 22:50:52,234.116,234.071,234.060,0.000,0.000,0.000,2.042,2.040,2.035,0.149,0.159,0.158,0.069,0.071,0.073,0.970,0.970,0.964,0.035,0.028,0.033,1.129,1.129,1.126,0.000,0.008,0.005,1.270,1.265,1.265,0.000,0.000,0.000,0.270,0.272,0.271,0.000,0.000,0.000,0.112,0.115,0.113,0.014,0.000,0.000,0.343,0.341,0.341,0.000,0.000,0.000,0.029,0.014,0.014,0.000,0.000,0.000,0.216,0.219,0.221,0.000,0.000,0.000,0.162,0.161,0.161,0.028,0.025,0.015,0.063,0.064,0.062,0.060,0.064,0.063,0.103,0.104,0.104,0.062,0.061,0.063,0.067,0.065,0.067,0.066,0.065,0.066,0.041,0.038,0.022,0.093,0.094,0.095,0.014,0.000,0.008,0.051,0.053,0.050,0.045,0.047,0.045,0.000,0.000,0.000,0.069,0.071,0.066,0.000,0.000,0.000,0.051,0.048,0.048,0.000,0.000,0.000,0.000,0.000,0.000,0.000,0.000,0.000,0.000,0.000,0.000,0.000,0.000,0.000,0.050,0.045,0.050,0.000,0.000,0.000,0.000,0.000,0.000,0.000,0.000,0.000,0.000,0.000,0.000,0.000,0.000,0.000,0.000,0.000,0.000,0.000,0.000,0.000,0.000,0.000,0.000,0.000,0.000,0.000,0.000,0.000,0.000,0.000,0.000,0.000,0.028,0.043,0.045,0.000,0.024,0.013,0.000,0.000,0.000,0.000,0.000,0.000,0.000,0.000,0.000,0.000,0.000,0.000,0.000,0.000,0.000,0.000,0.000,0.000,0.000,0.000,0.000,0.000,0.000,0.000,0.000,0.000,0.000,0.000,0.000,0.000,0.000,0.000,0.000,0.000,0.000,0.000,0.000,0.000,0.000,0.000,0.000,0.000,0.000,0.000,0.000,0.000,0.000,0.000,0.002,0.015,0.014,0.000,0.000,0.000,0.054,0.060,0.059,0.000,0.000,0.000,0.056,0.057,0.059,0.000,0.000,0.000,0.064,0.065,0.064,0.000,0.000,0.000,0.090,0.089,0.090,0.000,0.000,0.000,0.052,0.052,0.051,0.000,0.000,0.000,0.000,0.000,0.000,0.000,0.000,0.000,0.000,0.000,0.000,0.000,0.000,0.000,0.000,0.000,0.000,0.000,0.000,0.000,0.000,0.000,0.000,0.000,0.000,0.000,0.000,0.000,0.000,0.000,0.000,0.000,0.000,0.000,0.000,0.000,0.000,0.000,0.000,0.000,0.000,0.000,0.000,0.000,0.000,0.000,0.000,0.000,0.000,0.000,0.000,0.000,0.000,0.000,0.000,0.000,0.000,0.000,0.000
2025-07-06 22:50:55,234.087,234.043,234.032,0.000,0.000,0.000,2.054,2.048,2.041,0.153,0.154,0.158,0.062,0.050,0.053,0.984,0.982,0.972,0.021,0.013,0.008,1.132,1.125,1.125,0.015,0.020,0.013,1.276,1.271,1.266,0.000,0.000,0.000,0.275,0.274,0.275,0.000,0.000,0.000,0.104,0.107,0.110,0.000,0.000,0.000,0.343,0.353,0.349,0.000,0.000,0.000,0.030,0.048,0.044,0.000,0.000,0.000,0.216,0.224,0.219,0.013,0.000,0.000,0.165,0.163,0.168,0.019,0.019,0.016,0.061,0.052,0.057,0.061,0.064,0.062,0.100,0.098,0.104,0.061,0.061,0.061,0.067,0.063,0.061,0.065,0.067,0.069,0.045,0.046,0.034,0.096,0.094,0.095,0.029,0.013,0.014,0.051,0.051,0.052,0.049,0.051,0.050,0.000,0.000,0.000,0.063,0.067,0.066,0.000,0.000,0.000,0.047,0.048,0.046,0.000,0.000,0.000,0.000,0.000,0.000,0.000,0.000,0.000,0.000,0.000,0.000,0.000,0.000,0.000,0.048,0.050,0.049,0.000,0.000,0.000,0.000,0.000,0.000,0.000,0.000,0.000,0.000,0.000,0.000,0.000,0.000,0.000,0.000,0.000,0.000,0.000,0.000,0.000,0.000,0.000,0.000,0.000,0.000,0.000,0.000,0.000,0.000,0.000,0.000,0.000,0.003,0.019,0.018,0.010,0.002,0.000,0.000,0.000,0.000,0.000,0.000,0.000,0.000,0.000,0.000,0.000,0.000,0.000,0.000,0.000,0.000,0.000,0.000,0.000,0.000,0.000,0.000,0.000,0.000,0.000,0.000,0.000,0.000,0.000,0.000,0.000,0.000,0.000,0.000,0.000,0.000,0.000,0.000,0.000,0.000,0.000,0.000,0.000,0.000,0.000,0.000,0.000,0.000,0.000,0.013,0.013,0.029,0.000,0.000,0.000,0.059,0.059,0.058,0.000,0.000,0.000,0.058,0.058,0.056,0.000,0.000,0.000,0.064,0.066,0.069,0.000,0.000,0.000,0.093,0.091,0.092,0.000,0.000,0.000,0.051,0.050,0.053,0.000,0.000,0.000,0.000,0.000,0.000,0.000,0.000,0.000,0.000,0.000,0.000,0.000,0.000,0.000,0.000,0.000,0.000,0.000,0.000,0.000,0.000,0.000,0.000,0.000,0.000,0.000,0.000,0.000,0.000,0.000,0.000,0.000,0.000,0.000,0.000,0.000,0.000,0.000,0.000,0.000,0.000,0.000,0.000,0.000,0.000,0.000,0.000,0.000,0.000,0.000,0.000,0.000,0.000,0.000,0.000,0.000,0.000,0.000,0.000
2025-07-06 22:50:58,234.138,234.094,234.083,0.000,0.000,0.000,2.046,2.037,2.044,0.150,0.157,0.153,0.045,0.041,0.035,0.978,0.971,0.976,0.037,0.026,0.025,1.123,1.120,1.126,0.000,0.000,0.013,1.273,1.264,1.268,0.000,0.000,0.000,0.280,0.278,0.276,0.000,0.000,0.000,0.106,0.107,0.104,0.000,0.000,0.000,0.347,0.351,0.347,0.000,0.000,0.000,0.046,0.052,0.048,0.000,0.009,0.000,0.221,0.220,0.221,0.000,0.008,0.000,0.162,0.162,0.160,0.014,0.037,0.029,0.064,0.062,0.064,0.060,0.065,0.061,0.105,0.101,0.103,0.060,0.062,0.061,0.070,0.070,0.071,0.064,0.065,0.066,0.043,0.036,0.038,0.093,0.097,0.096,0.015,0.014,0.019,0.052,0.051,0.053,0.044,0.046,0.044,0.000,0.000,0.000,0.070,0.070,0.068,0.000,0.000,0.000,0.050,0.049,0.048,0.000,0.000,0.000,0.000,0.000,0.000,0.000,0.000,0.000,0.000,0.000,0.000,0.000,0.000,0.000,0.050,0.047,0.049,0.000,0.000,0.000,0.000,0.000,0.000,0.000,0.000,0.000,0.000,0.000,0.000,0.000,0.000,0.000,0.000,0.000,0.000,0.000,0.000,0.000,0.000,0.000,0.000,0.000,0.000,0.000,0.000,0.000,0.000,0.000,0.000,0.000,0.038,0.013,0.028,0.002,0.000,0.000,0.000,0.000,0.000,0.000,0.000,0.000,0.000,0.000,0.000,0.000,0.000,0.000,0.000,0.000,0.000,0.000,0.000,0.000,0.000,0.000,0.000,0.000,0.000,0.000,0.000,0.000,0.000,0.000,0.000,0.000,0.000,0.000,0.000,0.000,0.000,0.000,0.000,0.000,0.000,0.000,0.000,0.000,0.000,0.000,0.000,0.000,0.000,0.000,0.000,0.040,0.003,0.000,0.000,0.000,0.054,0.059,0.056,0.000,0.000,0.000,0.056,0.058,0.058,0.000,0.000,0.000,0.064,0.064,0.066,0.000,0.000,0.000,0.089,0.093,0.092,0.000,0.000,0.000,0.052,0.051,0.053,0.000,0.000,0.000,0.000,0.000,0.000,0.000,0.000,0.000,0.000,0.000,0.000,0.000,0.000,0.000,0.000,0.000,0.000,0.000,0.000,0.000,0.000,0.000,0.000,0.000,0.000,0.000,0.000,0.000,0.000,0.000,0.000,0.000,0.000,0.000,0.000,0.000,0.000,0.000,0.000,0.000,0.000,0.000,0.000,0.000,0.000,0.000,0.000,0.000,0.000,0.000,0.000,0.000,0.000,0.000,0.000,0.000,0.000,0.000,0.000
2025-07-06 22:51:01,234.215,234.171,234.160,0.000,0.000,0.000,2.043,2.035,2.038,0.157,0.155,0.154,0.048,0.060,0.027,0.978,0.968,0.973,0.000,0.016,0.028,1.132,1.129,1.128,0.000,0.015,0.009,1.259,1.258,1.259,0.000,0.000,0.000,0.282,0.280,0.276,0.000,0.000,0.000,0.107,0.114,0.111,0.000,0.000,0.000,0.346,0.341,0.347,0.000,0.000,0.000,0.046,0.046,0.047,0.000,0.006,0.000,0.219,0.219,0.217,0.000,0.005,0.014,0.161,0.162,0.163,0.023,0.035,0.030,0.061,0.057,0.060,0.062,0.061,0.062,0.100,0.097,0.099,0.060,0.062,0.061,0.067,0.067,0.064,0.069,0.067,0.065,0.032,0.037,0.034,0.094,0.097,0.094,0.019,0.014,0.013,0.053,0.050,0.052,0.047,0.043,0.044,0.000,0.000,0.000,0.066,0.067,0.064,0.000,0.000,0.000,0.049,0.049,0.047,0.000,0.000,0.000,0.000,0.000,0.000,0.000,0.000,0.000,0.013,0.000,0.000,0.000,0.000,0.000,0.050,0.051,0.050,0.000,0.000,0.000,0.000,0.000,0.000,0.000,0.000,0.000,0.000,0.000,0.000,0.000,0.000,0.000,0.000,0.000,0.000,0.000,0.000,0.000,0.000,0.000,0.000,0.000,0.000,0.000,0.000,0.000,0.000,0.000,0.000,0.000,0.027,0.000,0.015,0.000,0.000,0.000,0.000,0.000,0.000,0.000,0.000,0.000,0.000,0.000,0.000,0.000,0.000,0.000,0.000,0.000,0.000,0.000,0.000,0.000,0.000,0.000,0.000,0.000,0.000,0.000,0.000,0.000,0.000,0.000,0.000,0.000,0.000,0.000,0.000,0.000,0.000,0.000,0.000,0.000,0.000,0.000,0.000,0.000,0.000,0.000,0.000,0.000,0.000,0.000,0.026,0.032,0.026,0.000,0.000,0.000,0.060,0.058,0.058,0.000,0.000,0.000,0.058,0.060,0.059,0.000,0.000,0.000,0.068,0.066,0.064,0.000,0.000,0.000,0.090,0.093,0.091,0.000,0.000,0.000,0.052,0.050,0.051,0.000,0.000,0.000,0.000,0.000,0.000,0.000,0.000,0.000,0.000,0.000,0.000,0.000,0.000,0.000,0.000,0.000,0.000,0.000,0.000,0.000,0.000,0.000,0.000,0.000,0.000,0.000,0.000,0.000,0.000,0.000,0.000,0.000,0.000,0.000,0.000,0.000,0.000,0.000,0.000,0.000,0.000,0.000,0.000,0.000,0.000,0.000,0.000,0.000,0.000,0.000,0.000,0.000,0.000,0.000,0.000,0.000,0.000,0.000,0.000
2025-07-06 22:51:04,234.260,234.216,234.205,0.000,0.000,0.000,2.048,2.043,2.043,0.160,0.155,0.155,0.060,0.060,0.053,0.970,0.963,0.964,0.021,0.045,0.032,1.149,1.146,1.147,0.021,0.013,0.014,1.258,1.258,1.255,0.000,0.000,0.000,0.273,0.274,0.281,0.000,0.000,0.000,0.112,0.112,0.108,0.000,0.000,0.000,0.349,0.347,0.347,0.000,0.000,0.000,0.015,0.029,0.049,0.000,0.000,0.000,0.224,0.220,0.218,0.000,0.000,0.000,0.159,0.165,0.166,0.044,0.030,0.028,0.057,0.060,0.051,0.067,0.064,0.060,0.097,0.104,0.097,0.066,0.061,0.062,0.070,0.066,0.070,0.068,0.067,0.067,0.030,0.029,0.037,0.093,0.096,0.094,0.013,0.029,0.016,0.054,0.049,0.053,0.045,0.049,0.049,0.000,0.000,0.000,0.069,0.065,0.065,0.000,0.000,0.000,0.048,0.046,0.049,0.000,0.000,0.000,0.000,0.000,0.000,0.000,0.000,0.000,0.000,0.000,0.000,0.000,0.000,0.000,0.049,0.048,0.052,0.000,0.000,0.000,0.000,0.000,0.000,0.000,0.000,0.000,0.000,0.000,0.000,0.000,0.000,0.000,0.000,0.000,0.000,0.000,0.000,0.000,0.000,0.000,0.000,0.000,0.000,0.000,0.000,0.000,0.000,0.000,0.000,0.000,0.028,0.010,0.011,0.000,0.000,0.000,0.000,0.000,0.000,0.000,0.000,0.000,0.000,0.000,0.000,0.000,0.000,0.000,0.000,0.000,0.000,0.000,0.000,0.000,0.000,0.000,0.000,0.000,0.000,0.000,0.000,0.000,0.000,0.000,0.000,0.000,0.000,0.000,0.000,0.000,0.000,0.000,0.000,0.000,0.000,0.000,0.000,0.000,0.000,0.000,0.000,0.000,0.000,0.000,0.032,0.015,0.030,0.000,0.000,0.000,0.063,0.062,0.056,0.000,0.000,0.000,0.060,0.057,0.059,0.000,0.000,0.000,0.067,0.066,0.066,0.000,0.000,0.000,0.090,0.094,0.091,0.000,0.000,0.000,0.053,0.050,0.054,0.000,0.000,0.000,0.000,0.000,0.000,0.000,0.000,0.000,0.000,0.000,0.000,0.000,0.000,0.000,0.000,0.000,0.000,0.000,0.000,0.000,0.000,0.000,0.000,0.000,0.000,0.000,0.000,0.000,0.000,0.000,0.000,0.000,0.000,0.000,0.000,0.000,0.000,0.000,0.000,0.000,0.000,0.000,0.000,0.000,0.000,0.000,0.000,0.000,0.000,0.000,0.000,0.000,0.000,0.000,0.000,0.000,0.000,0.000,0.000
2025-07-06 22:51:07,234.253,234.209,234.198,0.000,0.000,0.000,2.047,2.050,2.043,0.160,0.154,0.155,0.045,0.050,0.049,0.969,0.968,0.968,0.026,0.028,0.028,1.147,1.145,1.138,0.019,0.016,0.024,1.259,1.266,1.260,0.000,0.000,0.013,0.281,0.272,0.278,0.000,0.000,0.000,0.108,0.107,0.106,0.000,0.000,0.000,0.347,0.349,0.349,0.000,0.000,0.000,0.049,0.024,0.046,0.000,0.000,0.000,0.227,0.222,0.227,0.000,0.000,0.000,0.161,0.169,0.160,0.022,0.031,0.029,0.057,0.059,0.059,0.064,0.063,0.062,0.101,0.100,0.100,0.064,0.063,0.060,0.069,0.069,0.071,0.066,0.064,0.064,0.044,0.027,0.045,0.096,0.094,0.093,0.014,0.031,0.006,0.051,0.052,0.052,0.043,0.048,0.045,0.000,0.000,0.000,0.067,0.067,0.065,0.000,0.000,0.000,0.035,0.051,0.048,0.000,0.000,0.000,0.000,0.000,0.000,0.000,0.000,0.000,0.000,0.000,0.000,0.000,0.000,0.000,0.028,0.048,0.049,0.000,0.000,0.000,0.000,0.000,0.000,0.000,0.000,0.000,0.000,0.000,0.000,0.000,0.000,0.000,0.000,0.000,0.000,0.000,0.000,0.000,0.000,0.000,0.000,0.000,0.000,0.000,0.000,0.000,0.000,0.000,0.000,0.000,0.016,0.002,0.032,0.000,0.000,0.000,0.000,0.000,0.000,0.000,0.000,0.000,0.000,0.000,0.000,0.000,0.000,0.000,0.000,0.000,0.000,0.000,0.000,0.000,0.000,0.000,0.000,0.000,0.000,0.000,0.000,0.000,0.000,0.000,0.000,0.000,0.000,0.000,0.000,0.000,0.000,0.000,0.000,0.000,0.000,0.000,0.000,0.000,0.016,0.000,0.000,0.000,0.000,0.000,0.043,0.030,0.028,0.000,0.000,0.000,0.059,0.060,0.058,0.000,0.000,0.000,0.059,0.058,0.055,0.000,0.000,0.000,0.065,0.065,0.064,0.000,0.000,0.000,0.091,0.092,0.090,0.000,0.000,0.000,0.051,0.052,0.051,0.000,0.000,0.000,0.000,0.000,0.000,0.000,0.000,0.000,0.000,0.000,0.000,0.000,0.000,0.000,0.000,0.000,0.000,0.000,0.000,0.000,0.000,0.000,0.000,0.000,0.000,0.000,0.000,0.000,0.000,0.000,0.000,0.000,0.000,0.000,0.000,0.000,0.000,0.000,0.000,0.000,0.000,0.000,0.000,0.000,0.000,0.000,0.000,0.000,0.000,0.000,0.000,0.000,0.000,0.000,0.000,0.000,0.000,0.000,0.000
2025-07-06 22:51:10,234.368,234.324,234.313,0.000,0.000,0.000,2.976,2.990,2.458,4.665,4.595,3.390,1.384,1.291,0.952,1.313,1.263,1.040,0.565,0.536,0.379,1.230,1.262,1.166,0.286,0.300,0.243,1.297,1.315,1.283,0.279,0.235,0.178,0.362,0.364,0.314,0.208,0.181,0.127,0.228,0.231,0.162,0.169,0.154,0.123,0.382,0.368,0.362,0.127,0.129,0.097,0.147,0.130,0.091,0.116,0.120,0.085,0.258,0.249,0.232,0.113,0.094,0.093,0.197,0.205,0.180,0.105,0.102,0.078,0.128,0.116,0.084,0.123,0.122,0.100,0.157,0.151,0.117,0.109,0.129,0.098,0.112,0.108,0.087,0.116,0.112,0.085,0.094,0.094,0.072,0.127,0.134,0.107,0.077,0.074,0.061,0.096,0.090,0.074,0.090,0.087,0.063,0.068,0.066,0.044,0.099,0.101,0.075,0.063,0.062,0.053,0.088,0.088,0.071,0.063,0.053,0.042,0.063,0.061,0.042,0.060,0.057,0.037,0.066,0.059,0.056,0.059,0.056,0.039,0.089,0.086,0.073,0.057,0.056,0.047,0.057,0.053,0.037,0.059,0.055,0.036,0.060,0.054,0.036,0.060,0.049,0.034,0.059,0.045,0.036,0.067,0.048,0.037,0.061,0.044,0.049,0.061,0.058,0.042,0.054,0.046,0.047,0.410,0.382,0.323,4.343,4.296,3.149,0.866,0.830,0.607,0.676,0.676,0.477,0.571,0.522,0.350,0.334,0.355,0.309,0.368,0.364,0.317,0.467,0.434,0.327,0.250,0.231,0.173,0.240,0.190,0.148,0.194,0.180,0.118,0.161,0.178,0.138,0.210,0.169,0.163,0.182,0.172,0.157,0.124,0.132,0.094,0.119,0.112,0.098,0.142,0.138,0.088,0.157,0.141,0.152,0.156,0.093,0.108,0.114,0.140,0.117,0.097,0.086,0.073,0.133,0.115,0.098,0.099,0.106,0.079,0.130,0.128,0.112,0.073,0.106,0.063,0.122,0.109,0.089,0.079,0.072,0.059,0.131,0.133,0.113,0.079,0.075,0.046,0.085,0.091,0.079,0.076,0.074,0.039,0.063,0.062,0.063,0.074,0.075,0.046,0.065,0.068,0.067,0.066,0.064,0.052,0.065,0.051,0.067,0.063,0.053,0.052,0.058,0.060,0.039,0.060,0.062,0.047,0.062,0.047,0.047,0.059,0.063,0.052,0.064,0.052,0.062,0.058,0.057,0.049,0.055,0.044,0.034,0.060,0.060,0.045,0.058,0.043,0.032,0.058,0.059,0.034,0.061,0.044,0.034,0.065,0.045,0.053,0.054,0.046,0.038
2025-07-06 22:51:13,234.474,234.430,234.418,0.000,0.000,0.000,2.734,2.899,3.130,3.657,7.309,6.728,0.880,1.284,1.310,1.075,1.191,1.327,0.355,0.346,0.408,1.233,1.153,1.255,0.292,0.198,0.290,1.310,1.290,1.373,0.177,0.157,0.185,0.350,0.326,0.372,0.149,0.108,0.147,0.219,0.167,0.208,0.137,0.104,0.132,0.433,0.370,0.414,0.149,0.082,0.109,0.169,0.090,0.107,0.162,0.058,0.092,0.326,0.253,0.265,0.136,0.052,0.073,0.257,0.181,0.187,0.157,0.075,0.099,0.189,0.089,0.115,0.179,0.089,0.107,0.204,0.118,0.138,0.161,0.091,0.114,0.153,0.093,0.113,0.146,0.089,0.107,0.103,0.069,0.085,0.141,0.115,0.129,0.081,0.035,0.052,0.086,0.073,0.089,0.073,0.068,0.081,0.038,0.028,0.043,0.089,0.077,0.095,0.033,0.033,0.051,0.083,0.067,0.086,0.034,0.025,0.042,0.055,0.030,0.041,0.043,0.029,0.041,0.043,0.028,0.044,0.047,0.030,0.038,0.090,0.065,0.076,0.049,0.028,0.046,0.053,0.027,0.040,0.050,0.029,0.038,0.050,0.026,0.039,0.050,0.021,0.038,0.044,0.022,0.039,0.042,0.022,0.038,0.055,0.021,0.044,0.041,0.034,0.041,0.058,0.021,0.046,0.271,1.117,0.874,3.331,7.078,6.451,0.663,0.894,1.035,0.511,0.434,0.529,0.358,0.345,0.417,0.412,0.358,0.526,0.373,0.210,0.339,0.292,0.419,0.478,0.193,0.151,0.216,0.202,0.143,0.202,0.176,0.116,0.156,0.171,0.099,0.178,0.174,0.122,0.155,0.233,0.146,0.194,0.186,0.088,0.117,0.186,0.070,0.114,0.216,0.086,0.130,0.196,0.112,0.101,0.204,0.061,0.096,0.213,0.108,0.114,0.172,0.065,0.084,0.221,0.089,0.125,0.169,0.052,0.074,0.201,0.095,0.130,0.137,0.064,0.077,0.169,0.099,0.115,0.107,0.040,0.068,0.155,0.107,0.133,0.079,0.050,0.068,0.101,0.071,0.098,0.057,0.041,0.059,0.060,0.038,0.062,0.048,0.034,0.061,0.064,0.037,0.058,0.044,0.037,0.062,0.065,0.034,0.061,0.046,0.030,0.057,0.056,0.035,0.053,0.056,0.031,0.054,0.058,0.032,0.051,0.064,0.034,0.052,0.080,0.030,0.054,0.067,0.031,0.056,0.069,0.031,0.049,0.066,0.032,0.053,0.066,0.025,0.052,0.060,0.032,0.049,0.055,0.030,0.051,0.052,0.027,0.052,0.053,0.030,0.049
2025-07-06 22:51:16,234.378,234.335,234.323,0.000,0.000,0.000,3.980,3.126,3.023,8.423,7.228,4.847,2.455,1.918,1.471,1.575,1.224,1.230,0.728,0.440,0.403,1.289,1.163,1.212,0.554,0.232,0.224,1.316,1.290,1.346,0.426,0.178,0.223,0.475,0.307,0.363,0.318,0.098,0.174,0.331,0.147,0.203,0.279,0.091,0.134,0.467,0.347,0.390,0.260,0.084,0.130,0.260,0.088,0.122,0.253,0.078,0.099,0.333,0.239,0.249,0.235,0.058,0.092,0.278,0.173,0.182,0.209,0.054,0.103,0.222,0.085,0.121,0.224,0.086,0.116,0.240,0.114,0.128,0.196,0.080,0.106,0.182,0.084,0.111,0.173,0.085,0.110,0.163,0.066,0.090,0.177,0.103,0.122,0.127,0.034,0.067,0.134,0.068,0.084,0.128,0.048,0.083,0.109,0.027,0.053,0.117,0.071,0.096,0.100,0.032,0.055,0.124,0.063,0.084,0.100,0.017,0.049,0.101,0.031,0.047,0.104,0.015,0.049,0.107,0.030,0.048,0.110,0.016,0.047,0.120,0.061,0.081,0.103,0.015,0.048,0.111,0.014,0.047,0.104,0.016,0.047,0.109,0.014,0.050,0.109,0.028,0.051,0.102,0.014,0.049,0.101,0.015,0.045,0.099,0.014,0.047,0.111,0.051,0.053,0.110,0.014,0.050,1.341,1.342,0.744,7.935,6.913,4.625,1.521,0.992,0.719,0.724,0.366,0.301,0.628,0.530,0.346,0.656,0.280,0.301,0.691,0.599,0.340,0.597,0.393,0.408,0.372,0.202,0.142,0.327,0.111,0.186,0.265,0.120,0.118,0.246,0.068,0.115,0.294,0.214,0.170,0.307,0.134,0.176,0.205,0.061,0.096,0.216,0.057,0.074,0.237,0.150,0.139,0.248,0.115,0.115,0.202,0.105,0.107,0.219,0.094,0.105,0.145,0.054,0.076,0.193,0.084,0.103,0.167,0.080,0.072,0.194,0.087,0.096,0.125,0.057,0.066,0.165,0.086,0.101,0.119,0.028,0.049,0.174,0.101,0.115,0.108,0.027,0.043,0.118,0.059,0.077,0.102,0.037,0.046,0.113,0.040,0.051,0.072,0.046,0.055,0.109,0.041,0.066,0.094,0.044,0.040,0.104,0.021,0.051,0.086,0.022,0.033,0.088,0.008,0.034,0.090,0.021,0.035,0.091,0.018,0.034,0.087,0.042,0.041,0.104,0.018,0.046,0.088,0.007,0.034,0.091,0.007,0.033,0.086,0.007,0.035,0.092,0.006,0.049,0.087,0.021,0.035,0.084,0.007,0.034,0.080,0.006,0.032,0.088,0.007,0.034
2025-07-06 22:51:19,234.561,234.516,234.506,0.000,0.000,0.000,2.070,2.072,2.057,1.321,0.902,1.000,0.318,0.258,0.255,0.975,0.977,0.981,0.099,0.060,0.079,1.109,1.115,1.117,0.036,0.015,0.025,1.264,1.260,1.264,0.029,0.015,0.028,0.280,0.278,0.273,0.000,0.010,0.010,0.105,0.109,0.103,0.020,0.008,0.006,0.342,0.346,0.337,0.019,0.009,0.008,0.046,0.049,0.033,0.016,0.009,0.000,0.216,0.224,0.212,0.018,0.006,0.006,0.163,0.158,0.164,0.006,0.030,0.031,0.062,0.062,0.064,0.059,0.063,0.062,0.108,0.103,0.105,0.059,0.061,0.059,0.061,0.068,0.064,0.068,0.070,0.065,0.029,0.045,0.033,0.096,0.095,0.095,0.000,0.000,0.005,0.049,0.054,0.052,0.043,0.046,0.048,0.000,0.000,0.000,0.063,0.061,0.064,0.000,0.000,0.000,0.050,0.048,0.049,0.000,0.000,0.000,0.000,0.000,0.000,0.000,0.000,0.000,0.000,0.000,0.000,0.000,0.000,0.000,0.047,0.050,0.047,0.000,0.000,0.000,0.000,0.000,0.000,0.000,0.000,0.000,0.000,0.000,0.000,0.000,0.000,0.000,0.000,0.000,0.000,0.000,0.000,0.000,0.000,0.000,0.000,0.000,0.000,0.000,0.000,0.000,0.000,0.243,0.153,0.187,1.244,0.841,0.935,0.181,0.111,0.130,0.057,0.034,0.052,0.122,0.057,0.080,0.045,0.029,0.027,0.123,0.070,0.079,0.117,0.059,0.084,0.027,0.005,0.004,0.027,0.025,0.022,0.000,0.004,0.003,0.019,0.005,0.003,0.045,0.028,0.039,0.035,0.035,0.030,0.000,0.003,0.003,0.017,0.005,0.000,0.041,0.024,0.038,0.040,0.030,0.027,0.028,0.020,0.002,0.052,0.041,0.052,0.000,0.000,0.003,0.059,0.059,0.061,0.021,0.021,0.000,0.067,0.061,0.068,0.000,0.000,0.002,0.069,0.072,0.064,0.000,0.000,0.000,0.096,0.094,0.094,0.000,0.000,0.000,0.049,0.052,0.050,0.000,0.002,0.000,0.003,0.003,0.003,0.018,0.000,0.003,0.004,0.004,0.016,0.013,0.000,0.000,0.003,0.003,0.003,0.000,0.000,0.000,0.000,0.000,0.000,0.000,0.000,0.000,0.000,0.002,0.000,0.014,0.000,0.000,0.003,0.002,0.003,0.000,0.000,0.000,0.000,0.000,0.000,0.000,0.000,0.000,0.000,0.000,0.002,0.000,0.000,0.000,0.000,0.000,0.000,0.000,0.000,0.000,0.000,0.000,0.000
2025-07-06 22:51:22,234.688,234.645,234.634,0.000,0.000,0.000,2.016,2.012,2.013,0.234,0.231,0.228,0.065,0.068,0.056,0.953,0.954,0.956,0.020,0.025,0.046,1.113,1.107,1.112,0.014,0.014,0.000,1.252,1.253,1.249,0.000,0.010,0.000,0.277,0.276,0.272,0.000,0.000,0.000,0.105,0.107,0.107,0.000,0.000,0.000,0.344,0.339,0.340,0.000,0.000,0.000,0.048,0.032,0.049,0.000,0.000,0.000,0.225,0.218,0.218,0.000,0.000,0.000,0.160,0.164,0.162,0.025,0.042,0.032,0.056,0.058,0.060,0.062,0.060,0.061,0.105,0.101,0.105,0.060,0.062,0.063,0.064,0.064,0.063,0.066,0.066,0.062,0.045,0.048,0.031,0.096,0.095,0.092,0.000,0.000,0.014,0.051,0.053,0.049,0.031,0.044,0.046,0.000,0.000,0.000,0.068,0.066,0.067,0.000,0.000,0.000,0.047,0.046,0.048,0.000,0.000,0.000,0.000,0.000,0.000,0.000,0.000,0.000,0.000,0.000,0.000,0.000,0.000,0.000,0.049,0.046,0.046,0.000,0.000,0.000,0.000,0.000,0.000,0.000,0.000,0.000,0.000,0.000,0.000,0.000,0.000,0.000,0.000,0.000,0.000,0.000,0.000,0.000,0.000,0.000,0.000,0.000,0.000,0.000,0.000,0.000,0.000,0.024,0.016,0.019,0.151,0.155,0.152,0.007,0.019,0.016,0.003,0.000,0.000,0.003,0.000,0.000,0.002,0.000,0.000,0.004,0.000,0.000,0.004,0.000,0.000,0.000,0.000,0.000,0.000,0.000,0.000,0.000,0.000,0.000,0.000,0.000,0.000,0.000,0.000,0.000,0.000,0.000,0.000,0.000,0.000,0.000,0.000,0.000,0.000,0.000,0.000,0.000,0.003,0.000,0.000,0.000,0.000,0.000,0.032,0.026,0.028,0.000,0.000,0.000,0.058,0.055,0.057,0.000,0.000,0.000,0.061,0.060,0.060,0.000,0.000,0.000,0.064,0.066,0.062,0.000,0.000,0.000,0.095,0.094,0.091,0.000,0.000,0.000,0.049,0.050,0.047,0.000,0.000,0.000,0.000,0.000,0.000,0.000,0.000,0.000,0.000,0.000,0.000,0.000,0.000,0.000,0.000,0.000,0.000,0.000,0.000,0.000,0.000,0.000,0.000,0.000,0.000,0.000,0.000,0.000,0.000,0.000,0.000,0.000,0.000,0.000,0.000,0.000,0.000,0.000,0.000,0.000,0.000,0.000,0.000,0.000,0.000,0.000,0.000,0.000,0.000,0.000,0.000,0.000,0.000,0.000,0.000,0.000,0.000,0.000,0.000
2025-07-06 22:51:25,234.616,234.573,234.562,0.000,0.000,0.000,2.031,2.022,2.021,0.162,0.158,0.156,0.061,0.060,0.070,0.966,0.955,0.962,0.019,0.025,0.013,1.118,1.114,1.113,0.008,0.000,0.024,1.265,1.263,1.257,0.000,0.002,0.000,0.274,0.274,0.274,0.000,0.000,0.000,0.099,0.099,0.108,0.000,0.000,0.000,0.339,0.336,0.337,0.000,0.000,0.000,0.046,0.035,0.042,0.000,0.010,0.000,0.226,0.218,0.217,0.008,0.000,0.010,0.163,0.173,0.162,0.033,0.022,0.012,0.055,0.054,0.062,0.063,0.061,0.059,0.099,0.102,0.101,0.065,0.060,0.063,0.067,0.059,0.061,0.064,0.065,0.063,0.044,0.046,0.027,0.095,0.095,0.095,0.000,0.000,0.000,0.051,0.051,0.050,0.045,0.045,0.043,0.000,0.000,0.000,0.066,0.067,0.066,0.000,0.000,0.000,0.051,0.049,0.048,0.000,0.000,0.000,0.000,0.000,0.000,0.000,0.000,0.000,0.000,0.000,0.000,0.000,0.000,0.000,0.051,0.047,0.024,0.000,0.000,0.000,0.000,0.000,0.000,0.000,0.000,0.000,0.000,0.000,0.000,0.000,0.000,0.000,0.000,0.000,0.000,0.000,0.000,0.000,0.000,0.000,0.000,0.000,0.000,0.000,0.000,0.000,0.000,0.000,0.000,0.000,0.054,0.037,0.042,0.000,0.000,0.000,0.000,0.000,0.000,0.000,0.000,0.000,0.000,0.000,0.000,0.000,0.000,0.000,0.000,0.000,0.000,0.000,0.000,0.000,0.000,0.000,0.000,0.000,0.000,0.000,0.000,0.000,0.000,0.000,0.000,0.000,0.000,0.000,0.000,0.000,0.000,0.000,0.000,0.000,0.000,0.000,0.000,0.000,0.000,0.000,0.000,0.000,0.000,0.000,0.018,0.030,0.002,0.000,0.000,0.000,0.059,0.057,0.056,0.000,0.000,0.000,0.061,0.059,0.060,0.000,0.000,0.000,0.063,0.062,0.063,0.000,0.000,0.000,0.094,0.093,0.093,0.000,0.000,0.000,0.050,0.047,0.047,0.000,0.000,0.000,0.000,0.000,0.000,0.000,0.000,0.000,0.000,0.000,0.000,0.000,0.000,0.000,0.000,0.000,0.000,0.000,0.000,0.000,0.000,0.000,0.000,0.000,0.000,0.000,0.000,0.000,0.000,0.000,0.000,0.000,0.000,0.000,0.000,0.000,0.000,0.000,0.000,0.000,0.000,0.000,0.000,0.000,0.000,0.000,0.000,0.000,0.000,0.000,0.000,0.000,0.000,0.000,0.000,0.000,0.000,0.000,0.000
2025-07-06 22:51:28,234.596,234.552,234.541,0.000,0.000,0.000,2.026,2.023,2.027,0.157,0.159,0.151,0.058,0.054,0.037,0.963,0.959,0.964,0.017,0.033,0.033,1.115,1.110,1.112,0.000,0.010,0.010,1.264,1.266,1.267,0.000,0.000,0.000,0.275,0.273,0.272,0.000,0.000,0.000,0.099,0.099,0.100,0.000,0.000,0.000,0.335,0.338,0.335,0.000,0.000,0.000,0.019,0.025,0.044,0.000,0.018,0.000,0.219,0.214,0.219,0.000,0.000,0.019,0.165,0.170,0.168,0.042,0.031,0.045,0.054,0.054,0.045,0.060,0.065,0.061,0.098,0.098,0.095,0.063,0.062,0.062,0.066,0.061,0.063,0.064,0.068,0.065,0.055,0.041,0.049,0.092,0.098,0.091,0.000,0.000,0.000,0.053,0.050,0.052,0.033,0.031,0.044,0.000,0.000,0.000,0.066,0.065,0.065,0.000,0.000,0.000,0.047,0.047,0.047,0.000,0.000,0.000,0.000,0.000,0.000,0.000,0.000,0.000,0.000,0.000,0.000,0.000,0.000,0.000,0.050,0.047,0.050,0.000,0.000,0.000,0.000,0.000,0.000,0.000,0.000,0.000,0.000,0.000,0.000,0.000,0.000,0.000,0.000,0.000,0.000,0.000,0.000,0.000,0.000,0.000,0.000,0.000,0.000,0.000,0.000,0.000,0.000,0.000,0.000,0.000,0.030,0.011,0.026,0.000,0.011,0.000,0.000,0.000,0.000,0.000,0.000,0.000,0.000,0.000,0.000,0.000,0.000,0.000,0.000,0.000,0.000,0.000,0.000,0.000,0.000,0.000,0.000,0.000,0.000,0.000,0.000,0.000,0.000,0.000,0.000,0.000,0.000,0.000,0.000,0.000,0.000,0.000,0.000,0.000,0.000,0.000,0.000,0.000,0.000,0.000,0.000,0.000,0.000,0.000,0.025,0.031,0.011,0.000,0.000,0.000,0.057,0.060,0.058,0.000,0.000,0.000,0.062,0.060,0.057,0.000,0.000,0.000,0.062,0.065,0.065,0.000,0.000,0.000,0.093,0.094,0.090,0.000,0.000,0.000,0.051,0.049,0.051,0.000,0.000,0.000,0.000,0.000,0.000,0.000,0.000,0.000,0.000,0.000,0.000,0.000,0.000,0.000,0.000,0.000,0.000,0.000,0.000,0.000,0.000,0.000,0.000,0.000,0.000,0.000,0.000,0.000,0.000,0.000,0.000,0.000,0.000,0.000,0.000,0.000,0.000,0.000,0.000,0.000,0.000,0.000,0.000,0.000,0.000,0.000,0.000,0.000,0.000,0.000,0.000,0.000,0.000,0.000,0.000,0.000,0.000,0.000,0.000
2025-07-06 22:51:31,234.656,234.613,234.601,0.000,0.000,0.000,2.021,2.025,2.016,0.159,0.156,0.157,0.078,0.070,0.069,0.957,0.961,0.953,0.022,0.032,0.038,1.115,1.118,1.110,0.000,0.000,0.000,1.260,1.262,1.260,0.012,0.000,0.014,0.272,0.271,0.273,0.000,0.000,0.000,0.104,0.106,0.102,0.000,0.000,0.000,0.336,0.336,0.338,0.000,0.000,0.000,0.042,0.046,0.046,0.000,0.000,0.000,0.215,0.221,0.216,0.013,0.000,0.000,0.161,0.155,0.159,0.031,0.027,0.041,0.062,0.061,0.064,0.064,0.061,0.057,0.100,0.100,0.102,0.063,0.059,0.060,0.060,0.061,0.062,0.062,0.065,0.066,0.038,0.047,0.041,0.095,0.092,0.096,0.000,0.000,0.013,0.051,0.052,0.048,0.030,0.038,0.019,0.000,0.000,0.000,0.064,0.063,0.066,0.000,0.000,0.000,0.048,0.049,0.050,0.000,0.000,0.000,0.000,0.000,0.000,0.000,0.000,0.000,0.000,0.000,0.013,0.000,0.000,0.000,0.045,0.047,0.048,0.000,0.000,0.000,0.000,0.000,0.000,0.000,0.000,0.000,0.000,0.000,0.000,0.000,0.000,0.000,0.000,0.000,0.000,0.000,0.000,0.000,0.000,0.000,0.000,0.000,0.000,0.000,0.000,0.000,0.000,0.000,0.000,0.000,0.044,0.041,0.033,0.000,0.002,0.000,0.000,0.000,0.000,0.000,0.000,0.000,0.000,0.000,0.000,0.000,0.000,0.000,0.000,0.000,0.000,0.000,0.000,0.000,0.000,0.000,0.000,0.000,0.000,0.000,0.000,0.000,0.000,0.000,0.000,0.000,0.000,0.000,0.000,0.000,0.000,0.000,0.000,0.000,0.000,0.000,0.000,0.000,0.000,0.000,0.000,0.000,0.000,0.000,0.027,0.027,0.027,0.000,0.000,0.000,0.059,0.054,0.053,0.000,0.000,0.000,0.060,0.058,0.060,0.000,0.000,0.000,0.062,0.064,0.065,0.000,0.000,0.000,0.095,0.092,0.095,0.000,0.000,0.000,0.050,0.051,0.045,0.000,0.000,0.000,0.000,0.000,0.000,0.000,0.000,0.000,0.000,0.000,0.000,0.000,0.000,0.000,0.000,0.000,0.000,0.000,0.000,0.000,0.000,0.000,0.000,0.000,0.000,0.000,0.000,0.000,0.000,0.000,0.000,0.000,0.000,0.000,0.000,0.000,0.000,0.000,0.000,0.000,0.000,0.000,0.000,0.000,0.000,0.000,0.000,0.000,0.000,0.000,0.000,0.000,0.000,0.000,0.000,0.000,0.000,0.000,0.000
2025-07-06 22:51:34,234.464,234.419,234.409,0.000,0.000,0.000,2.019,2.020,2.019,0.155,0.150,0.153,0.052,0.048,0.036,0.948,0.954,0.950,0.015,0.018,0.031,1.125,1.122,1.122,0.000,0.000,0.015,1.253,1.255,1.255,0.003,0.000,0.000,0.279,0.275,0.275,0.000,0.000,0.000,0.102,0.101,0.097,0.000,0.000,0.000,0.342,0.339,0.346,0.000,0.000,0.000,0.049,0.043,0.051,0.000,0.000,0.000,0.218,0.221,0.219,0.013,0.000,0.013,0.160,0.158,0.160,0.015,0.000,0.016,0.058,0.057,0.059,0.060,0.057,0.062,0.095,0.102,0.098,0.060,0.058,0.058,0.064,0.073,0.067,0.063,0.065,0.064,0.047,0.034,0.046,0.095,0.097,0.092,0.000,0.000,0.013,0.051,0.049,0.050,0.029,0.031,0.041,0.000,0.000,0.000,0.066,0.068,0.069,0.000,0.000,0.000,0.051,0.049,0.050,0.000,0.000,0.000,0.000,0.000,0.000,0.000,0.000,0.000,0.000,0.000,0.000,0.000,0.000,0.000,0.049,0.048,0.048,0.000,0.000,0.000,0.000,0.000,0.000,0.000,0.000,0.000,0.000,0.000,0.000,0.000,0.000,0.000,0.000,0.000,0.000,0.000,0.000,0.000,0.000,0.000,0.000,0.000,0.000,0.000,0.000,0.000,0.000,0.000,0.000,0.000,0.028,0.029,0.020,0.000,0.000,0.000,0.000,0.000,0.000,0.000,0.000,0.000,0.000,0.000,0.000,0.000,0.000,0.000,0.000,0.000,0.000,0.000,0.000,0.000,0.000,0.000,0.000,0.000,0.000,0.000,0.000,0.000,0.000,0.000,0.000,0.000,0.000,0.000,0.000,0.000,0.000,0.000,0.000,0.000,0.000,0.000,0.000,0.000,0.000,0.000,0.000,0.000,0.000,0.000,0.019,0.000,0.027,0.000,0.000,0.000,0.055,0.053,0.058,0.000,0.000,0.000,0.062,0.059,0.058,0.000,0.000,0.000,0.062,0.061,0.064,0.000,0.000,0.000,0.095,0.094,0.091,0.000,0.000,0.000,0.048,0.047,0.048,0.000,0.000,0.000,0.000,0.000,0.000,0.000,0.000,0.000,0.000,0.000,0.000,0.000,0.000,0.000,0.000,0.000,0.000,0.000,0.000,0.000,0.000,0.000,0.000,0.000,0.000,0.000,0.000,0.000,0.000,0.000,0.000,0.000,0.000,0.000,0.000,0.000,0.000,0.000,0.000,0.000,0.000,0.000,0.000,0.000,0.000,0.000,0.000,0.000,0.000,0.000,0.000,0.000,0.000,0.000,0.000,0.000,0.000,0.000,0.000
2025-07-06 22:51:37,234.475,234.431,234.420,0.000,0.000,0.000,2.039,2.031,2.031,0.157,0.155,0.160,0.046,0.061,0.075,0.971,0.964,0.967,0.034,0.017,0.029,1.134,1.135,1.129,0.011,0.013,0.010,1.259,1.254,1.254,0.000,0.015,0.014,0.273,0.269,0.270,0.000,0.000,0.000,0.101,0.097,0.103,0.000,0.000,0.000,0.346,0.345,0.341,0.000,0.000,0.000,0.031,0.028,0.034,0.000,0.000,0.000,0.227,0.217,0.224,0.000,0.000,0.000,0.161,0.165,0.165,0.026,0.029,0.025,0.059,0.057,0.058,0.062,0.056,0.060,0.093,0.096,0.098,0.065,0.061,0.061,0.066,0.065,0.069,0.063,0.063,0.066,0.049,0.050,0.047,0.095,0.095,0.096,0.000,0.000,0.013,0.051,0.049,0.051,0.046,0.035,0.047,0.000,0.000,0.000,0.064,0.064,0.065,0.000,0.000,0.000,0.048,0.043,0.048,0.000,0.000,0.000,0.000,0.000,0.000,0.000,0.000,0.000,0.000,0.000,0.000,0.000,0.000,0.000,0.049,0.052,0.049,0.000,0.000,0.000,0.000,0.000,0.000,0.000,0.000,0.000,0.000,0.000,0.000,0.000,0.000,0.000,0.000,0.000,0.000,0.000,0.000,0.000,0.000,0.000,0.000,0.000,0.000,0.000,0.000,0.000,0.000,0.000,0.000,0.000,0.029,0.035,0.043,0.000,0.000,0.000,0.000,0.000,0.000,0.000,0.000,0.000,0.000,0.000,0.000,0.000,0.000,0.000,0.000,0.000,0.000,0.000,0.000,0.000,0.000,0.000,0.000,0.000,0.000,0.000,0.000,0.000,0.000,0.000,0.000,0.000,0.000,0.000,0.000,0.000,0.000,0.000,0.000,0.000,0.000,0.000,0.000,0.000,0.000,0.000,0.000,0.000,0.000,0.000,0.025,0.027,0.027,0.000,0.000,0.000,0.057,0.051,0.057,0.000,0.000,0.000,0.063,0.061,0.059,0.000,0.000,0.000,0.063,0.062,0.065,0.000,0.000,0.000,0.094,0.094,0.094,0.000,0.000,0.000,0.048,0.048,0.049,0.000,0.000,0.000,0.000,0.000,0.000,0.000,0.000,0.000,0.000,0.000,0.000,0.000,0.000,0.000,0.000,0.000,0.000,0.000,0.000,0.000,0.000,0.000,0.000,0.000,0.000,0.000,0.000,0.000,0.000,0.000,0.000,0.000,0.000,0.000,0.000,0.000,0.000,0.000,0.000,0.000,0.000,0.000,0.000,0.000,0.000,0.000,0.000,0.000,0.000,0.000,0.000,0.000,0.000,0.000,0.000,0.000,0.000,0.000,0.000
2025-07-06 22:51:40,234.535,234.491,234.481,0.000,0.000,0.000,2.026,2.026,2.025,0.159,0.159,0.155,0.061,0.070,0.071,0.975,0.970,0.968,0.000,0.040,0.029,1.116,1.117,1.118,0.017,0.019,0.019,1.253,1.252,1.252,0.015,0.014,0.014,0.267,0.267,0.272,0.000,0.000,0.000,0.112,0.106,0.106,0.000,0.000,0.000,0.340,0.342,0.342,0.000,0.000,0.000,0.015,0.033,0.012,0.000,0.000,0.000,0.227,0.228,0.227,0.000,0.000,0.000,0.163,0.161,0.161,0.031,0.027,0.016,0.055,0.058,0.061,0.060,0.058,0.063,0.100,0.092,0.101,0.059,0.061,0.060,0.064,0.064,0.065,0.064,0.065,0.064,0.049,0.051,0.050,0.094,0.098,0.096,0.000,0.000,0.000,0.052,0.051,0.052,0.045,0.048,0.044,0.000,0.000,0.000,0.065,0.067,0.065,0.000,0.000,0.000,0.031,0.047,0.047,0.000,0.000,0.000,0.000,0.000,0.000,0.000,0.000,0.000,0.000,0.000,0.000,0.000,0.000,0.000,0.047,0.048,0.046,0.000,0.000,0.000,0.000,0.000,0.000,0.000,0.000,0.000,0.000,0.000,0.000,0.000,0.000,0.000,0.000,0.000,0.000,0.000,0.000,0.000,0.000,0.000,0.000,0.000,0.000,0.000,0.000,0.000,0.000,0.000,0.000,0.000,0.039,0.033,0.034,0.000,0.000,0.000,0.000,0.000,0.000,0.000,0.000,0.000,0.000,0.000,0.000,0.000,0.000,0.000,0.000,0.000,0.000,0.000,0.000,0.000,0.000,0.000,0.000,0.000,0.000,0.000,0.000,0.000,0.000,0.000,0.000,0.000,0.000,0.000,0.000,0.000,0.000,0.000,0.000,0.000,0.000,0.000,0.000,0.000,0.000,0.000,0.000,0.000,0.000,0.000,0.030,0.026,0.016,0.000,0.000,0.000,0.057,0.054,0.058,0.000,0.000,0.000,0.057,0.061,0.059,0.000,0.000,0.000,0.064,0.063,0.062,0.000,0.000,0.000,0.094,0.096,0.095,0.000,0.000,0.000,0.049,0.049,0.049,0.000,0.000,0.000,0.000,0.000,0.000,0.000,0.000,0.000,0.000,0.000,0.000,0.000,0.000,0.000,0.000,0.000,0.000,0.000,0.000,0.000,0.000,0.000,0.000,0.000,0.000,0.000,0.000,0.000,0.000,0.000,0.000,0.000,0.000,0.000,0.000,0.000,0.000,0.000,0.000,0.000,0.000,0.000,0.000,0.000,0.000,0.000,0.000,0.000,0.000,0.000,0.000,0.000,0.000,0.000,0.000,0.000,0.000,0.000,0.000
2025-07-06 22:51:43,234.381,234.337,234.326,0.000,0.000,0.000,2.038,2.025,2.018,0.159,0.161,0.159,0.065,0.071,0.068,0.980,0.976,0.974,0.028,0.031,0.035,1.127,1.112,1.113,0.025,0.010,0.011,1.255,1.250,1.240,0.013,0.015,0.026,0.259,0.253,0.253,0.000,0.000,0.000,0.089,0.092,0.093,0.000,0.000,0.000,0.365,0.361,0.363,0.000,0.000,0.000,0.054,0.067,0.066,0.000,0.000,0.000,0.217,0.216,0.218,0.000,0.016,0.000,0.164,0.159,0.165,0.025,0.044,0.038,0.061,0.066,0.061,0.061,0.061,0.059,0.101,0.098,0.098,0.058,0.061,0.058,0.060,0.065,0.064,0.065,0.061,0.065,0.049,0.048,0.051,0.096,0.097,0.092,0.000,0.000,0.000,0.051,0.050,0.052,0.045,0.045,0.029,0.000,0.000,0.000,0.064,0.067,0.066,0.000,0.000,0.000,0.050,0.047,0.047,0.000,0.000,0.000,0.000,0.000,0.000,0.000,0.000,0.000,0.000,0.000,0.000,0.000,0.000,0.000,0.047,0.049,0.049,0.000,0.000,0.000,0.000,0.000,0.000,0.000,0.000,0.000,0.000,0.000,0.000,0.000,0.000,0.000,0.000,0.000,0.000,0.000,0.000,0.000,0.010,0.000,0.000,0.000,0.000,0.000,0.000,0.000,0.000,0.000,0.000,0.000,0.043,0.046,0.029,0.000,0.000,0.000,0.000,0.000,0.000,0.000,0.000,0.000,0.000,0.000,0.000,0.000,0.000,0.000,0.000,0.000,0.000,0.000,0.000,0.000,0.000,0.000,0.000,0.000,0.000,0.000,0.000,0.000,0.000,0.000,0.000,0.000,0.000,0.000,0.000,0.000,0.000,0.000,0.000,0.000,0.000,0.000,0.000,0.000,0.000,0.000,0.000,0.000,0.000,0.000,0.026,0.043,0.043,0.000,0.000,0.000,0.056,0.057,0.057,0.000,0.000,0.000,0.058,0.058,0.058,0.000,0.000,0.000,0.062,0.060,0.064,0.000,0.000,0.000,0.095,0.096,0.093,0.000,0.000,0.000,0.049,0.046,0.048,0.000,0.000,0.000,0.000,0.000,0.000,0.000,0.000,0.000,0.000,0.000,0.000,0.000,0.000,0.000,0.000,0.000,0.000,0.000,0.000,0.000,0.000,0.000,0.000,0.000,0.000,0.000,0.000,0.000,0.000,0.000,0.000,0.000,0.000,0.000,0.000,0.000,0.000,0.000,0.000,0.000,0.000,0.000,0.000,0.000,0.000,0.000,0.000,0.000,0.000,0.000,0.000,0.000,0.000,0.000,0.000,0.000,0.000,0.000,0.000
2025-07-06 22:51:46,234.265,234.221,234.210,0.000,0.000,0.000,1.984,1.976,1.972,0.157,0.156,0.152,0.049,0.040,0.041,0.968,0.956,0.959,0.002,0.013,0.018,1.084,1.083,1.075,0.002,0.002,0.002,1.209,1.206,1.204,0.014,0.000,0.002,0.257,0.261,0.262,0.000,0.000,0.000,0.133,0.136,0.137,0.000,0.000,0.000,0.359,0.359,0.359,0.000,0.000,0.000,0.074,0.078,0.076,0.000,0.000,0.000,0.221,0.224,0.230,0.000,0.000,0.000,0.175,0.171,0.170,0.002,0.031,0.002,0.078,0.074,0.075,0.058,0.061,0.058,0.106,0.098,0.103,0.063,0.062,0.061,0.060,0.065,0.063,0.065,0.064,0.064,0.050,0.049,0.051,0.096,0.098,0.096,0.000,0.013,0.000,0.049,0.049,0.050,0.044,0.020,0.031,0.000,0.000,0.000,0.064,0.065,0.065,0.000,0.000,0.000,0.049,0.051,0.050,0.000,0.000,0.000,0.000,0.000,0.000,0.000,0.000,0.000,0.000,0.000,0.000,0.000,0.000,0.000,0.049,0.050,0.046,0.000,0.000,0.000,0.000,0.000,0.000,0.000,0.000,0.000,0.000,0.000,0.000,0.000,0.000,0.000,0.000,0.000,0.000,0.000,0.000,0.000,0.002,0.000,0.000,0.000,0.000,0.000,0.000,0.000,0.000,0.000,0.000,0.000,0.033,0.003,0.003,0.000,0.000,0.000,0.000,0.000,0.000,0.000,0.000,0.000,0.000,0.000,0.000,0.000,0.000,0.000,0.000,0.000,0.000,0.000,0.000,0.000,0.000,0.000,0.000,0.000,0.000,0.000,0.000,0.000,0.000,0.000,0.000,0.000,0.000,0.000,0.000,0.000,0.000,0.000,0.000,0.000,0.000,0.000,0.000,0.000,0.000,0.014,0.000,0.000,0.000,0.000,0.017,0.029,0.016,0.000,0.000,0.000,0.054,0.055,0.054,0.000,0.000,0.000,0.061,0.061,0.061,0.000,0.000,0.000,0.064,0.063,0.064,0.000,0.000,0.000,0.097,0.097,0.095,0.000,0.000,0.000,0.048,0.047,0.049,0.000,0.000,0.000,0.000,0.000,0.000,0.000,0.000,0.000,0.000,0.000,0.000,0.000,0.000,0.000,0.000,0.000,0.000,0.000,0.000,0.000,0.000,0.000,0.000,0.000,0.000,0.000,0.000,0.000,0.000,0.000,0.000,0.000,0.000,0.000,0.000,0.000,0.000,0.000,0.000,0.000,0.000,0.000,0.000,0.000,0.000,0.000,0.000,0.000,0.000,0.000,0.000,0.000,0.000,0.000,0.000,0.000,0.000,0.000,0.000
2025-07-06 22:51:49,234.164,234.121,234.111,0.000,0.000,0.000,1.976,1.976,1.967,0.148,0.159,0.158,0.046,0.056,0.072,0.957,0.959,0.948,0.018,0.032,0.022,1.078,1.072,1.071,0.000,0.012,0.000,1.208,1.205,1.202,0.000,0.028,0.014,0.306,0.314,0.315,0.000,0.000,0.000,0.162,0.167,0.172,0.000,0.000,0.000,0.315,0.318,0.314,0.000,0.000,0.000,0.056,0.061,0.062,0.000,0.013,0.000,0.247,0.255,0.257,0.000,0.000,0.000,0.145,0.142,0.137,0.038,0.027,0.026,0.041,0.049,0.048,0.058,0.062,0.053,0.102,0.108,0.106,0.062,0.060,0.064,0.071,0.069,0.073,0.064,0.064,0.063,0.045,0.050,0.050,0.097,0.093,0.097,0.000,0.000,0.000,0.049,0.050,0.049,0.044,0.043,0.027,0.000,0.000,0.000,0.066,0.064,0.062,0.000,0.000,0.000,0.048,0.049,0.035,0.000,0.000,0.000,0.000,0.000,0.000,0.000,0.000,0.000,0.000,0.000,0.000,0.000,0.000,0.000,0.045,0.048,0.030,0.000,0.000,0.000,0.000,0.000,0.000,0.000,0.000,0.000,0.000,0.000,0.000,0.000,0.000,0.000,0.000,0.000,0.000,0.000,0.000,0.000,0.000,0.000,0.000,0.000,0.000,0.000,0.000,0.000,0.000,0.000,0.000,0.000,0.000,0.041,0.016,0.000,0.000,0.000,0.000,0.000,0.000,0.000,0.000,0.000,0.000,0.000,0.000,0.000,0.000,0.000,0.000,0.000,0.000,0.000,0.000,0.000,0.000,0.000,0.000,0.000,0.000,0.000,0.000,0.000,0.000,0.000,0.000,0.000,0.000,0.000,0.000,0.000,0.000,0.000,0.000,0.014,0.000,0.000,0.000,0.000,0.000,0.000,0.000,0.000,0.000,0.000,0.010,0.028,0.041,0.000,0.000,0.000,0.053,0.057,0.051,0.000,0.000,0.000,0.061,0.059,0.064,0.000,0.000,0.000,0.062,0.063,0.062,0.000,0.000,0.000,0.095,0.093,0.097,0.000,0.000,0.000,0.046,0.047,0.047,0.000,0.000,0.000,0.000,0.000,0.000,0.000,0.000,0.000,0.000,0.000,0.000,0.000,0.000,0.000,0.000,0.000,0.000,0.000,0.000,0.000,0.000,0.000,0.000,0.000,0.000,0.000,0.000,0.000,0.000,0.000,0.000,0.000,0.000,0.000,0.000,0.000,0.000,0.000,0.000,0.000,0.000,0.000,0.000,0.000,0.000,0.000,0.000,0.000,0.000,0.000,0.000,0.000,0.000,0.000,0.000,0.000,0.000,0.000,0.000
2025-07-06 22:51:52,234.081,234.037,234.028,0.000,0.000,0.000,1.985,1.982,1.986,0.194,0.199,0.201,0.074,0.080,0.076,0.962,0.956,0.958,0.047,0.026,0.032,1.069,1.066,1.066,0.031,0.031,0.044,1.220,1.222,1.226,0.051,0.055,0.043,0.359,0.358,0.359,0.037,0.040,0.043,0.168,0.164,0.161,0.037,0.039,0.047,0.265,0.269,0.271,0.037,0.034,0.038,0.035,0.018,0.017,0.028,0.030,0.031,0.237,0.236,0.229,0.008,0.031,0.027,0.133,0.138,0.137,0.042,0.032,0.029,0.027,0.033,0.033,0.057,0.063,0.056,0.096,0.103,0.096,0.061,0.064,0.060,0.066,0.065,0.070,0.064,0.066,0.067,0.056,0.049,0.052,0.096,0.098,0.097,0.000,0.000,0.000,0.050,0.052,0.049,0.046,0.047,0.047,0.000,0.000,0.000,0.064,0.066,0.064,0.000,0.000,0.000,0.046,0.047,0.047,0.000,0.000,0.000,0.000,0.000,0.000,0.000,0.000,0.000,0.013,0.000,0.008,0.000,0.000,0.000,0.049,0.047,0.048,0.000,0.000,0.000,0.000,0.000,0.000,0.000,0.000,0.000,0.000,0.000,0.000,0.000,0.000,0.000,0.000,0.000,0.000,0.000,0.000,0.000,0.000,0.000,0.000,0.000,0.000,0.000,0.000,0.000,0.000,0.000,0.000,0.000,0.049,0.056,0.050,0.013,0.008,0.000,0.008,0.008,0.016,0.000,0.000,0.008,0.008,0.000,0.008,0.000,0.000,0.000,0.028,0.033,0.030,0.009,0.009,0.026,0.033,0.012,0.031,0.010,0.033,0.033,0.029,0.030,0.037,0.011,0.011,0.031,0.029,0.027,0.032,0.027,0.008,0.026,0.024,0.024,0.025,0.000,0.008,0.010,0.000,0.026,0.008,0.000,0.000,0.008,0.043,0.046,0.012,0.000,0.000,0.000,0.056,0.059,0.052,0.000,0.000,0.000,0.061,0.064,0.060,0.000,0.000,0.000,0.062,0.063,0.065,0.000,0.000,0.000,0.096,0.096,0.096,0.000,0.000,0.000,0.047,0.049,0.046,0.000,0.000,0.000,0.000,0.000,0.000,0.000,0.000,0.000,0.000,0.000,0.000,0.000,0.000,0.000,0.000,0.000,0.000,0.000,0.000,0.000,0.000,0.000,0.000,0.000,0.000,0.000,0.000,0.000,0.000,0.000,0.000,0.000,0.000,0.000,0.000,0.000,0.000,0.000,0.000,0.000,0.000,0.000,0.000,0.000,0.000,0.000,0.000,0.000,0.000,0.000,0.000,0.000,0.000,0.000,0.000,0.000,0.000,0.000,0.000
2025-07-06 22:51:55,233.913,233.870,233.858,0.000,0.000,0.000,2.018,2.012,2.015,0.283,0.280,0.287,0.109,0.104,0.108,0.942,0.929,0.930,0.067,0.074,0.075,1.086,1.076,1.085,0.068,0.070,0.078,1.269,1.274,1.273,0.097,0.093,0.087,0.306,0.302,0.295,0.088,0.088,0.084,0.098,0.084,0.089,0.091,0.077,0.076,0.323,0.348,0.345,0.068,0.062,0.065,0.041,0.052,0.053,0.054,0.049,0.055,0.218,0.216,0.208,0.031,0.031,0.031,0.150,0.153,0.161,0.013,0.027,0.045,0.054,0.051,0.058,0.059,0.063,0.063,0.097,0.097,0.098,0.061,0.066,0.059,0.064,0.063,0.058,0.063,0.060,0.065,0.047,0.052,0.050,0.097,0.095,0.095,0.000,0.000,0.000,0.049,0.048,0.050,0.046,0.044,0.047,0.000,0.000,0.000,0.066,0.065,0.064,0.000,0.000,0.000,0.047,0.050,0.050,0.000,0.000,0.000,0.000,0.000,0.000,0.000,0.000,0.000,0.010,0.000,0.002,0.000,0.000,0.000,0.048,0.043,0.049,0.000,0.000,0.000,0.000,0.000,0.000,0.000,0.000,0.000,0.000,0.000,0.000,0.000,0.000,0.000,0.000,0.000,0.000,0.000,0.000,0.000,0.000,0.000,0.000,0.000,0.000,0.000,0.010,0.000,0.000,0.000,0.000,0.000,0.097,0.092,0.097,0.030,0.030,0.030,0.050,0.060,0.058,0.013,0.027,0.028,0.041,0.051,0.064,0.029,0.028,0.045,0.078,0.074,0.066,0.058,0.060,0.064,0.069,0.072,0.067,0.062,0.067,0.067,0.080,0.069,0.065,0.056,0.055,0.061,0.064,0.055,0.058,0.046,0.045,0.047,0.046,0.046,0.038,0.030,0.029,0.030,0.013,0.002,0.002,0.000,0.000,0.002,0.014,0.030,0.048,0.000,0.000,0.000,0.055,0.057,0.056,0.000,0.000,0.000,0.059,0.063,0.058,0.000,0.000,0.000,0.062,0.061,0.064,0.000,0.000,0.000,0.095,0.094,0.094,0.000,0.000,0.000,0.045,0.047,0.049,0.000,0.000,0.000,0.000,0.000,0.000,0.000,0.000,0.000,0.000,0.000,0.000,0.000,0.000,0.000,0.000,0.000,0.000,0.000,0.000,0.000,0.000,0.000,0.000,0.000,0.000,0.000,0.000,0.000,0.000,0.000,0.000,0.000,0.000,0.000,0.000,0.000,0.000,0.000,0.000,0.000,0.000,0.000,0.000,0.000,0.000,0.000,0.000,0.000,0.000,0.000,0.000,0.000,0.000,0.000,0.000,0.000,0.000,0.000,0.000
2025-07-06 22:51:58,233.645,233.601,233.591,0.000,0.000,0.000,2.034,2.024,2.030,0.298,0.314,0.323,0.155,0.176,0.160,0.928,0.914,0.930,0.079,0.089,0.090,1.113,1.111,1.109,0.089,0.088,0.082,1.300,1.291,1.292,0.075,0.077,0.086,0.235,0.244,0.265,0.060,0.050,0.066,0.141,0.143,0.129,0.066,0.056,0.075,0.294,0.293,0.290,0.060,0.055,0.040,0.035,0.046,0.027,0.032,0.052,0.048,0.206,0.208,0.202,0.029,0.016,0.034,0.157,0.155,0.153,0.033,0.035,0.034,0.065,0.054,0.058,0.056,0.058,0.063,0.107,0.093,0.092,0.061,0.058,0.062,0.064,0.067,0.059,0.067,0.065,0.060,0.053,0.052,0.056,0.094,0.093,0.094,0.000,0.000,0.000,0.052,0.053,0.049,0.045,0.048,0.046,0.000,0.000,0.000,0.061,0.064,0.064,0.000,0.000,0.000,0.051,0.049,0.048,0.000,0.000,0.000,0.000,0.000,0.000,0.000,0.000,0.000,0.002,0.000,0.000,0.000,0.000,0.000,0.047,0.047,0.044,0.000,0.000,0.000,0.000,0.000,0.000,0.000,0.000,0.000,0.000,0.000,0.000,0.000,0.000,0.000,0.000,0.000,0.000,0.000,0.000,0.000,0.000,0.000,0.000,0.000,0.000,0.000,0.000,0.000,0.000,0.000,0.000,0.000,0.147,0.162,0.153,0.052,0.053,0.056,0.069,0.069,0.074,0.050,0.057,0.058,0.079,0.077,0.077,0.053,0.054,0.059,0.054,0.060,0.056,0.063,0.065,0.086,0.036,0.043,0.041,0.042,0.050,0.077,0.058,0.046,0.042,0.044,0.038,0.075,0.055,0.059,0.052,0.027,0.046,0.019,0.016,0.015,0.046,0.026,0.050,0.019,0.010,0.013,0.028,0.000,0.010,0.013,0.031,0.030,0.033,0.000,0.010,0.000,0.051,0.053,0.060,0.000,0.000,0.000,0.061,0.058,0.061,0.000,0.000,0.000,0.067,0.064,0.058,0.000,0.000,0.000,0.094,0.092,0.091,0.000,0.000,0.000,0.050,0.050,0.048,0.000,0.000,0.000,0.000,0.000,0.000,0.000,0.000,0.000,0.000,0.000,0.000,0.000,0.000,0.000,0.000,0.000,0.000,0.000,0.000,0.000,0.000,0.000,0.000,0.000,0.000,0.000,0.000,0.000,0.000,0.000,0.000,0.000,0.000,0.000,0.000,0.000,0.000,0.000,0.000,0.000,0.000,0.000,0.000,0.000,0.000,0.000,0.000,0.000,0.000,0.000,0.000,0.000,0.000,0.000,0.000,0.000,0.000,0.000,0.000
2025-07-06 22:52:01,233.576,233.532,233.521,0.000,0.000,0.000,2.033,2.032,2.028,0.330,0.332,0.316,0.191,0.203,0.190,0.922,0.921,0.911,0.087,0.095,0.090,1.116,1.117,1.130,0.092,0.091,0.096,1.299,1.298,1.291,0.077,0.068,0.078,0.253,0.242,0.238,0.058,0.041,0.034,0.120,0.130,0.139,0.070,0.064,0.037,0.278,0.274,0.269,0.061,0.067,0.034,0.013,0.016,0.027,0.060,0.055,0.048,0.188,0.202,0.201,0.014,0.014,0.000,0.161,0.153,0.159,0.032,0.033,0.015,0.063,0.056,0.055,0.061,0.054,0.060,0.097,0.089,0.094,0.062,0.057,0.064,0.062,0.069,0.062,0.060,0.064,0.064,0.037,0.057,0.050,0.093,0.094,0.098,0.000,0.000,0.000,0.048,0.052,0.049,0.032,0.042,0.045,0.000,0.000,0.000,0.063,0.060,0.064,0.000,0.000,0.000,0.050,0.048,0.046,0.000,0.000,0.000,0.000,0.000,0.000,0.000,0.000,0.000,0.000,0.000,0.000,0.000,0.000,0.000,0.044,0.047,0.045,0.000,0.000,0.000,0.000,0.000,0.000,0.000,0.000,0.000,0.000,0.000,0.000,0.000,0.000,0.000,0.000,0.000,0.000,0.000,0.000,0.000,0.000,0.000,0.000,0.000,0.000,0.000,0.000,0.000,0.000,0.000,0.000,0.000,0.185,0.192,0.181,0.059,0.064,0.063,0.075,0.084,0.080,0.049,0.056,0.050,0.089,0.087,0.091,0.049,0.047,0.034,0.060,0.055,0.052,0.064,0.055,0.064,0.058,0.040,0.030,0.037,0.030,0.031,0.046,0.040,0.012,0.059,0.056,0.053,0.053,0.056,0.046,0.034,0.051,0.025,0.011,0.020,0.027,0.057,0.052,0.046,0.014,0.016,0.015,0.000,0.002,0.000,0.043,0.032,0.016,0.000,0.002,0.000,0.055,0.051,0.057,0.000,0.000,0.000,0.059,0.055,0.064,0.000,0.000,0.000,0.058,0.062,0.063,0.000,0.000,0.000,0.092,0.092,0.096,0.000,0.000,0.000,0.047,0.049,0.046,0.000,0.000,0.000,0.000,0.000,0.000,0.000,0.000,0.000,0.000,0.000,0.000,0.000,0.000,0.000,0.000,0.000,0.000,0.000,0.000,0.000,0.000,0.000,0.000,0.000,0.000,0.000,0.000,0.000,0.000,0.000,0.000,0.000,0.000,0.000,0.000,0.000,0.000,0.000,0.000,0.000,0.000,0.000,0.000,0.000,0.000,0.000,0.000,0.000,0.000,0.000,0.000,0.000,0.000,0.000,0.000,0.000,0.000,0.000,0.000
2025-07-06 22:52:04,233.707,233.664,233.653,0.000,0.000,0.000,2.024,2.030,2.025,0.333,0.338,0.345,0.215,0.222,0.220,0.907,0.914,0.910,0.090,0.089,0.087,1.125,1.123,1.111,0.097,0.097,0.094,1.288,1.292,1.295,0.075,0.080,0.073,0.240,0.246,0.250,0.020,0.036,0.054,0.140,0.134,0.122,0.033,0.039,0.062,0.266,0.273,0.280,0.059,0.054,0.055,0.045,0.027,0.044,0.051,0.047,0.037,0.203,0.207,0.204,0.028,0.018,0.014,0.151,0.151,0.147,0.046,0.016,0.039,0.057,0.053,0.057,0.064,0.061,0.061,0.097,0.089,0.093,0.064,0.059,0.063,0.067,0.068,0.063,0.062,0.063,0.063,0.048,0.040,0.050,0.092,0.096,0.096,0.000,0.000,0.000,0.050,0.047,0.050,0.042,0.032,0.044,0.000,0.000,0.000,0.061,0.062,0.064,0.000,0.000,0.000,0.047,0.046,0.049,0.000,0.000,0.000,0.000,0.000,0.000,0.000,0.000,0.000,0.013,0.000,0.000,0.000,0.000,0.000,0.048,0.048,0.045,0.000,0.000,0.000,0.000,0.000,0.000,0.000,0.000,0.000,0.000,0.000,0.000,0.000,0.000,0.000,0.000,0.000,0.000,0.000,0.000,0.000,0.000,0.000,0.000,0.000,0.000,0.000,0.000,0.000,0.000,0.000,0.000,0.000,0.205,0.208,0.211,0.064,0.075,0.069,0.078,0.082,0.075,0.057,0.048,0.053,0.091,0.093,0.093,0.032,0.022,0.033,0.056,0.059,0.063,0.056,0.063,0.058,0.032,0.020,0.042,0.005,0.040,0.035,0.026,0.018,0.045,0.035,0.059,0.050,0.052,0.030,0.051,0.048,0.049,0.030,0.018,0.013,0.039,0.049,0.055,0.033,0.030,0.013,0.018,0.015,0.013,0.000,0.031,0.014,0.040,0.000,0.000,0.000,0.059,0.055,0.056,0.000,0.000,0.000,0.062,0.059,0.061,0.000,0.000,0.000,0.059,0.061,0.061,0.000,0.000,0.000,0.090,0.094,0.095,0.000,0.000,0.000,0.047,0.046,0.048,0.000,0.000,0.000,0.000,0.000,0.000,0.000,0.000,0.000,0.000,0.000,0.000,0.000,0.000,0.000,0.000,0.000,0.000,0.000,0.000,0.000,0.000,0.000,0.000,0.000,0.000,0.000,0.000,0.000,0.000,0.000,0.000,0.000,0.000,0.000,0.000,0.000,0.000,0.000,0.000,0.000,0.000,0.000,0.000,0.000,0.000,0.000,0.000,0.000,0.000,0.000,0.000,0.000,0.000,0.000,0.000,0.000,0.000,0.000,0.000
2025-07-06 22:52:07,233.513,233.469,233.459,0.000,0.000,0.000,2.023,2.024,2.017,0.352,0.349,0.353,0.237,0.234,0.235,0.898,0.897,0.888,0.095,0.080,0.086,1.121,1.116,1.120,0.094,0.103,0.096,1.291,1.296,1.288,0.075,0.076,0.075,0.248,0.244,0.238,0.040,0.055,0.039,0.138,0.132,0.142,0.047,0.045,0.062,0.268,0.276,0.271,0.042,0.050,0.060,0.036,0.048,0.055,0.049,0.044,0.053,0.194,0.194,0.198,0.034,0.016,0.034,0.155,0.165,0.163,0.042,0.025,0.046,0.056,0.057,0.054,0.062,0.058,0.063,0.094,0.101,0.094,0.057,0.060,0.061,0.066,0.065,0.070,0.062,0.065,0.064,0.050,0.045,0.045,0.093,0.092,0.094,0.000,0.000,0.000,0.048,0.051,0.052,0.041,0.029,0.045,0.000,0.000,0.000,0.060,0.060,0.062,0.000,0.000,0.000,0.045,0.043,0.042,0.000,0.000,0.000,0.000,0.000,0.000,0.000,0.000,0.000,0.013,0.000,0.000,0.000,0.000,0.000,0.048,0.032,0.045,0.000,0.000,0.000,0.000,0.000,0.000,0.000,0.000,0.000,0.000,0.000,0.000,0.000,0.000,0.000,0.000,0.000,0.000,0.000,0.000,0.000,0.000,0.000,0.000,0.000,0.000,0.000,0.000,0.000,0.000,0.000,0.000,0.000,0.228,0.221,0.225,0.075,0.082,0.072,0.083,0.077,0.076,0.053,0.048,0.056,0.093,0.098,0.088,0.017,0.030,0.044,0.066,0.055,0.056,0.055,0.065,0.057,0.058,0.053,0.038,0.019,0.031,0.015,0.039,0.045,0.033,0.051,0.041,0.039,0.038,0.036,0.046,0.050,0.046,0.055,0.004,0.018,0.042,0.033,0.031,0.053,0.031,0.015,0.029,0.000,0.000,0.000,0.016,0.013,0.046,0.000,0.000,0.000,0.059,0.057,0.059,0.000,0.000,0.000,0.057,0.060,0.061,0.000,0.000,0.000,0.060,0.065,0.063,0.000,0.000,0.000,0.092,0.091,0.092,0.000,0.000,0.000,0.044,0.049,0.049,0.000,0.000,0.000,0.000,0.000,0.000,0.000,0.000,0.000,0.000,0.000,0.000,0.000,0.000,0.000,0.000,0.000,0.000,0.000,0.000,0.000,0.000,0.000,0.000,0.000,0.000,0.000,0.000,0.000,0.000,0.000,0.000,0.000,0.000,0.000,0.000,0.000,0.000,0.000,0.000,0.000,0.000,0.000,0.000,0.000,0.000,0.000,0.000,0.000,0.000,0.000,0.000,0.000,0.000,0.000,0.000,0.000,0.000,0.000,0.000
2025-07-06 22:52:10,233.456,233.412,233.402,0.000,0.000,0.000,2.002,1.996,1.995,0.342,0.354,0.365,0.234,0.246,0.253,0.881,0.877,0.870,0.092,0.085,0.100,1.113,1.109,1.109,0.099,0.107,0.102,1.270,1.270,1.272,0.081,0.086,0.088,0.243,0.233,0.230,0.016,0.050,0.046,0.149,0.150,0.159,0.042,0.043,0.050,0.276,0.270,0.266,0.066,0.059,0.056,0.044,0.029,0.020,0.048,0.052,0.049,0.217,0.207,0.196,0.032,0.028,0.029,0.166,0.165,0.165,0.017,0.030,0.047,0.048,0.051,0.053,0.059,0.055,0.062,0.102,0.099,0.097,0.064,0.062,0.057,0.063,0.062,0.062,0.061,0.064,0.063,0.045,0.047,0.050,0.093,0.095,0.093,0.000,0.000,0.000,0.052,0.051,0.051,0.047,0.047,0.046,0.000,0.000,0.000,0.062,0.064,0.059,0.000,0.000,0.000,0.045,0.034,0.044,0.000,0.000,0.000,0.000,0.000,0.000,0.000,0.000,0.000,0.000,0.000,0.010,0.000,0.000,0.000,0.044,0.042,0.045,0.000,0.000,0.000,0.000,0.000,0.000,0.000,0.000,0.000,0.000,0.000,0.000,0.000,0.000,0.000,0.000,0.000,0.000,0.000,0.000,0.000,0.000,0.000,0.000,0.000,0.000,0.000,0.000,0.000,0.000,0.000,0.000,0.000,0.221,0.238,0.244,0.087,0.074,0.079,0.086,0.077,0.090,0.047,0.047,0.052,0.097,0.104,0.100,0.000,0.000,0.003,0.056,0.067,0.071,0.064,0.056,0.057,0.002,0.034,0.034,0.000,0.013,0.030,0.012,0.016,0.018,0.045,0.014,0.050,0.017,0.044,0.051,0.066,0.047,0.033,0.025,0.025,0.003,0.052,0.052,0.048,0.015,0.026,0.028,0.012,0.000,0.000,0.000,0.028,0.033,0.000,0.000,0.000,0.055,0.051,0.056,0.000,0.000,0.000,0.061,0.059,0.057,0.000,0.000,0.000,0.059,0.062,0.062,0.000,0.000,0.000,0.091,0.094,0.092,0.000,0.000,0.000,0.049,0.050,0.048,0.000,0.000,0.000,0.000,0.000,0.000,0.000,0.000,0.000,0.000,0.000,0.000,0.000,0.000,0.000,0.000,0.000,0.000,0.000,0.000,0.000,0.000,0.000,0.000,0.000,0.000,0.000,0.000,0.000,0.000,0.000,0.000,0.000,0.000,0.000,0.000,0.000,0.000,0.000,0.000,0.000,0.000,0.000,0.000,0.000,0.000,0.000,0.000,0.000,0.000,0.000,0.000,0.000,0.000,0.000,0.000,0.000,0.000,0.000,0.000
2025-07-06 22:52:13,233.429,233.385,233.374,0.000,0.000,0.000,2.002,1.990,1.988,0.374,0.383,0.368,0.254,0.278,0.263,0.857,0.849,0.854,0.087,0.092,0.094,1.105,1.101,1.102,0.097,0.092,0.098,1.294,1.276,1.273,0.081,0.083,0.088,0.226,0.230,0.226,0.066,0.037,0.050,0.140,0.158,0.157,0.065,0.053,0.032,0.285,0.282,0.279,0.062,0.069,0.066,0.043,0.055,0.030,0.048,0.053,0.035,0.202,0.213,0.212,0.041,0.033,0.033,0.162,0.163,0.159,0.044,0.030,0.029,0.056,0.052,0.054,0.061,0.058,0.060,0.092,0.091,0.095,0.064,0.059,0.061,0.063,0.063,0.065,0.062,0.059,0.061,0.045,0.048,0.049,0.095,0.094,0.094,0.000,0.000,0.000,0.050,0.049,0.053,0.044,0.050,0.045,0.000,0.000,0.013,0.061,0.063,0.062,0.000,0.000,0.000,0.049,0.042,0.044,0.000,0.000,0.000,0.008,0.000,0.000,0.000,0.000,0.000,0.000,0.000,0.002,0.000,0.000,0.000,0.028,0.043,0.031,0.000,0.000,0.000,0.000,0.000,0.000,0.000,0.000,0.000,0.000,0.000,0.000,0.000,0.000,0.000,0.000,0.000,0.000,0.000,0.000,0.000,0.000,0.000,0.000,0.000,0.000,0.000,0.000,0.000,0.000,0.000,0.000,0.000,0.238,0.259,0.241,0.091,0.092,0.096,0.076,0.081,0.088,0.051,0.053,0.046,0.094,0.086,0.099,0.028,0.045,0.000,0.064,0.060,0.057,0.065,0.065,0.070,0.066,0.040,0.049,0.047,0.030,0.002,0.062,0.058,0.030,0.049,0.045,0.027,0.049,0.046,0.043,0.051,0.067,0.063,0.045,0.048,0.030,0.029,0.051,0.032,0.034,0.031,0.018,0.003,0.030,0.026,0.043,0.015,0.024,0.000,0.000,0.000,0.041,0.054,0.058,0.000,0.000,0.000,0.060,0.056,0.059,0.000,0.000,0.000,0.060,0.058,0.061,0.000,0.000,0.000,0.092,0.093,0.093,0.000,0.000,0.000,0.049,0.033,0.050,0.000,0.000,0.000,0.000,0.000,0.000,0.000,0.000,0.000,0.000,0.000,0.000,0.000,0.000,0.000,0.000,0.000,0.000,0.000,0.000,0.000,0.000,0.000,0.000,0.000,0.000,0.000,0.000,0.000,0.000,0.000,0.000,0.000,0.000,0.000,0.000,0.000,0.000,0.000,0.000,0.000,0.000,0.000,0.000,0.000,0.000,0.000,0.000,0.000,0.000,0.000,0.000,0.000,0.000,0.000,0.000,0.000,0.000,0.000,0.000
2025-07-06 22:52:16,233.280,233.237,233.226,0.000,0.000,0.000,1.994,1.993,1.989,0.386,0.399,0.390,0.279,0.292,0.269,0.819,0.808,0.810,0.102,0.109,0.097,1.128,1.120,1.116,0.106,0.107,0.111,1.276,1.286,1.287,0.102,0.101,0.096,0.221,0.225,0.230,0.058,0.055,0.067,0.166,0.154,0.149,0.054,0.046,0.061,0.267,0.277,0.277,0.036,0.047,0.044,0.032,0.018,0.049,0.054,0.050,0.037,0.209,0.201,0.189,0.034,0.035,0.035,0.167,0.173,0.171,0.044,0.047,0.047,0.052,0.042,0.060,0.061,0.061,0.055,0.097,0.098,0.099,0.059,0.058,0.061,0.067,0.067,0.066,0.061,0.062,0.063,0.050,0.039,0.050,0.096,0.093,0.095,0.000,0.000,0.000,0.050,0.056,0.051,0.049,0.047,0.049,0.000,0.000,0.000,0.058,0.058,0.058,0.000,0.000,0.000,0.045,0.032,0.044,0.000,0.000,0.000,0.017,0.013,0.012,0.000,0.000,0.000,0.000,0.000,0.000,0.000,0.000,0.000,0.017,0.017,0.027,0.000,0.000,0.000,0.000,0.000,0.000,0.000,0.000,0.000,0.000,0.000,0.000,0.000,0.000,0.000,0.000,0.000,0.000,0.000,0.000,0.000,0.000,0.000,0.000,0.000,0.000,0.000,0.000,0.000,0.000,0.000,0.000,0.000,0.266,0.274,0.257,0.087,0.098,0.090,0.090,0.099,0.084,0.050,0.051,0.050,0.104,0.102,0.103,0.010,0.032,0.029,0.080,0.081,0.071,0.067,0.061,0.073,0.049,0.045,0.067,0.021,0.031,0.050,0.003,0.040,0.058,0.039,0.038,0.054,0.027,0.017,0.023,0.046,0.037,0.050,0.003,0.018,0.030,0.053,0.048,0.044,0.028,0.035,0.018,0.000,0.000,0.003,0.044,0.032,0.019,0.000,0.000,0.000,0.052,0.057,0.054,0.000,0.000,0.000,0.059,0.056,0.059,0.000,0.000,0.000,0.061,0.061,0.062,0.000,0.000,0.000,0.095,0.090,0.094,0.000,0.000,0.000,0.034,0.054,0.050,0.000,0.000,0.000,0.000,0.000,0.000,0.000,0.000,0.000,0.000,0.000,0.000,0.000,0.000,0.000,0.000,0.000,0.000,0.000,0.000,0.000,0.000,0.000,0.000,0.000,0.000,0.000,0.000,0.000,0.000,0.000,0.000,0.000,0.000,0.000,0.000,0.000,0.000,0.000,0.000,0.000,0.000,0.000,0.000,0.000,0.000,0.000,0.000,0.000,0.000,0.000,0.000,0.000,0.000,0.000,0.000,0.000,0.000,0.000,0.000
2025-07-06 22:52:19,233.256,233.213,233.201,0.000,0.000,0.000,1.980,1.977,1.972,0.416,0.408,0.410,0.290,0.282,0.289,0.822,0.825,0.826,0.102,0.090,0.100,1.085,1.085,1.084,0.094,0.100,0.102,1.284,1.282,1.272,0.097,0.103,0.102,0.230,0.227,0.228,0.069,0.068,0.067,0.154,0.152,0.160,0.064,0.053,0.051,0.284,0.277,0.273,0.044,0.061,0.052,0.055,0.054,0.060,0.053,0.054,0.048,0.193,0.199,0.201,0.047,0.051,0.031,0.179,0.179,0.171,0.048,0.048,0.050,0.059,0.056,0.055,0.063,0.046,0.059,0.095,0.093,0.092,0.057,0.065,0.060,0.063,0.071,0.071,0.065,0.064,0.062,0.050,0.050,0.050,0.097,0.097,0.096,0.000,0.000,0.000,0.054,0.052,0.053,0.054,0.051,0.052,0.000,0.014,0.000,0.063,0.057,0.060,0.000,0.000,0.000,0.046,0.044,0.044,0.000,0.000,0.000,0.040,0.040,0.027,0.000,0.000,0.000,0.000,0.000,0.000,0.000,0.000,0.000,0.014,0.010,0.014,0.000,0.000,0.000,0.000,0.000,0.010,0.000,0.000,0.000,0.000,0.000,0.000,0.000,0.000,0.000,0.000,0.000,0.000,0.000,0.000,0.000,0.000,0.000,0.000,0.000,0.000,0.000,0.000,0.000,0.000,0.000,0.000,0.000,0.275,0.266,0.276,0.110,0.107,0.098,0.095,0.088,0.092,0.053,0.044,0.053,0.087,0.102,0.100,0.048,0.027,0.038,0.074,0.073,0.077,0.079,0.089,0.084,0.066,0.060,0.064,0.054,0.051,0.049,0.058,0.050,0.055,0.047,0.028,0.016,0.038,0.028,0.014,0.042,0.052,0.049,0.046,0.048,0.051,0.046,0.036,0.038,0.027,0.043,0.026,0.034,0.043,0.028,0.030,0.029,0.030,0.013,0.013,0.012,0.061,0.059,0.055,0.000,0.000,0.000,0.058,0.065,0.060,0.000,0.000,0.000,0.063,0.064,0.061,0.000,0.000,0.000,0.097,0.096,0.095,0.000,0.000,0.000,0.049,0.050,0.049,0.000,0.000,0.000,0.000,0.000,0.000,0.000,0.000,0.000,0.000,0.000,0.000,0.000,0.000,0.000,0.000,0.000,0.000,0.000,0.000,0.000,0.000,0.000,0.000,0.000,0.000,0.000,0.000,0.000,0.000,0.000,0.000,0.000,0.000,0.000,0.000,0.000,0.000,0.000,0.000,0.000,0.000,0.000,0.000,0.000,0.000,0.000,0.000,0.000,0.000,0.000,0.000,0.000,0.000,0.000,0.000,0.000,0.000,0.000,0.000
2025-07-06 22:52:22,233.101,233.058,233.046,0.000,0.000,0.000,1.976,1.986,1.983,0.432,0.432,0.426,0.312,0.307,0.296,0.812,0.818,0.807,0.118,0.102,0.107,1.090,1.089,1.090,0.108,0.115,0.093,1.276,1.292,1.294,0.117,0.109,0.099,0.218,0.216,0.216,0.072,0.072,0.076,0.174,0.164,0.150,0.026,0.061,0.072,0.268,0.270,0.284,0.023,0.032,0.060,0.046,0.050,0.055,0.051,0.050,0.059,0.196,0.191,0.195,0.055,0.033,0.052,0.172,0.180,0.173,0.053,0.050,0.053,0.055,0.059,0.057,0.063,0.065,0.056,0.089,0.085,0.092,0.058,0.056,0.061,0.068,0.064,0.070,0.066,0.065,0.062,0.052,0.054,0.050,0.097,0.097,0.094,0.000,0.000,0.000,0.057,0.055,0.052,0.050,0.052,0.051,0.021,0.010,0.000,0.056,0.058,0.059,0.000,0.000,0.000,0.020,0.031,0.036,0.000,0.000,0.000,0.044,0.045,0.044,0.000,0.000,0.000,0.008,0.000,0.008,0.000,0.000,0.000,0.022,0.027,0.019,0.000,0.000,0.000,0.000,0.000,0.008,0.000,0.000,0.000,0.000,0.013,0.000,0.000,0.000,0.000,0.000,0.000,0.000,0.000,0.000,0.000,0.000,0.000,0.000,0.000,0.000,0.000,0.000,0.000,0.000,0.000,0.000,0.000,0.294,0.294,0.280,0.117,0.105,0.117,0.114,0.100,0.101,0.050,0.048,0.060,0.105,0.112,0.092,0.006,0.006,0.031,0.089,0.094,0.082,0.081,0.068,0.077,0.060,0.076,0.078,0.053,0.054,0.048,0.044,0.055,0.065,0.035,0.057,0.043,0.000,0.006,0.050,0.027,0.053,0.050,0.031,0.022,0.056,0.053,0.050,0.044,0.050,0.046,0.033,0.025,0.008,0.031,0.037,0.050,0.030,0.014,0.011,0.020,0.056,0.058,0.054,0.000,0.000,0.000,0.058,0.054,0.060,0.000,0.000,0.000,0.060,0.061,0.060,0.000,0.000,0.000,0.092,0.095,0.093,0.000,0.000,0.000,0.040,0.050,0.038,0.000,0.000,0.000,0.011,0.000,0.000,0.000,0.000,0.000,0.000,0.000,0.000,0.000,0.000,0.000,0.000,0.000,0.000,0.000,0.000,0.000,0.000,0.000,0.000,0.000,0.000,0.000,0.000,0.000,0.000,0.000,0.000,0.000,0.000,0.000,0.000,0.000,0.000,0.000,0.000,0.000,0.000,0.000,0.000,0.000,0.000,0.000,0.000,0.000,0.000,0.000,0.000,0.000,0.000,0.000,0.000,0.000,0.000,0.000,0.000
2025-07-06 22:52:25,233.128,233.084,233.074,0.000,0.000,0.000,1.975,1.974,1.984,0.437,0.439,0.455,0.304,0.309,0.324,0.798,0.787,0.779,0.109,0.123,0.115,1.090,1.100,1.096,0.107,0.108,0.116,1.286,1.278,1.300,0.122,0.125,0.117,0.221,0.210,0.210,0.081,0.078,0.083,0.167,0.181,0.160,0.049,0.032,0.068,0.263,0.263,0.269,0.030,0.044,0.020,0.061,0.048,0.055,0.076,0.047,0.059,0.187,0.198,0.179,0.054,0.063,0.049,0.168,0.175,0.182,0.053,0.057,0.056,0.056,0.059,0.061,0.061,0.063,0.062,0.083,0.086,0.084,0.064,0.063,0.063,0.068,0.072,0.077,0.066,0.065,0.066,0.050,0.057,0.053,0.098,0.099,0.098,0.000,0.000,0.000,0.055,0.056,0.056,0.055,0.049,0.051,0.003,0.018,0.000,0.060,0.047,0.051,0.000,0.000,0.000,0.041,0.013,0.016,0.000,0.000,0.013,0.049,0.048,0.046,0.000,0.000,0.000,0.000,0.013,0.000,0.000,0.000,0.000,0.000,0.042,0.043,0.000,0.000,0.000,0.000,0.027,0.013,0.000,0.000,0.000,0.000,0.013,0.010,0.000,0.000,0.000,0.000,0.000,0.000,0.000,0.000,0.000,0.000,0.000,0.000,0.000,0.000,0.000,0.000,0.000,0.000,0.000,0.000,0.000,0.283,0.291,0.298,0.125,0.115,0.122,0.108,0.117,0.112,0.048,0.054,0.054,0.109,0.107,0.108,0.014,0.013,0.019,0.082,0.101,0.105,0.108,0.083,0.066,0.069,0.066,0.089,0.060,0.059,0.055,0.050,0.033,0.066,0.041,0.049,0.062,0.000,0.014,0.034,0.013,0.029,0.050,0.066,0.027,0.043,0.064,0.047,0.056,0.018,0.054,0.030,0.033,0.029,0.045,0.027,0.037,0.047,0.027,0.028,0.024,0.056,0.059,0.047,0.000,0.000,0.000,0.063,0.062,0.060,0.000,0.000,0.000,0.061,0.061,0.061,0.000,0.000,0.000,0.094,0.097,0.094,0.000,0.011,0.000,0.051,0.036,0.052,0.000,0.000,0.000,0.010,0.000,0.000,0.000,0.000,0.000,0.000,0.000,0.000,0.000,0.000,0.000,0.000,0.000,0.000,0.000,0.000,0.000,0.000,0.000,0.000,0.000,0.000,0.000,0.000,0.000,0.000,0.000,0.000,0.000,0.000,0.000,0.000,0.000,0.000,0.000,0.000,0.000,0.000,0.000,0.000,0.000,0.000,0.000,0.000,0.000,0.000,0.000,0.000,0.000,0.000,0.000,0.000,0.000,0.000,0.000,0.000
2025-07-06 22:52:28,233.294,233.250,233.240,0.000,0.000,0.000,1.976,1.977,1.974,0.443,0.455,0.456,0.305,0.315,0.320,0.770,0.769,0.763,0.116,0.120,0.128,1.101,1.108,1.107,0.093,0.104,0.111,1.297,1.288,1.285,0.117,0.130,0.132,0.217,0.223,0.202,0.082,0.083,0.080,0.150,0.159,0.175,0.056,0.047,0.031,0.270,0.265,0.257,0.045,0.042,0.044,0.074,0.064,0.061,0.072,0.067,0.038,0.182,0.193,0.199,0.052,0.053,0.060,0.167,0.153,0.164,0.047,0.056,0.058,0.061,0.059,0.057,0.062,0.060,0.060,0.076,0.077,0.076,0.057,0.061,0.067,0.072,0.075,0.079,0.064,0.066,0.065,0.049,0.049,0.056,0.099,0.103,0.096,0.000,0.000,0.000,0.053,0.057,0.061,0.056,0.056,0.047,0.014,0.013,0.026,0.061,0.058,0.051,0.013,0.000,0.000,0.030,0.024,0.000,0.000,0.000,0.000,0.032,0.049,0.049,0.000,0.000,0.000,0.000,0.000,0.013,0.000,0.000,0.000,0.012,0.002,0.031,0.000,0.000,0.000,0.000,0.013,0.010,0.000,0.000,0.000,0.000,0.013,0.013,0.000,0.000,0.000,0.000,0.000,0.000,0.000,0.000,0.000,0.000,0.000,0.000,0.000,0.000,0.000,0.000,0.000,0.000,0.000,0.000,0.000,0.284,0.292,0.299,0.129,0.140,0.122,0.111,0.116,0.123,0.061,0.056,0.052,0.094,0.108,0.111,0.028,0.000,0.011,0.086,0.090,0.107,0.106,0.114,0.090,0.072,0.071,0.071,0.067,0.065,0.063,0.063,0.050,0.030,0.035,0.047,0.052,0.024,0.000,0.028,0.030,0.016,0.054,0.072,0.063,0.031,0.056,0.055,0.039,0.014,0.019,0.052,0.048,0.046,0.033,0.041,0.032,0.040,0.003,0.044,0.030,0.057,0.058,0.056,0.000,0.000,0.000,0.057,0.056,0.064,0.000,0.000,0.000,0.060,0.061,0.059,0.000,0.000,0.000,0.096,0.100,0.092,0.000,0.002,0.000,0.037,0.052,0.056,0.000,0.000,0.000,0.017,0.000,0.010,0.000,0.000,0.000,0.000,0.000,0.000,0.000,0.000,0.000,0.000,0.000,0.000,0.000,0.000,0.000,0.000,0.000,0.000,0.000,0.000,0.000,0.000,0.000,0.000,0.000,0.000,0.000,0.000,0.000,0.000,0.000,0.000,0.000,0.000,0.000,0.000,0.000,0.000,0.000,0.000,0.000,0.000,0.000,0.000,0.000,0.000,0.000,0.000,0.000,0.000,0.000,0.000,0.000,0.000
2025-07-06 22:52:31,233.157,233.114,233.103,0.000,0.000,0.000,1.988,1.974,3.045,0.466,0.461,2.096,0.309,0.312,0.595,0.766,0.759,0.975,0.124,0.117,0.457,1.107,1.099,1.198,0.096,0.100,0.409,1.300,1.295,1.351,0.130,0.126,0.436,0.218,0.219,0.478,0.084,0.086,0.389,0.142,0.144,0.440,0.058,0.056,0.356,0.294,0.280,0.510,0.045,0.028,0.319,0.081,0.075,0.346,0.074,0.076,0.338,0.194,0.188,0.426,0.054,0.055,0.316,0.164,0.161,0.375,0.049,0.047,0.299,0.056,0.069,0.295,0.069,0.060,0.277,0.085,0.083,0.274,0.063,0.065,0.246,0.083,0.073,0.257,0.070,0.066,0.232,0.053,0.044,0.186,0.099,0.098,0.211,0.000,0.013,0.148,0.054,0.058,0.166,0.050,0.057,0.142,0.000,0.027,0.118,0.055,0.065,0.118,0.000,0.000,0.069,0.026,0.047,0.054,0.000,0.000,0.041,0.047,0.045,0.063,0.000,0.000,0.031,0.039,0.000,0.061,0.000,0.000,0.061,0.043,0.000,0.078,0.000,0.000,0.092,0.000,0.000,0.105,0.000,0.000,0.113,0.010,0.010,0.142,0.000,0.000,0.131,0.000,0.000,0.132,0.000,0.000,0.129,0.000,0.000,0.116,0.000,0.000,0.085,0.000,0.000,0.042,0.000,0.000,0.221,0.283,0.291,1.088,0.145,0.139,0.422,0.117,0.115,0.448,0.059,0.065,0.392,0.100,0.104,0.387,0.028,0.025,0.370,0.096,0.095,0.400,0.116,0.113,0.405,0.071,0.075,0.374,0.081,0.072,0.373,0.055,0.058,0.349,0.055,0.049,0.359,0.034,0.000,0.304,0.052,0.028,0.324,0.072,0.072,0.335,0.057,0.058,0.328,0.051,0.028,0.301,0.046,0.048,0.307,0.017,0.018,0.279,0.037,0.017,0.278,0.063,0.059,0.279,0.000,0.000,0.221,0.063,0.063,0.244,0.000,0.000,0.192,0.065,0.063,0.231,0.014,0.000,0.173,0.094,0.096,0.215,0.027,0.000,0.135,0.053,0.052,0.167,0.000,0.000,0.110,0.000,0.014,0.104,0.000,0.000,0.077,0.000,0.000,0.066,0.000,0.000,0.045,0.000,0.000,0.030,0.000,0.000,0.028,0.000,0.000,0.025,0.000,0.000,0.035,0.000,0.000,0.053,0.000,0.000,0.068,0.000,0.000,0.085,0.000,0.000,0.096,0.000,0.000,0.106,0.000,0.000,0.113,0.000,0.000,0.127,0.000,0.000,0.133,0.000,0.000,0.126,0.000,0.000,0.121,0.000,0.000,0.102
2025-07-06 22:52:34,233.231,233.188,233.178,0.000,0.000,0.000,2.022,2.095,2.367,1.691,2.596,2.697,0.496,0.646,0.676,0.755,0.803,0.859,0.146,0.221,0.290,1.097,1.115,1.147,0.119,0.130,0.211,1.292,1.273,1.295,0.133,0.148,0.234,0.206,0.200,0.262,0.090,0.099,0.171,0.140,0.166,0.234,0.056,0.061,0.140,0.292,0.265,0.326,0.041,0.036,0.120,0.074,0.062,0.136,0.083,0.065,0.137,0.190,0.193,0.253,0.063,0.065,0.130,0.155,0.159,0.214,0.048,0.061,0.115,0.064,0.062,0.112,0.061,0.064,0.125,0.085,0.082,0.129,0.069,0.063,0.112,0.086,0.080,0.134,0.065,0.071,0.118,0.058,0.055,0.096,0.090,0.104,0.134,0.000,0.013,0.033,0.059,0.055,0.084,0.048,0.054,0.071,0.027,0.028,0.046,0.059,0.056,0.063,0.000,0.015,0.028,0.048,0.035,0.021,0.000,0.000,0.006,0.046,0.050,0.055,0.000,0.000,0.007,0.032,0.012,0.053,0.000,0.000,0.026,0.032,0.011,0.057,0.000,0.000,0.023,0.000,0.011,0.050,0.000,0.000,0.028,0.002,0.013,0.059,0.000,0.000,0.032,0.000,0.000,0.033,0.000,0.000,0.032,0.000,0.000,0.029,0.000,0.000,0.037,0.000,0.000,0.010,0.259,0.473,0.439,1.560,2.429,2.318,0.260,0.405,0.425,0.138,0.214,0.283,0.143,0.218,0.265,0.124,0.164,0.239,0.170,0.219,0.248,0.165,0.257,0.334,0.128,0.116,0.171,0.072,0.100,0.182,0.083,0.082,0.147,0.062,0.068,0.150,0.090,0.092,0.151,0.060,0.086,0.172,0.046,0.031,0.126,0.070,0.064,0.131,0.094,0.083,0.141,0.054,0.101,0.165,0.076,0.072,0.125,0.051,0.087,0.150,0.049,0.044,0.089,0.060,0.065,0.123,0.041,0.039,0.068,0.073,0.075,0.118,0.028,0.018,0.074,0.064,0.073,0.128,0.017,0.046,0.056,0.089,0.100,0.128,0.013,0.000,0.063,0.054,0.053,0.077,0.016,0.017,0.027,0.024,0.019,0.052,0.017,0.029,0.033,0.000,0.023,0.031,0.029,0.014,0.022,0.000,0.017,0.007,0.014,0.016,0.007,0.000,0.017,0.023,0.015,0.000,0.008,0.000,0.000,0.029,0.016,0.000,0.017,0.000,0.000,0.035,0.000,0.013,0.024,0.000,0.000,0.026,0.013,0.000,0.028,0.000,0.000,0.046,0.000,0.000,0.033,0.000,0.000,0.031,0.000,0.000,0.030,0.000,0.000,0.025
2025-07-06 22:52:37,233.225,233.181,233.170,0.000,0.000,0.000,1.985,1.987,1.989,0.714,0.685,0.603,0.362,0.348,0.330,0.762,0.754,0.755,0.141,0.139,0.139,1.123,1.123,1.127,0.100,0.120,0.097,1.273,1.282,1.287,0.145,0.141,0.128,0.203,0.202,0.204,0.101,0.098,0.098,0.170,0.160,0.154,0.021,0.061,0.069,0.257,0.263,0.274,0.011,0.025,0.032,0.059,0.059,0.053,0.057,0.065,0.073,0.200,0.190,0.195,0.069,0.065,0.061,0.160,0.171,0.156,0.064,0.056,0.057,0.063,0.063,0.064,0.059,0.065,0.066,0.087,0.085,0.088,0.066,0.066,0.066,0.091,0.098,0.090,0.069,0.069,0.069,0.059,0.063,0.054,0.099,0.100,0.098,0.000,0.000,0.000,0.057,0.060,0.066,0.039,0.049,0.054,0.030,0.028,0.046,0.049,0.047,0.059,0.026,0.027,0.028,0.003,0.000,0.029,0.000,0.014,0.000,0.049,0.049,0.045,0.000,0.000,0.000,0.042,0.051,0.029,0.000,0.000,0.002,0.027,0.046,0.016,0.000,0.000,0.000,0.010,0.016,0.013,0.000,0.000,0.000,0.040,0.041,0.012,0.000,0.000,0.000,0.000,0.000,0.000,0.000,0.000,0.000,0.000,0.000,0.000,0.000,0.000,0.000,0.000,0.000,0.000,0.080,0.064,0.058,0.584,0.544,0.438,0.142,0.144,0.177,0.139,0.135,0.133,0.077,0.068,0.073,0.103,0.117,0.096,0.050,0.043,0.046,0.121,0.128,0.112,0.107,0.085,0.092,0.080,0.094,0.091,0.072,0.065,0.067,0.044,0.056,0.064,0.051,0.061,0.063,0.017,0.027,0.036,0.030,0.038,0.035,0.051,0.055,0.061,0.056,0.067,0.064,0.054,0.059,0.054,0.057,0.035,0.051,0.037,0.051,0.035,0.053,0.018,0.046,0.058,0.063,0.059,0.000,0.000,0.003,0.062,0.061,0.062,0.000,0.013,0.002,0.063,0.065,0.066,0.040,0.016,0.000,0.093,0.096,0.092,0.025,0.013,0.014,0.051,0.052,0.060,0.000,0.000,0.000,0.016,0.000,0.012,0.000,0.002,0.003,0.000,0.000,0.000,0.011,0.000,0.002,0.000,0.000,0.000,0.000,0.000,0.000,0.000,0.000,0.000,0.000,0.000,0.000,0.000,0.000,0.000,0.000,0.000,0.000,0.000,0.000,0.000,0.000,0.000,0.000,0.000,0.000,0.000,0.000,0.000,0.000,0.000,0.000,0.000,0.000,0.000,0.000,0.000,0.000,0.000,0.000,0.000,0.000,0.000,0.000,0.000
2025-07-06 22:52:40,233.240,233.195,233.185,0.000,0.000,0.000,1.965,1.982,1.977,0.496,0.492,0.485,0.336,0.343,0.319,0.728,0.731,0.742,0.139,0.130,0.127,1.124,1.128,1.116,0.118,0.093,0.105,1.270,1.287,1.286,0.148,0.127,0.137,0.190,0.194,0.203,0.091,0.098,0.080,0.173,0.163,0.148,0.054,0.077,0.058,0.253,0.273,0.296,0.044,0.036,0.046,0.060,0.051,0.079,0.067,0.070,0.079,0.188,0.199,0.202,0.058,0.062,0.065,0.159,0.153,0.148,0.039,0.061,0.052,0.065,0.062,0.057,0.065,0.063,0.061,0.083,0.082,0.088,0.066,0.065,0.064,0.097,0.087,0.091,0.074,0.067,0.071,0.067,0.058,0.063,0.098,0.097,0.102,0.000,0.000,0.000,0.060,0.062,0.054,0.042,0.050,0.048,0.032,0.029,0.027,0.048,0.052,0.057,0.014,0.013,0.014,0.000,0.013,0.028,0.000,0.000,0.010,0.048,0.049,0.048,0.000,0.000,0.000,0.048,0.043,0.042,0.000,0.000,0.000,0.046,0.028,0.027,0.000,0.000,0.000,0.017,0.029,0.016,0.000,0.000,0.000,0.045,0.044,0.016,0.000,0.000,0.000,0.000,0.000,0.000,0.000,0.000,0.000,0.000,0.000,0.000,0.000,0.000,0.000,0.000,0.000,0.000,0.000,0.000,0.000,0.324,0.321,0.299,0.131,0.145,0.149,0.136,0.126,0.123,0.049,0.064,0.058,0.114,0.089,0.106,0.013,0.028,0.043,0.126,0.106,0.102,0.090,0.087,0.121,0.088,0.094,0.062,0.060,0.067,0.081,0.059,0.067,0.046,0.051,0.068,0.068,0.044,0.045,0.012,0.056,0.043,0.058,0.060,0.065,0.067,0.065,0.062,0.073,0.054,0.059,0.055,0.046,0.052,0.056,0.024,0.054,0.027,0.003,0.040,0.037,0.062,0.054,0.055,0.013,0.000,0.014,0.065,0.057,0.062,0.000,0.000,0.000,0.065,0.063,0.071,0.034,0.010,0.014,0.092,0.092,0.099,0.016,0.010,0.000,0.057,0.055,0.037,0.000,0.013,0.000,0.000,0.015,0.003,0.000,0.000,0.000,0.000,0.000,0.000,0.002,0.000,0.000,0.000,0.000,0.000,0.000,0.000,0.000,0.000,0.000,0.000,0.000,0.000,0.000,0.000,0.000,0.000,0.000,0.000,0.000,0.000,0.000,0.000,0.000,0.000,0.000,0.000,0.000,0.000,0.000,0.000,0.000,0.000,0.000,0.000,0.000,0.000,0.000,0.000,0.000,0.000,0.000,0.000,0.000,0.000,0.000,0.000
2025-07-06 22:52:43,233.263,233.219,233.208,0.000,0.000,0.000,1.986,1.975,1.978,0.501,0.486,0.494,0.352,0.322,0.335,0.732,0.741,0.739,0.140,0.123,0.124,1.121,1.112,1.108,0.112,0.102,0.099,1.297,1.290,1.291,0.132,0.134,0.136,0.194,0.205,0.207,0.097,0.081,0.075,0.162,0.149,0.138,0.071,0.060,0.063,0.258,0.280,0.292,0.047,0.043,0.048,0.058,0.074,0.088,0.087,0.074,0.087,0.189,0.195,0.204,0.063,0.067,0.069,0.153,0.147,0.145,0.050,0.059,0.047,0.066,0.069,0.059,0.064,0.063,0.063,0.088,0.096,0.097,0.072,0.065,0.070,0.100,0.093,0.091,0.067,0.073,0.072,0.066,0.057,0.059,0.097,0.105,0.099,0.000,0.000,0.000,0.061,0.054,0.060,0.045,0.051,0.050,0.027,0.016,0.028,0.052,0.061,0.065,0.017,0.025,0.013,0.000,0.029,0.047,0.000,0.000,0.016,0.045,0.048,0.046,0.000,0.000,0.000,0.048,0.029,0.033,0.000,0.000,0.000,0.050,0.029,0.043,0.000,0.000,0.000,0.013,0.000,0.010,0.000,0.000,0.000,0.003,0.002,0.000,0.000,0.000,0.000,0.000,0.000,0.000,0.000,0.000,0.000,0.000,0.000,0.000,0.000,0.000,0.000,0.000,0.000,0.000,0.000,0.000,0.000,0.325,0.296,0.312,0.144,0.149,0.149,0.132,0.120,0.123,0.057,0.062,0.066,0.103,0.104,0.100,0.034,0.048,0.028,0.120,0.102,0.110,0.072,0.114,0.110,0.099,0.066,0.060,0.057,0.077,0.078,0.071,0.056,0.052,0.056,0.063,0.063,0.052,0.049,0.043,0.047,0.054,0.061,0.075,0.064,0.070,0.066,0.066,0.077,0.057,0.059,0.056,0.048,0.047,0.058,0.047,0.035,0.031,0.030,0.048,0.016,0.059,0.062,0.056,0.000,0.024,0.027,0.064,0.066,0.069,0.000,0.000,0.000,0.064,0.068,0.069,0.013,0.028,0.000,0.095,0.102,0.096,0.000,0.002,0.000,0.051,0.050,0.058,0.026,0.000,0.000,0.000,0.000,0.014,0.000,0.000,0.000,0.000,0.000,0.000,0.000,0.010,0.000,0.000,0.000,0.000,0.000,0.000,0.000,0.000,0.000,0.000,0.000,0.000,0.000,0.000,0.000,0.000,0.000,0.000,0.000,0.000,0.000,0.000,0.000,0.000,0.000,0.000,0.000,0.000,0.000,0.000,0.000,0.000,0.000,0.000,0.000,0.000,0.000,0.000,0.000,0.000,0.000,0.000,0.000,0.000,0.000,0.000
2025-07-06 22:52:46,233.107,233.063,233.053,0.000,0.000,0.000,1.980,1.977,1.980,0.513,0.508,0.500,0.358,0.357,0.347,0.737,0.738,0.741,0.140,0.134,0.127,1.111,1.120,1.105,0.120,0.103,0.099,1.289,1.285,1.293,0.149,0.134,0.142,0.196,0.198,0.204,0.096,0.093,0.078,0.170,0.176,0.139,0.064,0.064,0.071,0.250,0.237,0.283,0.051,0.046,0.047,0.067,0.063,0.090,0.076,0.086,0.090,0.195,0.191,0.211,0.068,0.063,0.070,0.139,0.135,0.131,0.056,0.063,0.046,0.063,0.069,0.064,0.070,0.060,0.063,0.085,0.091,0.095,0.067,0.066,0.072,0.093,0.095,0.095,0.077,0.069,0.066,0.068,0.056,0.061,0.106,0.096,0.099,0.000,0.000,0.000,0.052,0.063,0.058,0.019,0.053,0.048,0.000,0.028,0.013,0.052,0.061,0.065,0.028,0.002,0.000,0.010,0.031,0.048,0.011,0.000,0.000,0.051,0.046,0.047,0.012,0.000,0.000,0.049,0.017,0.043,0.000,0.000,0.000,0.049,0.029,0.047,0.000,0.000,0.000,0.041,0.000,0.002,0.000,0.000,0.000,0.027,0.000,0.011,0.000,0.000,0.000,0.000,0.000,0.000,0.000,0.000,0.000,0.000,0.000,0.000,0.000,0.000,0.000,0.000,0.000,0.000,0.000,0.000,0.000,0.327,0.327,0.310,0.151,0.150,0.165,0.139,0.131,0.128,0.055,0.065,0.067,0.110,0.102,0.100,0.046,0.054,0.029,0.127,0.105,0.116,0.081,0.106,0.113,0.092,0.082,0.059,0.065,0.071,0.084,0.065,0.059,0.046,0.058,0.064,0.074,0.054,0.024,0.038,0.053,0.049,0.066,0.068,0.080,0.069,0.065,0.069,0.073,0.058,0.052,0.051,0.050,0.053,0.033,0.054,0.049,0.027,0.006,0.053,0.005,0.065,0.057,0.060,0.000,0.002,0.006,0.063,0.067,0.067,0.014,0.000,0.006,0.065,0.065,0.065,0.027,0.003,0.000,0.100,0.094,0.096,0.000,0.000,0.000,0.047,0.058,0.053,0.000,0.018,0.005,0.000,0.000,0.005,0.000,0.000,0.005,0.013,0.000,0.000,0.000,0.002,0.000,0.000,0.000,0.005,0.000,0.000,0.000,0.000,0.000,0.000,0.000,0.000,0.000,0.000,0.000,0.000,0.000,0.000,0.000,0.000,0.000,0.000,0.000,0.000,0.000,0.000,0.000,0.000,0.000,0.000,0.000,0.000,0.000,0.000,0.000,0.000,0.000,0.000,0.000,0.000,0.000,0.000,0.000,0.000,0.000,0.000
2025-07-06 22:52:49,232.775,232.731,232.720,0.000,0.000,0.000,1.973,1.977,1.957,0.513,0.506,0.504,0.359,0.346,0.350,0.735,0.744,0.722,0.141,0.134,0.137,1.117,1.114,1.113,0.112,0.105,0.103,1.278,1.287,1.268,0.149,0.139,0.143,0.203,0.200,0.203,0.097,0.090,0.084,0.190,0.181,0.192,0.043,0.059,0.048,0.205,0.223,0.208,0.044,0.050,0.028,0.058,0.068,0.068,0.076,0.076,0.063,0.203,0.209,0.208,0.065,0.061,0.061,0.131,0.133,0.141,0.063,0.054,0.059,0.075,0.074,0.078,0.061,0.065,0.062,0.101,0.103,0.106,0.072,0.075,0.073,0.090,0.094,0.083,0.069,0.061,0.063,0.061,0.067,0.061,0.098,0.093,0.094,0.000,0.014,0.000,0.057,0.063,0.066,0.044,0.047,0.048,0.027,0.025,0.032,0.054,0.059,0.051,0.015,0.000,0.014,0.041,0.047,0.019,0.002,0.000,0.000,0.047,0.047,0.048,0.003,0.000,0.000,0.046,0.042,0.048,0.000,0.000,0.000,0.049,0.046,0.047,0.000,0.000,0.000,0.026,0.012,0.013,0.000,0.000,0.000,0.030,0.028,0.033,0.000,0.000,0.000,0.000,0.000,0.000,0.000,0.000,0.000,0.000,0.000,0.000,0.000,0.000,0.000,0.013,0.000,0.000,0.000,0.000,0.000,0.334,0.321,0.328,0.142,0.154,0.148,0.139,0.133,0.135,0.052,0.064,0.055,0.111,0.103,0.106,0.018,0.045,0.010,0.125,0.113,0.121,0.100,0.099,0.098,0.082,0.076,0.069,0.065,0.074,0.069,0.053,0.056,0.040,0.055,0.068,0.055,0.022,0.051,0.035,0.053,0.054,0.053,0.065,0.065,0.060,0.063,0.073,0.062,0.058,0.052,0.050,0.053,0.049,0.047,0.041,0.050,0.031,0.046,0.033,0.049,0.059,0.060,0.058,0.011,0.000,0.009,0.069,0.071,0.070,0.000,0.013,0.023,0.062,0.057,0.058,0.031,0.021,0.010,0.097,0.088,0.091,0.000,0.023,0.000,0.052,0.060,0.057,0.010,0.000,0.034,0.013,0.010,0.008,0.000,0.000,0.033,0.000,0.000,0.000,0.008,0.000,0.010,0.000,0.000,0.008,0.000,0.000,0.000,0.000,0.000,0.000,0.000,0.000,0.000,0.000,0.000,0.000,0.000,0.000,0.000,0.000,0.000,0.000,0.000,0.000,0.000,0.000,0.000,0.000,0.000,0.000,0.000,0.000,0.000,0.000,0.000,0.000,0.000,0.000,0.000,0.000,0.000,0.000,0.000,0.000,0.000,0.000
2025-07-06 22:52:52,232.890,232.846,232.835,0.000,0.000,0.000,1.962,1.954,1.953,0.487,0.479,0.470,0.336,0.335,0.326,0.741,0.736,0.738,0.129,0.136,0.134,1.122,1.111,1.117,0.112,0.099,0.105,1.255,1.260,1.254,0.141,0.137,0.131,0.205,0.200,0.200,0.087,0.096,0.089,0.196,0.194,0.195,0.050,0.056,0.063,0.219,0.219,0.216,0.031,0.003,0.046,0.066,0.060,0.054,0.067,0.066,0.064,0.226,0.224,0.226,0.066,0.062,0.062,0.135,0.130,0.137,0.062,0.057,0.055,0.072,0.070,0.072,0.064,0.064,0.062,0.113,0.110,0.111,0.068,0.068,0.064,0.080,0.080,0.079,0.067,0.067,0.072,0.064,0.060,0.058,0.095,0.100,0.103,0.000,0.013,0.000,0.062,0.058,0.054,0.049,0.049,0.052,0.041,0.019,0.003,0.048,0.052,0.051,0.013,0.000,0.012,0.030,0.029,0.038,0.014,0.000,0.000,0.049,0.050,0.048,0.000,0.000,0.000,0.035,0.034,0.033,0.000,0.000,0.000,0.038,0.031,0.032,0.000,0.000,0.000,0.041,0.027,0.030,0.000,0.000,0.000,0.047,0.033,0.032,0.000,0.000,0.000,0.000,0.000,0.000,0.000,0.000,0.000,0.000,0.000,0.000,0.000,0.000,0.000,0.000,0.000,0.000,0.000,0.000,0.000,0.314,0.310,0.303,0.141,0.143,0.140,0.127,0.132,0.131,0.049,0.060,0.059,0.110,0.098,0.103,0.000,0.017,0.028,0.114,0.103,0.105,0.098,0.103,0.088,0.080,0.078,0.080,0.060,0.073,0.062,0.058,0.049,0.055,0.054,0.059,0.055,0.032,0.003,0.027,0.054,0.032,0.048,0.063,0.054,0.050,0.059,0.063,0.059,0.052,0.033,0.045,0.054,0.052,0.036,0.050,0.051,0.033,0.032,0.030,0.033,0.060,0.060,0.058,0.002,0.000,0.000,0.064,0.066,0.057,0.000,0.000,0.000,0.060,0.061,0.068,0.013,0.000,0.013,0.090,0.097,0.099,0.000,0.013,0.000,0.056,0.043,0.034,0.002,0.000,0.002,0.016,0.016,0.000,0.000,0.000,0.002,0.000,0.000,0.000,0.014,0.000,0.002,0.000,0.000,0.000,0.000,0.000,0.000,0.000,0.000,0.000,0.000,0.000,0.000,0.000,0.000,0.000,0.000,0.000,0.000,0.000,0.000,0.000,0.000,0.000,0.000,0.000,0.000,0.000,0.000,0.000,0.000,0.000,0.000,0.000,0.000,0.000,0.000,0.000,0.000,0.000,0.000,0.000,0.000,0.000,0.000,0.000
2025-07-06 22:52:55,232.899,232.856,232.845,0.000,0.000,0.000,1.961,1.953,1.952,0.467,0.467,0.456,0.323,0.323,0.311,0.760,0.754,0.749,0.126,0.127,0.126,1.120,1.118,1.118,0.107,0.100,0.102,1.249,1.239,1.248,0.135,0.140,0.130,0.202,0.204,0.201,0.089,0.090,0.087,0.188,0.199,0.199,0.060,0.056,0.058,0.223,0.223,0.215,0.037,0.033,0.003,0.061,0.065,0.061,0.067,0.062,0.068,0.246,0.251,0.245,0.061,0.063,0.063,0.129,0.125,0.134,0.055,0.057,0.057,0.068,0.069,0.071,0.062,0.061,0.061,0.111,0.114,0.118,0.061,0.063,0.059,0.077,0.075,0.075,0.071,0.063,0.071,0.058,0.058,0.057,0.101,0.103,0.104,0.000,0.000,0.000,0.057,0.056,0.051,0.048,0.047,0.049,0.013,0.024,0.011,0.052,0.046,0.049,0.018,0.000,0.014,0.031,0.019,0.032,0.000,0.000,0.000,0.052,0.048,0.047,0.000,0.000,0.000,0.045,0.050,0.045,0.000,0.000,0.000,0.041,0.035,0.025,0.000,0.000,0.000,0.040,0.030,0.015,0.000,0.000,0.000,0.049,0.052,0.029,0.000,0.000,0.000,0.000,0.000,0.000,0.000,0.000,0.000,0.000,0.000,0.000,0.000,0.000,0.000,0.000,0.000,0.000,0.000,0.000,0.000,0.294,0.298,0.287,0.141,0.129,0.137,0.123,0.124,0.122,0.061,0.057,0.061,0.101,0.100,0.097,0.028,0.000,0.029,0.111,0.112,0.101,0.094,0.094,0.094,0.079,0.083,0.082,0.065,0.065,0.062,0.057,0.056,0.056,0.059,0.054,0.051,0.028,0.027,0.019,0.028,0.054,0.031,0.061,0.059,0.062,0.058,0.055,0.057,0.048,0.052,0.052,0.044,0.053,0.030,0.047,0.025,0.041,0.015,0.046,0.031,0.056,0.060,0.059,0.000,0.000,0.000,0.058,0.062,0.060,0.000,0.000,0.000,0.063,0.059,0.063,0.011,0.000,0.002,0.097,0.100,0.098,0.011,0.000,0.010,0.049,0.035,0.035,0.000,0.000,0.000,0.000,0.011,0.000,0.000,0.000,0.000,0.016,0.000,0.000,0.000,0.000,0.000,0.000,0.000,0.000,0.000,0.000,0.000,0.000,0.000,0.000,0.000,0.000,0.000,0.000,0.000,0.000,0.000,0.000,0.000,0.000,0.000,0.000,0.000,0.000,0.000,0.000,0.000,0.000,0.000,0.000,0.000,0.000,0.000,0.000,0.000,0.000,0.000,0.000,0.000,0.000,0.000,0.000,0.000,0.000,0.000,0.000
2025-07-06 22:52:58,232.990,232.946,232.936,0.000,0.000,0.000,1.962,1.963,1.958,0.450,0.458,0.452,0.308,0.314,0.315,0.763,0.760,0.766,0.129,0.126,0.129,1.128,1.133,1.128,0.094,0.099,0.101,1.247,1.245,1.238,0.124,0.126,0.130,0.202,0.208,0.206,0.088,0.091,0.089,0.193,0.193,0.200,0.057,0.058,0.036,0.225,0.215,0.211,0.031,0.015,0.025,0.067,0.067,0.058,0.065,0.062,0.058,0.247,0.234,0.240,0.066,0.063,0.060,0.125,0.138,0.132,0.056,0.058,0.063,0.074,0.072,0.071,0.054,0.061,0.061,0.101,0.109,0.104,0.065,0.064,0.068,0.074,0.075,0.074,0.060,0.066,0.063,0.058,0.062,0.058,0.094,0.098,0.099,0.013,0.000,0.000,0.061,0.061,0.058,0.047,0.051,0.053,0.030,0.017,0.017,0.051,0.050,0.052,0.013,0.000,0.013,0.031,0.013,0.027,0.000,0.000,0.000,0.032,0.047,0.047,0.000,0.000,0.000,0.033,0.046,0.031,0.000,0.000,0.000,0.032,0.030,0.029,0.000,0.000,0.000,0.044,0.028,0.032,0.000,0.000,0.000,0.047,0.047,0.046,0.000,0.000,0.000,0.000,0.000,0.000,0.000,0.000,0.000,0.000,0.000,0.000,0.014,0.000,0.000,0.000,0.000,0.000,0.000,0.000,0.000,0.281,0.286,0.291,0.133,0.139,0.125,0.122,0.124,0.123,0.061,0.057,0.061,0.094,0.097,0.102,0.016,0.026,0.002,0.098,0.094,0.103,0.089,0.099,0.093,0.081,0.081,0.079,0.064,0.064,0.058,0.055,0.060,0.038,0.051,0.052,0.033,0.029,0.017,0.014,0.033,0.030,0.047,0.059,0.061,0.049,0.058,0.053,0.051,0.042,0.056,0.036,0.047,0.047,0.048,0.033,0.032,0.033,0.048,0.043,0.051,0.052,0.059,0.058,0.000,0.000,0.000,0.065,0.061,0.064,0.000,0.000,0.000,0.054,0.064,0.056,0.013,0.000,0.010,0.089,0.095,0.095,0.010,0.000,0.002,0.056,0.050,0.052,0.000,0.027,0.000,0.025,0.002,0.000,0.000,0.000,0.000,0.000,0.000,0.000,0.000,0.000,0.000,0.000,0.000,0.000,0.000,0.000,0.000,0.000,0.000,0.000,0.000,0.000,0.000,0.000,0.000,0.000,0.000,0.000,0.000,0.000,0.000,0.000,0.000,0.000,0.000,0.000,0.000,0.000,0.000,0.000,0.000,0.000,0.000,0.000,0.000,0.000,0.000,0.000,0.000,0.000,0.000,0.000,0.000,0.000,0.000,0.000
2025-07-06 22:53:01,232.979,232.935,232.925,0.000,0.000,0.000,1.975,1.971,1.969,0.442,0.443,0.434,0.300,0.303,0.291,0.766,0.767,0.768,0.124,0.127,0.121,1.144,1.140,1.136,0.104,0.104,0.098,1.254,1.248,1.250,0.127,0.127,0.130,0.205,0.201,0.210,0.089,0.086,0.091,0.194,0.203,0.196,0.056,0.045,0.056,0.216,0.218,0.216,0.017,0.045,0.017,0.049,0.059,0.062,0.063,0.057,0.062,0.256,0.259,0.256,0.054,0.061,0.059,0.125,0.125,0.123,0.054,0.058,0.051,0.066,0.059,0.071,0.064,0.065,0.062,0.106,0.099,0.109,0.064,0.064,0.064,0.072,0.078,0.071,0.064,0.072,0.070,0.058,0.063,0.056,0.098,0.098,0.101,0.013,0.000,0.000,0.056,0.059,0.055,0.052,0.047,0.049,0.019,0.014,0.026,0.051,0.033,0.052,0.015,0.000,0.000,0.028,0.025,0.014,0.000,0.000,0.000,0.048,0.048,0.052,0.000,0.000,0.000,0.043,0.034,0.043,0.000,0.000,0.000,0.041,0.044,0.016,0.000,0.000,0.000,0.043,0.042,0.040,0.000,0.000,0.000,0.048,0.045,0.045,0.000,0.000,0.000,0.000,0.000,0.000,0.000,0.000,0.000,0.000,0.000,0.000,0.000,0.000,0.000,0.000,0.000,0.000,0.000,0.000,0.000,0.274,0.272,0.264,0.125,0.134,0.129,0.118,0.120,0.116,0.059,0.059,0.057,0.101,0.100,0.099,0.041,0.017,0.024,0.100,0.099,0.097,0.092,0.094,0.097,0.084,0.077,0.085,0.062,0.061,0.059,0.056,0.036,0.058,0.049,0.049,0.045,0.028,0.017,0.013,0.031,0.032,0.036,0.057,0.052,0.057,0.035,0.051,0.050,0.045,0.051,0.051,0.043,0.046,0.029,0.047,0.021,0.047,0.018,0.048,0.003,0.045,0.061,0.058,0.000,0.000,0.000,0.058,0.062,0.058,0.000,0.000,0.000,0.063,0.063,0.063,0.002,0.025,0.016,0.095,0.094,0.097,0.002,0.000,0.000,0.050,0.054,0.051,0.000,0.000,0.000,0.017,0.013,0.000,0.000,0.000,0.000,0.000,0.000,0.000,0.000,0.000,0.000,0.000,0.000,0.000,0.000,0.000,0.000,0.000,0.000,0.000,0.000,0.000,0.000,0.000,0.000,0.000,0.000,0.000,0.000,0.000,0.000,0.000,0.000,0.000,0.000,0.000,0.000,0.000,0.000,0.000,0.000,0.000,0.000,0.000,0.000,0.000,0.000,0.000,0.000,0.000,0.000,0.000,0.000,0.000,0.000,0.000
2025-07-06 22:53:04,232.788,232.744,232.734,0.000,0.000,0.000,2.011,2.020,2.018,0.423,0.425,0.432,0.274,0.277,0.276,0.793,0.811,0.811,0.121,0.126,0.128,1.165,1.168,1.165,0.102,0.101,0.104,1.270,1.267,1.267,0.125,0.123,0.126,0.224,0.220,0.223,0.087,0.089,0.089,0.197,0.196,0.189,0.040,0.056,0.048,0.237,0.240,0.245,0.027,0.042,0.014,0.055,0.056,0.060,0.055,0.057,0.059,0.272,0.282,0.277,0.059,0.058,0.058,0.130,0.123,0.127,0.052,0.052,0.053,0.059,0.061,0.063,0.062,0.062,0.063,0.109,0.109,0.110,0.063,0.059,0.064,0.073,0.077,0.076,0.065,0.072,0.067,0.057,0.054,0.054,0.095,0.101,0.102,0.000,0.000,0.000,0.059,0.054,0.060,0.047,0.050,0.047,0.026,0.014,0.019,0.048,0.051,0.048,0.000,0.000,0.010,0.024,0.015,0.016,0.000,0.000,0.000,0.045,0.050,0.050,0.000,0.000,0.000,0.049,0.040,0.046,0.000,0.000,0.000,0.046,0.026,0.040,0.000,0.000,0.000,0.027,0.046,0.029,0.000,0.000,0.000,0.044,0.045,0.043,0.000,0.000,0.000,0.000,0.000,0.000,0.000,0.000,0.000,0.000,0.000,0.000,0.000,0.000,0.000,0.000,0.000,0.000,0.000,0.000,0.000,0.253,0.258,0.254,0.124,0.115,0.128,0.118,0.118,0.126,0.051,0.055,0.061,0.104,0.101,0.102,0.011,0.000,0.010,0.094,0.097,0.100,0.095,0.090,0.089,0.079,0.086,0.081,0.058,0.059,0.067,0.039,0.055,0.045,0.045,0.048,0.056,0.031,0.019,0.000,0.038,0.034,0.033,0.056,0.057,0.055,0.046,0.052,0.054,0.047,0.046,0.038,0.041,0.048,0.045,0.037,0.035,0.037,0.030,0.012,0.015,0.056,0.056,0.061,0.000,0.013,0.000,0.059,0.054,0.059,0.000,0.000,0.000,0.063,0.065,0.065,0.000,0.002,0.000,0.094,0.097,0.097,0.000,0.000,0.000,0.038,0.034,0.053,0.000,0.000,0.000,0.008,0.000,0.013,0.000,0.000,0.000,0.000,0.000,0.000,0.000,0.000,0.000,0.000,0.000,0.000,0.000,0.000,0.000,0.000,0.000,0.000,0.000,0.000,0.000,0.000,0.000,0.000,0.000,0.000,0.000,0.000,0.000,0.000,0.000,0.000,0.000,0.000,0.000,0.000,0.000,0.000,0.000,0.000,0.000,0.000,0.000,0.000,0.000,0.000,0.000,0.000,0.000,0.000,0.000,0.000,0.000,0.000
2025-07-06 22:53:07,232.594,232.550,232.540,0.000,0.000,0.000,2.039,2.033,2.029,0.418,0.421,0.422,0.276,0.272,0.274,0.821,0.827,0.818,0.125,0.123,0.128,1.191,1.179,1.181,0.098,0.109,0.101,1.276,1.272,1.268,0.118,0.124,0.124,0.222,0.223,0.223,0.086,0.092,0.087,0.187,0.184,0.188,0.054,0.058,0.058,0.226,0.232,0.235,0.030,0.015,0.014,0.053,0.059,0.060,0.057,0.059,0.060,0.279,0.285,0.278,0.055,0.053,0.056,0.130,0.123,0.133,0.051,0.053,0.052,0.063,0.059,0.060,0.064,0.059,0.058,0.108,0.101,0.105,0.062,0.064,0.058,0.078,0.083,0.078,0.066,0.069,0.064,0.052,0.054,0.055,0.099,0.098,0.096,0.000,0.000,0.000,0.058,0.056,0.055,0.053,0.053,0.057,0.033,0.038,0.015,0.050,0.046,0.049,0.010,0.000,0.013,0.029,0.003,0.028,0.000,0.000,0.000,0.045,0.050,0.050,0.000,0.000,0.000,0.046,0.047,0.047,0.000,0.000,0.000,0.030,0.045,0.045,0.000,0.000,0.000,0.028,0.029,0.014,0.000,0.000,0.000,0.049,0.048,0.044,0.000,0.000,0.000,0.000,0.000,0.000,0.000,0.000,0.000,0.000,0.000,0.000,0.000,0.000,0.000,0.000,0.000,0.000,0.000,0.000,0.000,0.250,0.248,0.250,0.123,0.117,0.122,0.119,0.117,0.121,0.062,0.058,0.058,0.094,0.106,0.100,0.016,0.011,0.013,0.092,0.094,0.097,0.084,0.089,0.090,0.081,0.090,0.083,0.057,0.058,0.059,0.054,0.062,0.052,0.047,0.039,0.042,0.014,0.027,0.015,0.042,0.040,0.033,0.051,0.056,0.057,0.046,0.050,0.048,0.034,0.032,0.028,0.046,0.031,0.035,0.040,0.020,0.031,0.026,0.018,0.024,0.060,0.057,0.053,0.000,0.000,0.014,0.062,0.064,0.059,0.000,0.000,0.000,0.059,0.061,0.061,0.000,0.013,0.000,0.096,0.092,0.097,0.000,0.013,0.000,0.052,0.041,0.039,0.000,0.000,0.000,0.002,0.000,0.013,0.000,0.000,0.000,0.000,0.000,0.000,0.000,0.000,0.000,0.000,0.000,0.000,0.000,0.000,0.000,0.000,0.000,0.000,0.000,0.000,0.000,0.000,0.000,0.000,0.000,0.000,0.000,0.000,0.000,0.000,0.000,0.000,0.000,0.000,0.000,0.000,0.000,0.000,0.000,0.000,0.000,0.000,0.000,0.000,0.000,0.000,0.000,0.000,0.000,0.000,0.000,0.000,0.000,0.000
2025-07-06 22:53:10,232.609,232.565,232.555,0.000,0.000,0.000,2.011,2.006,2.000,0.416,0.420,0.421,0.263,0.268,0.265,0.822,0.820,0.813,0.118,0.124,0.122,1.165,1.163,1.160,0.111,0.106,0.106,1.252,1.243,1.241,0.125,0.124,0.122,0.227,0.218,0.222,0.083,0.089,0.092,0.197,0.202,0.196,0.055,0.057,0.059,0.233,0.239,0.240,0.003,0.015,0.027,0.055,0.056,0.068,0.060,0.058,0.064,0.284,0.289,0.287,0.055,0.053,0.058,0.126,0.128,0.128,0.056,0.046,0.043,0.060,0.061,0.059,0.063,0.064,0.055,0.101,0.100,0.101,0.062,0.060,0.062,0.076,0.082,0.078,0.071,0.069,0.064,0.053,0.054,0.053,0.098,0.102,0.098,0.000,0.000,0.011,0.053,0.054,0.059,0.054,0.052,0.054,0.000,0.017,0.012,0.049,0.048,0.046,0.002,0.012,0.002,0.032,0.014,0.030,0.000,0.000,0.000,0.044,0.049,0.050,0.000,0.000,0.000,0.032,0.046,0.045,0.000,0.000,0.000,0.043,0.042,0.045,0.000,0.000,0.000,0.033,0.042,0.045,0.000,0.000,0.000,0.044,0.047,0.034,0.000,0.000,0.000,0.000,0.000,0.000,0.000,0.000,0.000,0.000,0.000,0.000,0.000,0.000,0.000,0.000,0.000,0.000,0.000,0.000,0.000,0.240,0.246,0.241,0.118,0.119,0.119,0.111,0.119,0.117,0.054,0.058,0.059,0.108,0.103,0.099,0.034,0.017,0.031,0.094,0.098,0.095,0.093,0.090,0.091,0.079,0.080,0.083,0.058,0.066,0.067,0.056,0.053,0.060,0.034,0.049,0.052,0.002,0.031,0.015,0.029,0.030,0.049,0.056,0.053,0.061,0.051,0.050,0.053,0.042,0.046,0.047,0.036,0.031,0.049,0.034,0.017,0.035,0.033,0.000,0.033,0.060,0.061,0.051,0.000,0.000,0.000,0.060,0.059,0.059,0.000,0.000,0.000,0.065,0.064,0.057,0.025,0.000,0.013,0.096,0.098,0.092,0.012,0.000,0.000,0.038,0.036,0.038,0.000,0.000,0.000,0.000,0.013,0.010,0.000,0.000,0.000,0.000,0.000,0.000,0.000,0.000,0.000,0.000,0.000,0.000,0.000,0.000,0.000,0.000,0.000,0.000,0.000,0.000,0.000,0.000,0.000,0.000,0.000,0.000,0.000,0.000,0.000,0.000,0.000,0.000,0.000,0.000,0.000,0.000,0.000,0.000,0.000,0.000,0.000,0.000,0.000,0.000,0.000,0.000,0.000,0.000,0.000,0.000,0.000,0.000,0.000,0.000
2025-07-06 22:53:13,232.741,232.698,232.688,0.000,0.000,0.000,1.994,1.989,1.989,0.413,0.406,0.419,0.262,0.259,0.265,0.819,0.814,0.811,0.124,0.118,0.121,1.164,1.163,1.163,0.106,0.097,0.099,1.230,1.227,1.226,0.122,0.118,0.116,0.218,0.220,0.221,0.088,0.086,0.087,0.202,0.192,0.190,0.061,0.061,0.044,0.234,0.243,0.243,0.028,0.032,0.034,0.059,0.060,0.068,0.057,0.059,0.059,0.283,0.283,0.287,0.057,0.054,0.052,0.126,0.126,0.129,0.050,0.053,0.055,0.061,0.058,0.059,0.061,0.059,0.065,0.097,0.092,0.097,0.066,0.060,0.059,0.077,0.080,0.078,0.065,0.064,0.070,0.049,0.049,0.050,0.098,0.098,0.101,0.000,0.000,0.002,0.057,0.040,0.054,0.050,0.058,0.057,0.025,0.013,0.014,0.048,0.053,0.050,0.000,0.003,0.014,0.029,0.025,0.026,0.000,0.000,0.000,0.049,0.049,0.047,0.000,0.000,0.000,0.032,0.027,0.043,0.000,0.000,0.000,0.030,0.027,0.034,0.000,0.000,0.000,0.032,0.044,0.043,0.000,0.000,0.000,0.029,0.043,0.024,0.000,0.000,0.000,0.000,0.000,0.000,0.000,0.000,0.000,0.013,0.000,0.000,0.000,0.000,0.000,0.000,0.000,0.000,0.000,0.000,0.000,0.238,0.238,0.243,0.122,0.116,0.120,0.116,0.111,0.114,0.057,0.061,0.056,0.106,0.092,0.100,0.015,0.032,0.028,0.090,0.092,0.095,0.090,0.089,0.083,0.082,0.082,0.084,0.059,0.062,0.060,0.056,0.057,0.044,0.039,0.053,0.052,0.000,0.018,0.019,0.035,0.031,0.051,0.053,0.055,0.057,0.051,0.047,0.050,0.034,0.030,0.023,0.035,0.029,0.046,0.033,0.030,0.033,0.025,0.026,0.044,0.058,0.057,0.060,0.000,0.000,0.013,0.067,0.059,0.058,0.000,0.000,0.000,0.058,0.060,0.063,0.002,0.000,0.000,0.092,0.096,0.098,0.016,0.000,0.000,0.050,0.034,0.038,0.000,0.000,0.000,0.000,0.000,0.002,0.000,0.000,0.000,0.000,0.000,0.000,0.000,0.000,0.000,0.000,0.000,0.000,0.000,0.000,0.000,0.000,0.000,0.000,0.000,0.000,0.000,0.000,0.000,0.000,0.000,0.000,0.000,0.000,0.000,0.000,0.000,0.000,0.000,0.000,0.000,0.000,0.000,0.000,0.000,0.000,0.000,0.000,0.000,0.000,0.000,0.000,0.000,0.000,0.000,0.000,0.000,0.000,0.000,0.000
2025-07-06 22:53:16,232.714,232.670,232.660,0.000,0.000,0.000,1.991,1.993,1.991,0.410,0.411,0.406,0.259,0.268,0.261,0.822,0.825,0.817,0.118,0.130,0.120,1.158,1.163,1.160,0.098,0.103,0.106,1.231,1.224,1.232,0.125,0.119,0.121,0.217,0.215,0.216,0.091,0.087,0.091,0.198,0.207,0.213,0.062,0.056,0.061,0.233,0.222,0.222,0.036,0.017,0.016,0.053,0.052,0.041,0.057,0.061,0.059,0.284,0.284,0.280,0.050,0.051,0.042,0.124,0.120,0.119,0.048,0.052,0.040,0.055,0.062,0.057,0.063,0.047,0.059,0.099,0.099,0.106,0.064,0.063,0.062,0.078,0.078,0.074,0.065,0.064,0.067,0.051,0.050,0.050,0.100,0.096,0.098,0.013,0.000,0.000,0.058,0.053,0.055,0.054,0.058,0.052,0.002,0.027,0.018,0.048,0.049,0.049,0.014,0.014,0.000,0.027,0.043,0.044,0.000,0.000,0.000,0.048,0.047,0.046,0.000,0.000,0.000,0.016,0.028,0.043,0.000,0.000,0.000,0.042,0.028,0.029,0.000,0.000,0.000,0.010,0.028,0.048,0.000,0.000,0.000,0.029,0.046,0.030,0.000,0.000,0.000,0.000,0.000,0.000,0.000,0.000,0.000,0.000,0.000,0.000,0.000,0.000,0.000,0.000,0.000,0.000,0.000,0.000,0.000,0.233,0.242,0.237,0.119,0.117,0.116,0.113,0.120,0.113,0.061,0.060,0.059,0.098,0.104,0.101,0.014,0.002,0.031,0.093,0.087,0.096,0.092,0.093,0.085,0.083,0.082,0.086,0.061,0.061,0.060,0.059,0.056,0.060,0.050,0.047,0.049,0.031,0.003,0.000,0.035,0.045,0.032,0.053,0.054,0.051,0.038,0.052,0.051,0.032,0.028,0.031,0.045,0.035,0.021,0.017,0.018,0.031,0.027,0.033,0.016,0.058,0.043,0.054,0.000,0.000,0.000,0.061,0.063,0.058,0.000,0.000,0.000,0.065,0.059,0.062,0.000,0.000,0.000,0.098,0.092,0.094,0.000,0.000,0.000,0.053,0.037,0.025,0.000,0.000,0.000,0.000,0.010,0.000,0.000,0.000,0.000,0.000,0.000,0.000,0.000,0.000,0.000,0.000,0.000,0.000,0.000,0.000,0.000,0.000,0.000,0.000,0.000,0.000,0.000,0.000,0.000,0.000,0.000,0.000,0.000,0.000,0.000,0.000,0.000,0.000,0.000,0.000,0.000,0.000,0.000,0.000,0.000,0.000,0.000,0.000,0.000,0.000,0.000,0.000,0.000,0.000,0.000,0.000,0.000,0.000,0.000,0.000
2025-07-06 22:53:19,232.770,232.726,232.716,0.000,0.000,0.000,1.999,2.001,1.993,0.417,0.410,0.399,0.264,0.259,0.255,0.819,0.824,0.821,0.110,0.126,0.121,1.169,1.169,1.168,0.107,0.099,0.108,1.239,1.237,1.229,0.117,0.123,0.121,0.222,0.220,0.225,0.091,0.085,0.081,0.198,0.208,0.215,0.065,0.054,0.039,0.205,0.201,0.194,0.041,0.029,0.017,0.053,0.052,0.050,0.063,0.060,0.052,0.277,0.279,0.283,0.055,0.047,0.053,0.126,0.129,0.122,0.057,0.048,0.054,0.062,0.064,0.062,0.067,0.060,0.057,0.096,0.106,0.099,0.060,0.061,0.062,0.076,0.081,0.078,0.069,0.071,0.061,0.047,0.051,0.052,0.099,0.102,0.090,0.014,0.013,0.000,0.059,0.052,0.059,0.057,0.052,0.055,0.013,0.014,0.026,0.055,0.052,0.051,0.011,0.013,0.013,0.045,0.042,0.045,0.000,0.000,0.010,0.047,0.046,0.045,0.000,0.000,0.000,0.039,0.018,0.040,0.000,0.000,0.000,0.028,0.032,0.027,0.000,0.000,0.000,0.044,0.044,0.046,0.000,0.000,0.000,0.031,0.014,0.027,0.000,0.000,0.000,0.000,0.000,0.000,0.000,0.000,0.000,0.000,0.000,0.000,0.000,0.000,0.000,0.000,0.000,0.000,0.000,0.013,0.000,0.243,0.228,0.230,0.114,0.127,0.118,0.106,0.117,0.114,0.059,0.063,0.054,0.102,0.098,0.107,0.032,0.040,0.017,0.093,0.087,0.089,0.086,0.098,0.093,0.088,0.075,0.077,0.061,0.066,0.056,0.058,0.056,0.051,0.046,0.034,0.018,0.015,0.015,0.000,0.035,0.044,0.041,0.056,0.057,0.054,0.053,0.051,0.031,0.035,0.002,0.018,0.033,0.043,0.042,0.029,0.016,0.034,0.021,0.016,0.014,0.062,0.058,0.057,0.000,0.000,0.000,0.057,0.058,0.060,0.000,0.000,0.000,0.066,0.066,0.058,0.000,0.013,0.000,0.098,0.097,0.089,0.000,0.000,0.000,0.053,0.050,0.048,0.000,0.000,0.000,0.013,0.002,0.000,0.000,0.000,0.000,0.000,0.000,0.000,0.000,0.000,0.000,0.000,0.000,0.000,0.000,0.000,0.000,0.000,0.000,0.000,0.000,0.000,0.000,0.000,0.000,0.000,0.000,0.000,0.000,0.000,0.000,0.000,0.000,0.000,0.000,0.000,0.000,0.000,0.000,0.000,0.000,0.000,0.000,0.000,0.000,0.000,0.000,0.000,0.000,0.000,0.000,0.000,0.000,0.000,0.000,0.000
2025-07-06 22:53:22,232.899,232.855,232.844,0.000,0.000,0.000,2.004,2.002,1.997,0.405,0.405,0.399,0.256,0.261,0.255,0.822,0.815,0.818,0.128,0.118,0.125,1.172,1.170,1.166,0.106,0.100,0.097,1.242,1.249,1.242,0.120,0.118,0.117,0.227,0.221,0.226,0.086,0.085,0.089,0.212,0.203,0.206,0.052,0.057,0.053,0.192,0.200,0.199,0.028,0.026,0.030,0.036,0.047,0.048,0.059,0.059,0.060,0.275,0.275,0.279,0.035,0.037,0.051,0.131,0.121,0.120,0.056,0.056,0.050,0.063,0.061,0.056,0.057,0.068,0.056,0.101,0.096,0.100,0.054,0.057,0.058,0.074,0.080,0.081,0.069,0.071,0.065,0.052,0.052,0.046,0.097,0.099,0.099,0.014,0.011,0.010,0.054,0.041,0.056,0.059,0.059,0.054,0.025,0.017,0.014,0.053,0.051,0.053,0.016,0.000,0.000,0.047,0.029,0.042,0.000,0.000,0.002,0.046,0.047,0.045,0.000,0.000,0.000,0.031,0.015,0.002,0.000,0.000,0.000,0.042,0.013,0.039,0.000,0.000,0.000,0.045,0.044,0.046,0.000,0.000,0.000,0.040,0.029,0.032,0.000,0.000,0.000,0.000,0.000,0.000,0.000,0.000,0.000,0.000,0.000,0.000,0.000,0.000,0.000,0.000,0.000,0.000,0.000,0.000,0.000,0.233,0.236,0.230,0.119,0.114,0.115,0.118,0.114,0.112,0.061,0.057,0.064,0.104,0.097,0.098,0.017,0.029,0.000,0.096,0.093,0.086,0.083,0.083,0.094,0.082,0.083,0.079,0.056,0.056,0.067,0.054,0.056,0.054,0.033,0.044,0.037,0.012,0.026,0.000,0.032,0.028,0.032,0.053,0.055,0.052,0.052,0.049,0.053,0.029,0.017,0.030,0.029,0.015,0.044,0.031,0.044,0.017,0.025,0.015,0.015,0.054,0.061,0.040,0.000,0.000,0.000,0.054,0.057,0.055,0.000,0.000,0.000,0.065,0.067,0.061,0.000,0.000,0.000,0.095,0.097,0.096,0.000,0.000,0.000,0.038,0.037,0.050,0.000,0.000,0.000,0.000,0.014,0.000,0.000,0.000,0.000,0.000,0.000,0.000,0.000,0.000,0.000,0.000,0.000,0.000,0.000,0.000,0.000,0.000,0.000,0.000,0.000,0.000,0.000,0.000,0.000,0.000,0.000,0.000,0.000,0.000,0.000,0.000,0.000,0.000,0.000,0.000,0.000,0.000,0.000,0.000,0.000,0.000,0.000,0.000,0.000,0.000,0.000,0.000,0.000,0.000,0.000,0.000,0.000,0.000,0.000,0.000
2025-07-06 22:53:25,232.891,232.848,232.837,0.000,0.000,0.000,2.002,2.000,2.002,0.401,0.410,0.401,0.255,0.261,0.256,0.835,0.819,0.825,0.120,0.126,0.123,1.160,1.164,1.163,0.109,0.102,0.104,1.237,1.241,1.245,0.123,0.118,0.121,0.229,0.229,0.226,0.083,0.088,0.090,0.213,0.212,0.210,0.037,0.058,0.057,0.206,0.205,0.204,0.016,0.031,0.017,0.048,0.053,0.015,0.063,0.057,0.040,0.285,0.276,0.276,0.051,0.048,0.049,0.125,0.123,0.127,0.047,0.054,0.052,0.058,0.055,0.055,0.066,0.059,0.062,0.101,0.100,0.093,0.066,0.065,0.061,0.074,0.079,0.076,0.068,0.067,0.068,0.033,0.053,0.052,0.097,0.099,0.099,0.015,0.016,0.002,0.054,0.058,0.052,0.056,0.055,0.054,0.013,0.013,0.002,0.059,0.055,0.052,0.000,0.000,0.013,0.048,0.046,0.045,0.000,0.000,0.000,0.046,0.047,0.047,0.000,0.000,0.000,0.025,0.040,0.028,0.000,0.000,0.000,0.028,0.026,0.016,0.000,0.000,0.000,0.045,0.045,0.049,0.000,0.000,0.000,0.045,0.028,0.032,0.000,0.000,0.000,0.000,0.000,0.000,0.000,0.000,0.000,0.000,0.000,0.000,0.000,0.000,0.000,0.000,0.000,0.000,0.000,0.000,0.000,0.232,0.236,0.234,0.115,0.119,0.112,0.112,0.118,0.112,0.056,0.057,0.061,0.109,0.102,0.101,0.044,0.013,0.012,0.090,0.095,0.096,0.095,0.083,0.085,0.076,0.083,0.085,0.057,0.059,0.060,0.042,0.059,0.041,0.011,0.033,0.050,0.003,0.016,0.014,0.027,0.043,0.016,0.057,0.056,0.036,0.054,0.049,0.038,0.030,0.035,0.017,0.029,0.032,0.030,0.018,0.032,0.032,0.003,0.013,0.024,0.060,0.060,0.055,0.000,0.000,0.000,0.064,0.060,0.059,0.000,0.000,0.000,0.061,0.065,0.061,0.000,0.000,0.013,0.092,0.097,0.095,0.000,0.000,0.000,0.048,0.037,0.048,0.000,0.000,0.000,0.000,0.000,0.000,0.000,0.000,0.000,0.000,0.000,0.000,0.000,0.000,0.000,0.000,0.000,0.000,0.000,0.000,0.000,0.000,0.000,0.000,0.000,0.000,0.000,0.000,0.000,0.000,0.000,0.000,0.000,0.000,0.000,0.000,0.000,0.000,0.000,0.000,0.000,0.000,0.000,0.000,0.000,0.000,0.000,0.000,0.000,0.000,0.000,0.000,0.000,0.000,0.000,0.000,0.000,0.000,0.000,0.000
2025-07-06 22:53:28,232.846,232.803,232.793,0.000,0.000,0.000,2.001,1.994,1.987,0.405,0.397,0.398,0.266,0.253,0.255,0.826,0.829,0.828,0.123,0.114,0.126,1.158,1.155,1.148,0.105,0.102,0.100,1.248,1.244,1.234,0.120,0.118,0.126,0.226,0.219,0.228,0.092,0.089,0.084,0.205,0.210,0.215,0.055,0.058,0.051,0.208,0.205,0.206,0.031,0.035,0.015,0.049,0.053,0.052,0.057,0.064,0.054,0.273,0.270,0.274,0.034,0.050,0.050,0.122,0.123,0.119,0.031,0.049,0.047,0.055,0.062,0.057,0.054,0.062,0.062,0.096,0.096,0.104,0.059,0.056,0.061,0.077,0.075,0.075,0.064,0.066,0.065,0.053,0.046,0.050,0.094,0.094,0.099,0.010,0.014,0.024,0.057,0.054,0.054,0.055,0.055,0.054,0.002,0.014,0.024,0.057,0.056,0.057,0.026,0.000,0.000,0.030,0.046,0.047,0.000,0.000,0.000,0.046,0.047,0.046,0.000,0.000,0.000,0.029,0.016,0.024,0.000,0.000,0.000,0.041,0.013,0.028,0.000,0.000,0.000,0.033,0.044,0.045,0.000,0.000,0.000,0.014,0.016,0.024,0.000,0.000,0.000,0.000,0.000,0.000,0.000,0.000,0.000,0.000,0.000,0.000,0.000,0.000,0.000,0.000,0.000,0.000,0.000,0.000,0.000,0.236,0.230,0.228,0.124,0.112,0.121,0.116,0.106,0.117,0.057,0.061,0.061,0.100,0.100,0.101,0.044,0.047,0.016,0.095,0.087,0.094,0.088,0.094,0.098,0.092,0.085,0.074,0.061,0.056,0.061,0.057,0.063,0.049,0.020,0.018,0.019,0.015,0.018,0.000,0.018,0.041,0.042,0.052,0.063,0.042,0.033,0.033,0.048,0.003,0.017,0.013,0.016,0.027,0.031,0.018,0.029,0.010,0.000,0.015,0.002,0.050,0.041,0.058,0.000,0.000,0.000,0.057,0.054,0.060,0.000,0.000,0.000,0.062,0.060,0.062,0.000,0.000,0.000,0.094,0.090,0.096,0.000,0.000,0.000,0.037,0.042,0.037,0.000,0.000,0.000,0.000,0.013,0.000,0.000,0.000,0.000,0.000,0.000,0.000,0.000,0.000,0.000,0.000,0.000,0.000,0.000,0.000,0.000,0.000,0.000,0.000,0.000,0.000,0.000,0.000,0.000,0.000,0.000,0.000,0.000,0.000,0.000,0.000,0.000,0.000,0.000,0.000,0.000,0.000,0.000,0.000,0.000,0.000,0.000,0.000,0.000,0.000,0.000,0.000,0.000,0.000,0.000,0.000,0.000,0.000,0.000,0.000
2025-07-06 22:53:31,232.957,232.913,232.903,0.000,0.000,0.000,1.999,2.004,1.998,0.402,0.402,0.402,0.250,0.256,0.254,0.821,0.825,0.816,0.124,0.126,0.111,1.169,1.168,1.169,0.109,0.103,0.104,1.235,1.243,1.242,0.129,0.124,0.119,0.229,0.226,0.226,0.086,0.087,0.091,0.213,0.211,0.205,0.035,0.042,0.063,0.204,0.205,0.210,0.003,0.012,0.030,0.052,0.050,0.051,0.054,0.054,0.057,0.280,0.274,0.272,0.052,0.034,0.049,0.127,0.130,0.123,0.050,0.053,0.052,0.057,0.055,0.057,0.060,0.060,0.060,0.104,0.102,0.104,0.062,0.061,0.060,0.079,0.076,0.071,0.067,0.069,0.066,0.045,0.053,0.045,0.095,0.097,0.095,0.032,0.000,0.027,0.053,0.058,0.057,0.055,0.056,0.057,0.011,0.016,0.030,0.056,0.051,0.058,0.000,0.014,0.000,0.033,0.030,0.048,0.000,0.000,0.000,0.046,0.049,0.046,0.000,0.000,0.000,0.038,0.030,0.030,0.000,0.000,0.000,0.013,0.040,0.000,0.000,0.000,0.000,0.046,0.030,0.050,0.000,0.000,0.000,0.046,0.026,0.042,0.000,0.000,0.000,0.000,0.000,0.000,0.000,0.000,0.000,0.000,0.000,0.000,0.000,0.000,0.000,0.000,0.000,0.000,0.000,0.000,0.000,0.229,0.234,0.233,0.109,0.114,0.112,0.116,0.116,0.106,0.061,0.061,0.057,0.107,0.101,0.099,0.034,0.015,0.029,0.101,0.099,0.099,0.089,0.079,0.081,0.079,0.086,0.090,0.058,0.054,0.057,0.037,0.041,0.063,0.032,0.036,0.037,0.010,0.000,0.030,0.043,0.034,0.029,0.049,0.049,0.050,0.052,0.050,0.035,0.017,0.026,0.031,0.047,0.016,0.026,0.018,0.032,0.022,0.015,0.000,0.014,0.055,0.056,0.058,0.000,0.000,0.000,0.059,0.058,0.060,0.000,0.000,0.000,0.061,0.063,0.060,0.000,0.000,0.000,0.091,0.095,0.093,0.000,0.000,0.000,0.051,0.048,0.052,0.000,0.000,0.000,0.000,0.014,0.013,0.000,0.000,0.000,0.000,0.000,0.000,0.000,0.000,0.000,0.000,0.000,0.000,0.000,0.000,0.000,0.000,0.000,0.000,0.000,0.000,0.000,0.000,0.000,0.000,0.000,0.000,0.000,0.000,0.000,0.000,0.000,0.000,0.000,0.000,0.000,0.000,0.000,0.000,0.000,0.000,0.000,0.000,0.000,0.000,0.000,0.000,0.000,0.000,0.000,0.000,0.000,0.000,0.000,0.000
2025-07-06 22:53:34,232.810,232.767,232.756,0.000,0.000,0.000,2.015,2.012,2.013,0.396,0.394,0.404,0.250,0.249,0.253,0.835,0.835,0.831,0.117,0.122,0.129,1.170,1.168,1.172,0.102,0.105,0.108,1.252,1.250,1.249,0.123,0.125,0.126,0.223,0.223,0.224,0.087,0.082,0.088,0.219,0.226,0.226,0.053,0.036,0.054,0.212,0.199,0.198,0.026,0.016,0.027,0.041,0.059,0.049,0.058,0.059,0.054,0.273,0.280,0.274,0.047,0.050,0.046,0.129,0.127,0.128,0.049,0.048,0.050,0.055,0.053,0.051,0.057,0.058,0.061,0.104,0.110,0.108,0.057,0.064,0.058,0.076,0.078,0.076,0.069,0.061,0.070,0.046,0.049,0.052,0.099,0.093,0.098,0.014,0.041,0.029,0.054,0.056,0.040,0.057,0.062,0.063,0.027,0.014,0.000,0.055,0.059,0.053,0.013,0.000,0.010,0.040,0.044,0.042,0.000,0.000,0.000,0.046,0.045,0.044,0.000,0.000,0.000,0.016,0.010,0.015,0.000,0.000,0.000,0.030,0.017,0.040,0.000,0.000,0.000,0.045,0.044,0.030,0.000,0.000,0.000,0.041,0.043,0.028,0.000,0.000,0.000,0.000,0.000,0.000,0.000,0.000,0.000,0.000,0.000,0.000,0.000,0.000,0.000,0.000,0.000,0.000,0.000,0.000,0.000,0.223,0.230,0.232,0.125,0.108,0.116,0.110,0.113,0.120,0.060,0.057,0.060,0.100,0.103,0.107,0.027,0.036,0.016,0.091,0.093,0.103,0.097,0.098,0.082,0.081,0.074,0.082,0.062,0.057,0.055,0.058,0.039,0.052,0.020,0.014,0.028,0.002,0.000,0.000,0.014,0.027,0.045,0.056,0.048,0.047,0.040,0.052,0.049,0.000,0.016,0.026,0.046,0.041,0.018,0.015,0.016,0.029,0.000,0.010,0.000,0.052,0.053,0.057,0.000,0.000,0.000,0.057,0.058,0.056,0.000,0.000,0.000,0.062,0.057,0.061,0.000,0.000,0.028,0.095,0.089,0.096,0.000,0.000,0.013,0.048,0.052,0.036,0.000,0.000,0.000,0.000,0.000,0.000,0.000,0.000,0.000,0.000,0.000,0.000,0.000,0.000,0.000,0.000,0.000,0.000,0.000,0.000,0.000,0.000,0.000,0.000,0.000,0.000,0.000,0.000,0.000,0.000,0.000,0.000,0.000,0.000,0.000,0.000,0.000,0.000,0.000,0.000,0.000,0.000,0.000,0.000,0.000,0.000,0.000,0.000,0.000,0.000,0.000,0.000,0.000,0.000,0.000,0.000,0.000,0.000,0.000,0.000
2025-07-06 22:53:37,232.821,232.778,232.767,0.000,0.000,0.000,2.025,2.022,2.018,0.401,0.404,0.396,0.258,0.251,0.248,0.828,0.824,0.823,0.125,0.119,0.119,1.186,1.184,1.174,0.106,0.105,0.104,1.261,1.261,1.266,0.120,0.122,0.119,0.225,0.225,0.223,0.089,0.088,0.087,0.218,0.213,0.207,0.053,0.061,0.057,0.191,0.203,0.207,0.002,0.027,0.020,0.046,0.053,0.053,0.052,0.056,0.056,0.269,0.267,0.266,0.051,0.047,0.046,0.131,0.129,0.124,0.051,0.053,0.035,0.056,0.054,0.055,0.059,0.059,0.060,0.108,0.101,0.112,0.062,0.058,0.062,0.073,0.077,0.075,0.063,0.070,0.066,0.052,0.047,0.045,0.093,0.096,0.095,0.014,0.016,0.026,0.057,0.054,0.053,0.060,0.063,0.058,0.016,0.015,0.000,0.053,0.056,0.055,0.013,0.014,0.002,0.044,0.043,0.046,0.000,0.000,0.000,0.030,0.046,0.045,0.000,0.000,0.000,0.028,0.043,0.040,0.000,0.000,0.000,0.025,0.041,0.045,0.000,0.000,0.000,0.030,0.017,0.044,0.000,0.000,0.000,0.031,0.016,0.042,0.000,0.000,0.000,0.000,0.000,0.000,0.000,0.000,0.000,0.000,0.000,0.000,0.000,0.000,0.000,0.000,0.000,0.000,0.000,0.000,0.000,0.237,0.228,0.228,0.109,0.117,0.113,0.119,0.112,0.108,0.060,0.057,0.060,0.101,0.100,0.100,0.016,0.032,0.050,0.100,0.097,0.091,0.077,0.087,0.093,0.083,0.089,0.081,0.059,0.059,0.062,0.040,0.062,0.056,0.045,0.040,0.019,0.013,0.031,0.014,0.020,0.031,0.017,0.019,0.050,0.056,0.049,0.051,0.047,0.017,0.043,0.000,0.019,0.015,0.041,0.035,0.034,0.029,0.010,0.027,0.000,0.057,0.053,0.058,0.000,0.000,0.000,0.060,0.056,0.058,0.000,0.000,0.000,0.060,0.064,0.063,0.000,0.000,0.000,0.092,0.091,0.093,0.000,0.000,0.000,0.052,0.038,0.050,0.000,0.000,0.000,0.000,0.000,0.000,0.000,0.000,0.000,0.000,0.000,0.000,0.000,0.000,0.000,0.000,0.000,0.000,0.000,0.000,0.000,0.000,0.000,0.000,0.000,0.000,0.000,0.000,0.000,0.000,0.000,0.000,0.000,0.000,0.000,0.000,0.000,0.000,0.000,0.000,0.000,0.000,0.000,0.000,0.000,0.000,0.000,0.000,0.000,0.000,0.000,0.000,0.000,0.000,0.000,0.000,0.000,0.000,0.000,0.000
2025-07-06 22:53:40,232.788,232.744,232.734,0.000,0.000,0.000,2.033,2.021,2.043,0.400,0.396,0.411,0.252,0.253,0.265,0.826,0.822,0.831,0.120,0.117,0.134,1.189,1.186,1.196,0.108,0.109,0.099,1.273,1.261,1.278,0.124,0.125,0.126,0.225,0.218,0.221,0.079,0.083,0.091,0.209,0.220,0.211,0.052,0.045,0.044,0.195,0.192,0.198,0.043,0.018,0.026,0.060,0.056,0.053,0.063,0.049,0.054,0.261,0.263,0.258,0.051,0.052,0.049,0.130,0.132,0.135,0.052,0.054,0.054,0.050,0.048,0.056,0.059,0.059,0.060,0.109,0.109,0.112,0.061,0.065,0.059,0.073,0.072,0.070,0.067,0.063,0.070,0.042,0.053,0.029,0.100,0.091,0.093,0.024,0.013,0.002,0.040,0.058,0.055,0.057,0.061,0.058,0.014,0.012,0.013,0.056,0.052,0.052,0.014,0.000,0.000,0.042,0.032,0.014,0.000,0.000,0.000,0.047,0.048,0.047,0.000,0.000,0.000,0.040,0.042,0.045,0.000,0.000,0.000,0.049,0.050,0.051,0.000,0.000,0.000,0.043,0.027,0.043,0.000,0.000,0.000,0.041,0.025,0.030,0.000,0.000,0.000,0.000,0.000,0.000,0.000,0.000,0.000,0.000,0.000,0.000,0.000,0.000,0.013,0.000,0.000,0.000,0.000,0.000,0.000,0.223,0.228,0.235,0.122,0.107,0.115,0.112,0.110,0.123,0.056,0.058,0.065,0.107,0.106,0.097,0.030,0.034,0.014,0.086,0.099,0.103,0.105,0.089,0.083,0.076,0.077,0.088,0.053,0.058,0.063,0.057,0.034,0.044,0.016,0.030,0.052,0.003,0.000,0.012,0.042,0.047,0.045,0.059,0.024,0.034,0.053,0.048,0.054,0.000,0.031,0.029,0.047,0.033,0.029,0.028,0.031,0.033,0.029,0.017,0.025,0.041,0.056,0.057,0.000,0.000,0.000,0.057,0.062,0.055,0.000,0.000,0.000,0.062,0.062,0.064,0.000,0.000,0.013,0.094,0.090,0.091,0.000,0.000,0.000,0.039,0.041,0.041,0.000,0.000,0.000,0.000,0.011,0.000,0.000,0.000,0.000,0.000,0.000,0.000,0.000,0.000,0.000,0.000,0.000,0.000,0.000,0.000,0.000,0.000,0.000,0.000,0.000,0.000,0.000,0.000,0.000,0.000,0.000,0.000,0.000,0.000,0.000,0.000,0.000,0.000,0.000,0.000,0.000,0.000,0.000,0.000,0.000,0.000,0.000,0.000,0.000,0.000,0.000,0.000,0.000,0.000,0.000,0.000,0.000,0.000,0.000,0.000
2025-07-06 22:53:43,232.823,232.779,232.768,0.000,0.000,0.000,2.044,2.036,2.028,0.402,0.400,0.395,0.256,0.258,0.247,0.824,0.810,0.819,0.121,0.118,0.114,1.194,1.187,1.182,0.106,0.106,0.102,1.292,1.295,1.281,0.125,0.113,0.122,0.218,0.216,0.231,0.090,0.084,0.086,0.201,0.200,0.195,0.058,0.058,0.053,0.195,0.201,0.204,0.014,0.029,0.044,0.053,0.053,0.065,0.054,0.056,0.059,0.251,0.246,0.249,0.046,0.034,0.050,0.128,0.130,0.125,0.042,0.038,0.054,0.056,0.060,0.058,0.064,0.061,0.058,0.108,0.116,0.111,0.060,0.061,0.061,0.069,0.076,0.072,0.069,0.067,0.068,0.050,0.047,0.036,0.099,0.098,0.096,0.014,0.013,0.012,0.056,0.058,0.054,0.059,0.059,0.063,0.013,0.003,0.000,0.049,0.050,0.056,0.010,0.013,0.000,0.029,0.015,0.043,0.000,0.000,0.000,0.045,0.047,0.046,0.000,0.000,0.000,0.042,0.041,0.017,0.000,0.000,0.000,0.047,0.045,0.045,0.000,0.000,0.000,0.034,0.018,0.028,0.000,0.000,0.000,0.041,0.042,0.010,0.000,0.000,0.000,0.000,0.000,0.000,0.000,0.000,0.000,0.000,0.000,0.000,0.000,0.000,0.000,0.000,0.000,0.000,0.000,0.000,0.000,0.233,0.225,0.221,0.109,0.120,0.111,0.113,0.112,0.104,0.061,0.059,0.057,0.101,0.101,0.101,0.016,0.042,0.033,0.107,0.089,0.086,0.078,0.080,0.100,0.087,0.084,0.082,0.059,0.055,0.060,0.046,0.061,0.060,0.046,0.034,0.015,0.013,0.018,0.016,0.035,0.041,0.047,0.037,0.051,0.066,0.050,0.047,0.045,0.015,0.018,0.028,0.014,0.012,0.037,0.035,0.036,0.028,0.003,0.013,0.016,0.058,0.058,0.054,0.000,0.000,0.000,0.058,0.057,0.059,0.000,0.000,0.000,0.063,0.063,0.064,0.000,0.000,0.000,0.096,0.097,0.092,0.000,0.000,0.000,0.039,0.053,0.050,0.000,0.000,0.000,0.000,0.002,0.000,0.000,0.000,0.000,0.000,0.000,0.000,0.000,0.000,0.000,0.000,0.000,0.000,0.000,0.000,0.000,0.000,0.000,0.000,0.000,0.000,0.000,0.000,0.000,0.000,0.000,0.000,0.000,0.000,0.000,0.000,0.000,0.000,0.000,0.000,0.000,0.000,0.000,0.000,0.000,0.000,0.000,0.000,0.000,0.000,0.000,0.000,0.000,0.000,0.000,0.000,0.000,0.000,0.000,0.000
2025-07-06 22:53:46,232.795,232.751,232.741,0.000,0.000,0.000,6.017,3.474,3.602,12.744,8.223,6.589,4.011,2.208,2.001,2.311,1.321,1.429,1.483,0.727,0.784,1.735,1.297,1.386,0.964,0.479,0.371,1.649,1.312,1.320,0.750,0.250,0.418,0.726,0.327,0.419,0.583,0.226,0.292,0.581,0.296,0.356,0.485,0.172,0.235,0.511,0.260,0.287,0.407,0.163,0.188,0.370,0.157,0.191,0.381,0.154,0.182,0.429,0.287,0.323,0.330,0.130,0.168,0.352,0.169,0.208,0.292,0.131,0.146,0.277,0.112,0.144,0.291,0.111,0.150,0.286,0.147,0.166,0.263,0.123,0.136,0.257,0.119,0.155,0.249,0.114,0.147,0.236,0.110,0.121,0.249,0.118,0.171,0.220,0.088,0.111,0.227,0.091,0.124,0.220,0.103,0.123,0.204,0.087,0.093,0.218,0.092,0.117,0.199,0.090,0.092,0.209,0.084,0.113,0.198,0.076,0.094,0.195,0.080,0.101,0.186,0.070,0.090,0.195,0.077,0.084,0.181,0.073,0.086,0.190,0.082,0.103,0.180,0.071,0.082,0.181,0.074,0.101,0.177,0.052,0.081,0.179,0.078,0.099,0.171,0.072,0.080,0.176,0.069,0.081,0.172,0.068,0.078,0.174,0.068,0.080,0.198,0.080,0.084,0.185,0.072,0.086,1.457,1.252,0.664,11.863,7.748,6.145,2.615,1.378,1.216,1.726,0.792,0.874,1.343,0.830,0.869,1.137,0.535,0.404,1.100,0.911,0.503,0.980,0.359,0.618,0.702,0.274,0.374,0.629,0.248,0.300,0.561,0.269,0.299,0.480,0.203,0.244,0.473,0.198,0.222,0.441,0.185,0.235,0.375,0.158,0.190,0.377,0.155,0.165,0.356,0.229,0.227,0.400,0.177,0.217,0.321,0.152,0.181,0.324,0.132,0.167,0.274,0.117,0.125,0.271,0.115,0.147,0.274,0.123,0.130,0.281,0.128,0.154,0.231,0.111,0.108,0.260,0.119,0.165,0.226,0.095,0.101,0.253,0.131,0.165,0.214,0.083,0.109,0.213,0.092,0.126,0.210,0.095,0.098,0.214,0.078,0.111,0.201,0.092,0.093,0.207,0.084,0.103,0.190,0.084,0.092,0.194,0.077,0.091,0.195,0.073,0.090,0.184,0.072,0.097,0.182,0.064,0.088,0.189,0.075,0.080,0.171,0.079,0.086,0.184,0.070,0.082,0.179,0.075,0.080,0.179,0.053,0.083,0.175,0.076,0.080,0.170,0.070,0.080,0.170,0.070,0.078,0.167,0.065,0.078,0.166,0.066,0.077,0.168,0.066,0.079
2025-07-06 22:53:49,232.763,232.719,232.708,0.000,0.000,0.000,2.362,2.256,2.221,2.623,1.920,2.008,0.781,0.572,0.657,0.957,0.917,0.898,0.317,0.248,0.221,1.239,1.222,1.196,0.253,0.200,0.219,1.283,1.303,1.295,0.162,0.142,0.147,0.247,0.244,0.250,0.134,0.120,0.101,0.218,0.207,0.208,0.110,0.101,0.089,0.221,0.213,0.206,0.089,0.065,0.081,0.085,0.064,0.079,0.090,0.079,0.094,0.253,0.259,0.265,0.074,0.055,0.066,0.138,0.138,0.129,0.078,0.070,0.059,0.080,0.077,0.061,0.081,0.081,0.074,0.112,0.114,0.114,0.084,0.077,0.062,0.088,0.084,0.085,0.077,0.080,0.079,0.062,0.044,0.057,0.107,0.108,0.104,0.045,0.042,0.051,0.075,0.066,0.064,0.069,0.066,0.067,0.057,0.037,0.038,0.067,0.062,0.064,0.041,0.022,0.033,0.045,0.054,0.054,0.028,0.022,0.005,0.063,0.054,0.050,0.024,0.007,0.018,0.060,0.056,0.051,0.024,0.007,0.032,0.062,0.055,0.056,0.035,0.007,0.018,0.040,0.031,0.037,0.025,0.007,0.004,0.051,0.039,0.045,0.023,0.021,0.003,0.024,0.020,0.004,0.023,0.007,0.017,0.034,0.021,0.019,0.026,0.007,0.020,0.025,0.007,0.005,0.290,0.190,0.198,2.423,1.761,1.833,0.481,0.353,0.406,0.347,0.265,0.244,0.243,0.194,0.184,0.303,0.234,0.257,0.330,0.216,0.236,0.205,0.173,0.167,0.117,0.111,0.132,0.147,0.132,0.102,0.100,0.099,0.082,0.117,0.106,0.107,0.117,0.100,0.069,0.097,0.062,0.081,0.087,0.056,0.068,0.091,0.078,0.081,0.124,0.080,0.118,0.091,0.080,0.069,0.084,0.051,0.069,0.079,0.060,0.067,0.074,0.067,0.043,0.072,0.065,0.074,0.051,0.069,0.049,0.081,0.076,0.074,0.048,0.026,0.040,0.079,0.081,0.085,0.034,0.022,0.035,0.102,0.105,0.106,0.033,0.044,0.025,0.072,0.062,0.060,0.037,0.033,0.025,0.046,0.021,0.041,0.034,0.029,0.037,0.042,0.021,0.042,0.028,0.023,0.022,0.037,0.022,0.024,0.031,0.027,0.005,0.039,0.007,0.039,0.030,0.025,0.004,0.037,0.007,0.040,0.028,0.026,0.004,0.038,0.007,0.044,0.029,0.007,0.035,0.025,0.007,0.020,0.026,0.007,0.018,0.022,0.021,0.019,0.023,0.006,0.004,0.024,0.007,0.018,0.021,0.022,0.004,0.034,0.006,0.019
2025-07-06 22:53:52,232.803,232.759,232.749,0.000,0.000,0.000,2.050,2.045,2.045,0.554,0.535,0.521,0.271,0.246,0.257,0.840,0.850,0.829,0.135,0.129,0.131,1.186,1.179,1.191,0.106,0.113,0.108,1.291,1.290,1.291,0.121,0.123,0.118,0.229,0.220,0.222,0.087,0.084,0.088,0.193,0.203,0.199,0.053,0.053,0.057,0.203,0.196,0.198,0.050,0.031,0.030,0.066,0.056,0.051,0.063,0.060,0.053,0.252,0.256,0.249,0.055,0.054,0.038,0.123,0.129,0.135,0.055,0.054,0.052,0.037,0.051,0.055,0.061,0.058,0.057,0.104,0.111,0.112,0.059,0.061,0.058,0.079,0.076,0.076,0.068,0.066,0.067,0.046,0.043,0.030,0.098,0.096,0.093,0.044,0.031,0.047,0.040,0.057,0.055,0.060,0.062,0.064,0.017,0.011,0.015,0.053,0.053,0.052,0.000,0.000,0.010,0.045,0.018,0.028,0.000,0.000,0.000,0.019,0.045,0.030,0.000,0.000,0.000,0.031,0.028,0.031,0.000,0.000,0.000,0.043,0.044,0.044,0.002,0.000,0.000,0.027,0.014,0.026,0.000,0.000,0.000,0.029,0.011,0.030,0.000,0.000,0.000,0.000,0.000,0.000,0.000,0.000,0.000,0.003,0.000,0.000,0.000,0.000,0.000,0.000,0.000,0.000,0.025,0.022,0.031,0.404,0.394,0.369,0.138,0.121,0.136,0.130,0.124,0.124,0.064,0.071,0.082,0.109,0.112,0.111,0.066,0.053,0.040,0.093,0.095,0.099,0.101,0.095,0.079,0.082,0.079,0.083,0.063,0.059,0.066,0.053,0.052,0.059,0.038,0.035,0.050,0.030,0.017,0.015,0.052,0.033,0.037,0.066,0.054,0.046,0.048,0.055,0.046,0.021,0.043,0.044,0.048,0.046,0.020,0.036,0.043,0.051,0.032,0.043,0.024,0.057,0.043,0.042,0.002,0.002,0.000,0.056,0.058,0.058,0.000,0.000,0.000,0.067,0.066,0.065,0.000,0.000,0.000,0.094,0.090,0.092,0.000,0.002,0.000,0.039,0.057,0.042,0.000,0.000,0.000,0.003,0.010,0.000,0.000,0.000,0.000,0.003,0.000,0.000,0.000,0.000,0.000,0.002,0.000,0.000,0.000,0.000,0.000,0.003,0.000,0.000,0.000,0.000,0.000,0.003,0.000,0.000,0.000,0.000,0.000,0.003,0.000,0.000,0.000,0.000,0.000,0.000,0.000,0.000,0.000,0.000,0.000,0.000,0.000,0.000,0.000,0.000,0.000,0.000,0.000,0.000,0.000,0.000,0.000,0.002,0.000,0.000
2025-07-06 22:53:55,232.843,232.800,232.789,0.000,0.000,0.000,2.044,2.037,2.035,0.407,0.400,0.396,0.259,0.252,0.245,0.826,0.815,0.819,0.120,0.118,0.112,1.197,1.199,1.191,0.107,0.105,0.103,1.286,1.286,1.288,0.123,0.116,0.115,0.225,0.219,0.218,0.085,0.085,0.081,0.203,0.198,0.200,0.055,0.061,0.060,0.203,0.207,0.213,0.015,0.027,0.051,0.051,0.053,0.056,0.053,0.058,0.057,0.248,0.245,0.252,0.036,0.033,0.053,0.130,0.127,0.118,0.056,0.031,0.053,0.064,0.060,0.058,0.060,0.064,0.046,0.113,0.108,0.111,0.057,0.060,0.062,0.066,0.065,0.065,0.066,0.068,0.068,0.043,0.015,0.028,0.098,0.093,0.095,0.030,0.013,0.002,0.040,0.042,0.045,0.053,0.052,0.055,0.013,0.002,0.013,0.051,0.051,0.055,0.011,0.000,0.002,0.046,0.043,0.047,0.000,0.000,0.000,0.039,0.031,0.029,0.000,0.000,0.000,0.025,0.019,0.017,0.000,0.000,0.000,0.041,0.044,0.016,0.000,0.000,0.000,0.048,0.045,0.044,0.000,0.000,0.000,0.034,0.031,0.016,0.000,0.000,0.000,0.000,0.000,0.000,0.000,0.000,0.000,0.000,0.010,0.000,0.000,0.000,0.000,0.000,0.000,0.000,0.000,0.000,0.002,0.242,0.229,0.224,0.104,0.117,0.110,0.113,0.111,0.101,0.060,0.057,0.063,0.103,0.097,0.100,0.027,0.030,0.049,0.101,0.092,0.083,0.082,0.084,0.092,0.082,0.083,0.078,0.059,0.063,0.058,0.040,0.063,0.066,0.048,0.040,0.027,0.011,0.017,0.032,0.036,0.045,0.048,0.034,0.057,0.056,0.053,0.046,0.045,0.029,0.019,0.018,0.019,0.017,0.045,0.046,0.034,0.028,0.028,0.002,0.034,0.044,0.056,0.045,0.000,0.000,0.000,0.056,0.053,0.056,0.000,0.000,0.000,0.062,0.067,0.067,0.000,0.000,0.000,0.093,0.088,0.091,0.026,0.000,0.000,0.038,0.042,0.041,0.000,0.000,0.000,0.000,0.002,0.000,0.000,0.000,0.000,0.000,0.000,0.000,0.000,0.000,0.000,0.000,0.000,0.000,0.000,0.000,0.000,0.000,0.000,0.000,0.000,0.000,0.000,0.000,0.000,0.000,0.000,0.000,0.000,0.000,0.000,0.000,0.000,0.000,0.000,0.000,0.000,0.000,0.000,0.000,0.000,0.000,0.000,0.000,0.000,0.000,0.000,0.000,0.000,0.000,0.000,0.000,0.000,0.000,0.000,0.000
2025-07-06 22:53:58,232.906,232.863,232.852,0.000,0.000,0.000,2.029,2.026,2.029,0.398,0.395,0.403,0.250,0.249,0.259,0.810,0.812,0.811,0.114,0.118,0.130,1.180,1.182,1.183,0.100,0.108,0.104,1.293,1.280,1.282,0.118,0.122,0.127,0.219,0.222,0.219,0.079,0.082,0.084,0.195,0.204,0.212,0.053,0.047,0.048,0.216,0.208,0.210,0.047,0.035,0.002,0.060,0.068,0.059,0.058,0.054,0.055,0.251,0.258,0.259,0.050,0.054,0.052,0.116,0.126,0.120,0.035,0.053,0.052,0.054,0.055,0.059,0.066,0.057,0.063,0.110,0.112,0.108,0.064,0.059,0.058,0.069,0.076,0.070,0.066,0.065,0.070,0.045,0.035,0.041,0.099,0.091,0.098,0.000,0.026,0.040,0.055,0.058,0.050,0.052,0.054,0.051,0.000,0.010,0.014,0.056,0.056,0.048,0.014,0.000,0.000,0.045,0.048,0.030,0.000,0.000,0.000,0.044,0.044,0.044,0.000,0.000,0.000,0.029,0.038,0.039,0.000,0.000,0.000,0.046,0.043,0.025,0.000,0.000,0.000,0.042,0.027,0.046,0.000,0.000,0.000,0.024,0.000,0.025,0.000,0.000,0.000,0.000,0.000,0.000,0.000,0.000,0.000,0.000,0.002,0.014,0.000,0.000,0.000,0.000,0.000,0.000,0.000,0.000,0.000,0.223,0.225,0.232,0.123,0.111,0.112,0.107,0.107,0.125,0.060,0.058,0.058,0.101,0.105,0.104,0.044,0.046,0.002,0.082,0.090,0.103,0.098,0.098,0.087,0.073,0.074,0.078,0.062,0.055,0.058,0.055,0.040,0.035,0.019,0.000,0.035,0.002,0.000,0.000,0.044,0.048,0.033,0.059,0.051,0.044,0.047,0.036,0.057,0.014,0.000,0.013,0.032,0.053,0.033,0.020,0.029,0.032,0.002,0.026,0.000,0.063,0.054,0.057,0.000,0.000,0.000,0.060,0.061,0.056,0.000,0.000,0.000,0.064,0.063,0.067,0.000,0.000,0.000,0.094,0.090,0.092,0.002,0.000,0.013,0.052,0.056,0.048,0.000,0.000,0.000,0.000,0.000,0.000,0.000,0.000,0.000,0.000,0.000,0.000,0.000,0.000,0.000,0.000,0.000,0.000,0.000,0.000,0.000,0.000,0.000,0.000,0.000,0.000,0.000,0.000,0.000,0.000,0.000,0.000,0.000,0.000,0.000,0.000,0.000,0.000,0.000,0.000,0.000,0.000,0.000,0.000,0.000,0.000,0.000,0.000,0.000,0.000,0.000,0.000,0.000,0.000,0.000,0.000,0.000,0.000,0.000,0.000
2025-07-06 22:54:01,232.912,232.870,232.858,0.000,0.000,0.000,2.031,2.030,2.028,0.397,0.400,0.397,0.252,0.255,0.251,0.818,0.814,0.810,0.118,0.127,0.106,1.189,1.188,1.183,0.111,0.101,0.107,1.283,1.285,1.288,0.121,0.120,0.117,0.215,0.209,0.219,0.084,0.087,0.081,0.207,0.204,0.196,0.050,0.044,0.060,0.193,0.197,0.210,0.002,0.027,0.039,0.052,0.052,0.058,0.055,0.053,0.062,0.251,0.253,0.253,0.039,0.047,0.050,0.127,0.128,0.125,0.052,0.050,0.049,0.054,0.053,0.059,0.061,0.057,0.057,0.108,0.102,0.109,0.059,0.059,0.058,0.073,0.071,0.079,0.064,0.071,0.063,0.044,0.041,0.029,0.096,0.097,0.092,0.039,0.016,0.028,0.053,0.054,0.055,0.061,0.054,0.055,0.014,0.002,0.000,0.054,0.052,0.054,0.014,0.000,0.013,0.033,0.043,0.044,0.000,0.000,0.000,0.030,0.044,0.043,0.000,0.000,0.000,0.028,0.041,0.033,0.000,0.000,0.000,0.015,0.045,0.044,0.000,0.000,0.000,0.041,0.032,0.044,0.000,0.000,0.000,0.029,0.014,0.014,0.000,0.000,0.000,0.000,0.000,0.000,0.000,0.000,0.000,0.000,0.000,0.000,0.000,0.000,0.000,0.000,0.000,0.000,0.000,0.000,0.000,0.229,0.231,0.225,0.108,0.115,0.115,0.111,0.115,0.102,0.061,0.063,0.060,0.108,0.096,0.102,0.018,0.029,0.046,0.098,0.098,0.089,0.081,0.077,0.091,0.080,0.085,0.082,0.058,0.054,0.061,0.052,0.053,0.066,0.032,0.047,0.037,0.011,0.016,0.032,0.046,0.021,0.031,0.051,0.049,0.065,0.051,0.048,0.043,0.017,0.014,0.003,0.018,0.014,0.043,0.031,0.032,0.029,0.000,0.018,0.000,0.056,0.053,0.056,0.000,0.000,0.000,0.055,0.056,0.055,0.000,0.000,0.000,0.063,0.066,0.062,0.000,0.000,0.000,0.093,0.087,0.088,0.000,0.013,0.000,0.050,0.052,0.051,0.000,0.000,0.000,0.000,0.000,0.000,0.000,0.000,0.000,0.000,0.000,0.000,0.000,0.000,0.000,0.000,0.000,0.000,0.000,0.000,0.000,0.000,0.000,0.000,0.000,0.000,0.000,0.000,0.000,0.000,0.000,0.000,0.000,0.000,0.000,0.000,0.000,0.000,0.000,0.000,0.000,0.000,0.000,0.000,0.000,0.000,0.000,0.000,0.000,0.000,0.000,0.000,0.000,0.000,0.000,0.000,0.000,0.000,0.000,0.000
2025-07-06 22:54:04,232.908,232.864,232.854,0.000,0.000,0.000,2.032,2.016,2.023,0.399,0.389,0.393,0.242,0.238,0.251,0.815,0.805,0.814,0.123,0.118,0.130,1.194,1.190,1.197,0.102,0.107,0.102,1.279,1.266,1.263,0.116,0.124,0.122,0.220,0.218,0.222,0.085,0.081,0.082,0.204,0.208,0.215,0.058,0.046,0.034,0.206,0.199,0.191,0.043,0.032,0.016,0.062,0.064,0.051,0.059,0.055,0.051,0.253,0.260,0.253,0.044,0.044,0.051,0.118,0.118,0.122,0.054,0.048,0.039,0.059,0.051,0.049,0.063,0.063,0.054,0.109,0.106,0.107,0.061,0.063,0.060,0.070,0.075,0.065,0.066,0.065,0.065,0.044,0.028,0.042,0.095,0.095,0.095,0.002,0.041,0.003,0.055,0.057,0.056,0.053,0.054,0.056,0.014,0.010,0.027,0.058,0.055,0.054,0.002,0.000,0.014,0.043,0.048,0.049,0.000,0.000,0.000,0.032,0.043,0.030,0.000,0.000,0.000,0.002,0.031,0.026,0.000,0.000,0.000,0.041,0.031,0.028,0.000,0.000,0.000,0.043,0.041,0.043,0.000,0.000,0.000,0.013,0.024,0.043,0.000,0.000,0.000,0.000,0.000,0.000,0.000,0.000,0.000,0.028,0.000,0.000,0.000,0.000,0.000,0.000,0.000,0.000,0.000,0.000,0.000,0.217,0.217,0.230,0.115,0.111,0.110,0.114,0.108,0.121,0.060,0.055,0.064,0.099,0.105,0.100,0.028,0.044,0.003,0.084,0.090,0.098,0.094,0.095,0.082,0.082,0.076,0.076,0.063,0.057,0.058,0.063,0.038,0.032,0.038,0.015,0.031,0.020,0.000,0.000,0.050,0.047,0.034,0.065,0.057,0.030,0.043,0.034,0.052,0.018,0.014,0.012,0.028,0.040,0.020,0.033,0.040,0.031,0.015,0.000,0.028,0.060,0.058,0.042,0.000,0.000,0.000,0.058,0.060,0.056,0.000,0.000,0.000,0.064,0.062,0.063,0.000,0.000,0.000,0.090,0.089,0.089,0.011,0.000,0.000,0.053,0.056,0.041,0.000,0.000,0.000,0.000,0.000,0.000,0.000,0.000,0.000,0.000,0.000,0.000,0.000,0.000,0.000,0.000,0.000,0.000,0.000,0.000,0.000,0.000,0.000,0.000,0.000,0.000,0.000,0.000,0.000,0.000,0.000,0.000,0.000,0.000,0.000,0.000,0.000,0.000,0.000,0.000,0.000,0.000,0.000,0.000,0.000,0.000,0.000,0.000,0.000,0.000,0.000,0.000,0.000,0.000,0.000,0.000,0.000,0.000,0.000,0.000
2025-07-06 22:54:07,233.036,232.991,232.980,0.000,0.000,0.000,2.028,2.028,2.024,0.397,0.399,0.390,0.239,0.249,0.243,0.806,0.803,0.803,0.117,0.121,0.122,1.201,1.202,1.200,0.112,0.105,0.100,1.272,1.275,1.271,0.126,0.119,0.112,0.219,0.218,0.227,0.083,0.084,0.081,0.210,0.203,0.204,0.043,0.056,0.056,0.206,0.203,0.200,0.035,0.023,0.029,0.057,0.052,0.059,0.055,0.055,0.055,0.251,0.246,0.245,0.047,0.030,0.050,0.123,0.128,0.129,0.056,0.050,0.054,0.051,0.056,0.053,0.066,0.062,0.055,0.107,0.107,0.107,0.063,0.065,0.058,0.067,0.070,0.073,0.071,0.068,0.066,0.044,0.043,0.039,0.109,0.091,0.094,0.000,0.026,0.031,0.050,0.060,0.054,0.053,0.057,0.056,0.017,0.024,0.025,0.055,0.056,0.054,0.000,0.000,0.000,0.046,0.045,0.048,0.000,0.000,0.000,0.031,0.043,0.046,0.000,0.000,0.000,0.030,0.028,0.032,0.000,0.000,0.000,0.042,0.017,0.020,0.000,0.000,0.000,0.041,0.044,0.043,0.000,0.000,0.000,0.037,0.042,0.042,0.000,0.000,0.000,0.000,0.000,0.000,0.000,0.000,0.000,0.000,0.000,0.010,0.000,0.000,0.000,0.000,0.000,0.000,0.000,0.000,0.000,0.217,0.227,0.221,0.107,0.112,0.111,0.110,0.113,0.113,0.057,0.059,0.062,0.107,0.103,0.097,0.028,0.041,0.031,0.101,0.096,0.088,0.086,0.080,0.082,0.082,0.081,0.078,0.054,0.055,0.058,0.044,0.042,0.043,0.029,0.049,0.039,0.013,0.000,0.005,0.049,0.048,0.049,0.043,0.046,0.053,0.049,0.051,0.046,0.016,0.017,0.025,0.016,0.017,0.029,0.038,0.032,0.046,0.021,0.017,0.020,0.063,0.049,0.038,0.000,0.000,0.000,0.056,0.061,0.055,0.000,0.000,0.000,0.069,0.065,0.064,0.000,0.000,0.000,0.101,0.086,0.088,0.019,0.012,0.000,0.038,0.052,0.041,0.000,0.000,0.000,0.000,0.010,0.000,0.000,0.000,0.000,0.000,0.000,0.000,0.000,0.000,0.000,0.000,0.000,0.000,0.000,0.000,0.000,0.000,0.000,0.000,0.000,0.000,0.000,0.000,0.000,0.000,0.000,0.000,0.000,0.000,0.000,0.000,0.000,0.000,0.000,0.000,0.000,0.000,0.000,0.000,0.000,0.000,0.000,0.000,0.000,0.000,0.000,0.000,0.000,0.000,0.000,0.000,0.000,0.000,0.000,0.000
2025-07-06 22:54:10,233.523,233.480,233.469,0.000,0.000,0.000,2.026,2.020,2.022,0.394,0.387,0.401,0.245,0.231,0.257,0.796,0.804,0.799,0.122,0.115,0.130,1.205,1.202,1.205,0.102,0.111,0.103,1.277,1.268,1.267,0.116,0.124,0.120,0.214,0.215,0.216,0.083,0.079,0.090,0.206,0.215,0.218,0.062,0.034,0.056,0.197,0.193,0.186,0.037,0.032,0.014,0.057,0.058,0.054,0.059,0.049,0.049,0.245,0.244,0.236,0.047,0.051,0.046,0.127,0.125,0.127,0.049,0.057,0.036,0.018,0.019,0.020,0.058,0.065,0.060,0.087,0.087,0.084,0.058,0.060,0.057,0.067,0.063,0.066,0.073,0.069,0.069,0.017,0.002,0.003,0.095,0.096,0.092,0.051,0.052,0.059,0.062,0.053,0.057,0.062,0.059,0.058,0.028,0.011,0.014,0.060,0.057,0.042,0.000,0.000,0.013,0.034,0.042,0.035,0.000,0.010,0.010,0.055,0.055,0.053,0.000,0.000,0.000,0.033,0.045,0.047,0.000,0.000,0.000,0.013,0.013,0.000,0.000,0.000,0.000,0.036,0.042,0.030,0.000,0.000,0.000,0.028,0.043,0.033,0.000,0.000,0.000,0.000,0.000,0.000,0.000,0.000,0.000,0.000,0.000,0.000,0.000,0.000,0.000,0.000,0.000,0.000,0.000,0.000,0.000,0.218,0.210,0.238,0.120,0.105,0.104,0.113,0.108,0.118,0.062,0.056,0.061,0.100,0.108,0.101,0.024,0.035,0.019,0.088,0.090,0.101,0.091,0.098,0.075,0.081,0.070,0.083,0.058,0.059,0.060,0.058,0.038,0.039,0.023,0.017,0.031,0.019,0.000,0.014,0.033,0.048,0.045,0.057,0.042,0.035,0.047,0.033,0.049,0.000,0.024,0.011,0.039,0.036,0.016,0.029,0.044,0.030,0.002,0.029,0.024,0.042,0.062,0.057,0.000,0.000,0.000,0.055,0.058,0.055,0.000,0.000,0.000,0.070,0.070,0.067,0.000,0.000,0.000,0.090,0.090,0.090,0.010,0.016,0.011,0.056,0.052,0.054,0.000,0.000,0.000,0.000,0.000,0.000,0.000,0.000,0.000,0.000,0.000,0.000,0.000,0.000,0.000,0.000,0.000,0.000,0.000,0.000,0.000,0.000,0.000,0.000,0.000,0.000,0.000,0.000,0.000,0.000,0.000,0.000,0.000,0.000,0.000,0.000,0.000,0.000,0.000,0.000,0.000,0.000,0.000,0.000,0.000,0.000,0.000,0.000,0.000,0.000,0.000,0.000,0.000,0.000,0.000,0.000,0.000,0.000,0.000,0.000
2025-07-06 22:54:13,233.886,233.842,233.832,0.000,0.000,0.000,2.018,2.029,2.000,0.396,0.419,0.396,0.245,0.261,0.233,0.786,0.785,0.771,0.114,0.120,0.109,1.188,1.195,1.174,0.110,0.097,0.104,1.291,1.299,1.289,0.119,0.117,0.115,0.201,0.200,0.197,0.075,0.087,0.081,0.240,0.231,0.233,0.037,0.062,0.052,0.168,0.177,0.178,0.015,0.026,0.028,0.054,0.060,0.058,0.053,0.060,0.054,0.212,0.204,0.215,0.047,0.035,0.016,0.145,0.146,0.132,0.043,0.053,0.038,0.032,0.016,0.027,0.071,0.070,0.069,0.082,0.075,0.071,0.062,0.069,0.063,0.038,0.038,0.039,0.079,0.072,0.069,0.033,0.030,0.049,0.102,0.105,0.104,0.062,0.056,0.058,0.053,0.061,0.055,0.052,0.049,0.049,0.015,0.031,0.029,0.052,0.053,0.058,0.000,0.000,0.000,0.042,0.045,0.042,0.000,0.027,0.013,0.067,0.065,0.064,0.000,0.000,0.000,0.048,0.042,0.029,0.000,0.000,0.000,0.002,0.000,0.000,0.000,0.000,0.000,0.043,0.044,0.042,0.000,0.000,0.000,0.044,0.027,0.013,0.000,0.000,0.000,0.000,0.000,0.000,0.000,0.000,0.000,0.000,0.000,0.000,0.000,0.000,0.000,0.010,0.010,0.000,0.000,0.000,0.000,0.221,0.241,0.223,0.109,0.123,0.114,0.107,0.109,0.102,0.057,0.066,0.054,0.108,0.095,0.100,0.016,0.025,0.046,0.098,0.098,0.085,0.079,0.078,0.094,0.073,0.082,0.072,0.055,0.062,0.063,0.038,0.056,0.051,0.044,0.058,0.022,0.010,0.014,0.003,0.051,0.050,0.030,0.048,0.049,0.059,0.048,0.051,0.046,0.014,0.018,0.002,0.003,0.026,0.028,0.038,0.037,0.035,0.012,0.027,0.002,0.064,0.063,0.064,0.011,0.000,0.000,0.042,0.062,0.058,0.013,0.000,0.000,0.076,0.069,0.069,0.000,0.000,0.000,0.100,0.097,0.099,0.013,0.010,0.032,0.050,0.056,0.051,0.000,0.000,0.000,0.014,0.013,0.013,0.000,0.000,0.000,0.000,0.000,0.000,0.000,0.000,0.000,0.000,0.013,0.010,0.000,0.000,0.000,0.000,0.000,0.000,0.000,0.000,0.000,0.000,0.000,0.000,0.000,0.000,0.000,0.000,0.000,0.000,0.000,0.000,0.000,0.000,0.000,0.000,0.000,0.000,0.000,0.000,0.000,0.000,0.000,0.000,0.000,0.000,0.000,0.000,0.000,0.000,0.000,0.000,0.000,0.000
2025-07-06 22:54:16,234.276,234.232,234.222,0.000,0.000,0.000,2.001,1.989,1.998,0.401,0.401,0.414,0.252,0.235,0.263,0.785,0.777,0.780,0.121,0.116,0.132,1.160,1.157,1.160,0.099,0.110,0.108,1.281,1.272,1.274,0.111,0.121,0.120,0.220,0.216,0.219,0.087,0.080,0.085,0.215,0.222,0.219,0.059,0.049,0.051,0.197,0.193,0.189,0.049,0.047,0.028,0.040,0.058,0.059,0.064,0.058,0.041,0.209,0.217,0.215,0.050,0.054,0.050,0.139,0.144,0.139,0.064,0.058,0.060,0.029,0.039,0.041,0.074,0.080,0.078,0.070,0.078,0.077,0.077,0.067,0.071,0.048,0.052,0.041,0.079,0.081,0.082,0.056,0.057,0.055,0.111,0.108,0.112,0.057,0.061,0.054,0.066,0.065,0.066,0.055,0.061,0.059,0.050,0.056,0.054,0.070,0.059,0.055,0.015,0.000,0.010,0.049,0.047,0.050,0.027,0.014,0.029,0.070,0.068,0.068,0.000,0.000,0.000,0.032,0.017,0.051,0.000,0.000,0.000,0.013,0.013,0.024,0.000,0.000,0.000,0.028,0.031,0.046,0.000,0.000,0.000,0.002,0.002,0.013,0.000,0.000,0.000,0.000,0.000,0.000,0.000,0.000,0.000,0.000,0.000,0.000,0.000,0.000,0.000,0.002,0.002,0.000,0.000,0.000,0.000,0.212,0.209,0.229,0.123,0.111,0.111,0.106,0.108,0.118,0.061,0.057,0.064,0.093,0.107,0.100,0.041,0.042,0.021,0.081,0.089,0.101,0.091,0.094,0.076,0.078,0.070,0.078,0.053,0.056,0.060,0.061,0.029,0.032,0.018,0.032,0.048,0.019,0.000,0.000,0.043,0.049,0.048,0.057,0.051,0.031,0.044,0.036,0.042,0.016,0.025,0.025,0.042,0.036,0.016,0.024,0.048,0.051,0.003,0.016,0.029,0.068,0.074,0.065,0.002,0.000,0.000,0.063,0.066,0.066,0.000,0.013,0.000,0.079,0.078,0.075,0.000,0.014,0.000,0.105,0.101,0.106,0.017,0.029,0.030,0.060,0.062,0.058,0.000,0.000,0.025,0.032,0.033,0.044,0.000,0.000,0.000,0.000,0.000,0.000,0.014,0.000,0.000,0.013,0.000,0.002,0.000,0.000,0.000,0.000,0.000,0.000,0.000,0.000,0.000,0.000,0.000,0.000,0.000,0.000,0.000,0.000,0.000,0.000,0.000,0.000,0.000,0.000,0.000,0.000,0.000,0.000,0.000,0.000,0.000,0.000,0.000,0.000,0.000,0.000,0.000,0.000,0.000,0.000,0.000,0.000,0.000,0.000
2025-07-06 22:54:19,234.729,234.685,234.675,0.000,0.000,0.000,2.006,2.015,1.999,0.443,0.460,0.443,0.259,0.271,0.249,0.807,0.801,0.811,0.120,0.136,0.121,1.160,1.163,1.149,0.120,0.100,0.110,1.270,1.278,1.266,0.120,0.119,0.123,0.230,0.228,0.230,0.090,0.098,0.082,0.209,0.204,0.211,0.062,0.073,0.061,0.177,0.176,0.180,0.055,0.057,0.054,0.058,0.061,0.063,0.059,0.066,0.059,0.201,0.212,0.213,0.064,0.054,0.063,0.146,0.138,0.139,0.067,0.063,0.060,0.056,0.058,0.051,0.083,0.076,0.086,0.083,0.086,0.085,0.061,0.073,0.071,0.056,0.059,0.049,0.083,0.081,0.081,0.068,0.061,0.067,0.110,0.120,0.120,0.035,0.061,0.058,0.064,0.074,0.072,0.070,0.065,0.072,0.058,0.068,0.064,0.068,0.063,0.069,0.039,0.011,0.027,0.050,0.051,0.055,0.016,0.013,0.003,0.074,0.077,0.070,0.000,0.014,0.000,0.037,0.045,0.042,0.000,0.000,0.000,0.013,0.043,0.002,0.000,0.000,0.000,0.029,0.030,0.003,0.000,0.000,0.000,0.000,0.000,0.000,0.000,0.000,0.000,0.000,0.000,0.000,0.000,0.000,0.000,0.000,0.000,0.000,0.000,0.000,0.000,0.000,0.014,0.000,0.000,0.013,0.000,0.232,0.240,0.223,0.111,0.117,0.115,0.112,0.114,0.107,0.058,0.072,0.059,0.116,0.099,0.106,0.016,0.013,0.031,0.101,0.096,0.090,0.078,0.083,0.099,0.084,0.090,0.079,0.061,0.066,0.061,0.054,0.072,0.062,0.054,0.057,0.051,0.030,0.049,0.043,0.054,0.052,0.051,0.051,0.063,0.062,0.058,0.053,0.052,0.053,0.043,0.057,0.049,0.050,0.049,0.056,0.054,0.057,0.051,0.059,0.032,0.080,0.077,0.080,0.048,0.045,0.044,0.043,0.071,0.068,0.043,0.043,0.042,0.083,0.081,0.076,0.040,0.027,0.028,0.101,0.117,0.113,0.044,0.029,0.052,0.058,0.068,0.069,0.010,0.014,0.028,0.038,0.061,0.057,0.015,0.014,0.000,0.000,0.013,0.000,0.000,0.000,0.000,0.000,0.000,0.000,0.014,0.000,0.000,0.000,0.000,0.000,0.000,0.000,0.000,0.000,0.000,0.000,0.000,0.000,0.000,0.000,0.000,0.000,0.000,0.000,0.000,0.000,0.000,0.000,0.000,0.000,0.000,0.000,0.000,0.000,0.000,0.000,0.000,0.000,0.000,0.000,0.000,0.000,0.000,0.000,0.000,0.000
2025-07-06 22:54:22,236.227,236.183,236.173,0.000,0.000,0.000,2.013,2.001,2.008,0.482,0.412,0.454,0.276,0.221,0.268,0.830,0.826,0.817,0.130,0.110,0.131,1.143,1.144,1.149,0.109,0.101,0.110,1.273,1.270,1.270,0.114,0.116,0.124,0.217,0.212,0.212,0.091,0.076,0.087,0.218,0.232,0.225,0.062,0.037,0.040,0.163,0.160,0.161,0.039,0.033,0.031,0.057,0.057,0.055,0.049,0.048,0.032,0.216,0.216,0.209,0.041,0.033,0.029,0.134,0.132,0.133,0.039,0.050,0.055,0.058,0.056,0.059,0.077,0.064,0.074,0.095,0.094,0.090,0.079,0.078,0.089,0.076,0.068,0.077,0.089,0.086,0.084,0.063,0.062,0.056,0.125,0.135,0.132,0.074,0.068,0.074,0.090,0.085,0.087,0.061,0.064,0.060,0.071,0.068,0.064,0.063,0.065,0.063,0.045,0.049,0.041,0.056,0.059,0.055,0.014,0.028,0.026,0.087,0.085,0.089,0.000,0.000,0.000,0.029,0.031,0.045,0.000,0.000,0.000,0.049,0.047,0.048,0.000,0.000,0.000,0.002,0.000,0.000,0.000,0.000,0.000,0.000,0.000,0.000,0.000,0.000,0.000,0.000,0.000,0.000,0.000,0.000,0.000,0.000,0.000,0.000,0.000,0.000,0.000,0.000,0.000,0.000,0.000,0.000,0.000,0.282,0.192,0.243,0.124,0.105,0.113,0.123,0.100,0.122,0.066,0.055,0.068,0.109,0.099,0.106,0.015,0.020,0.028,0.089,0.086,0.094,0.086,0.091,0.086,0.086,0.066,0.081,0.058,0.060,0.062,0.063,0.035,0.054,0.021,0.035,0.051,0.020,0.019,0.015,0.049,0.047,0.038,0.057,0.027,0.032,0.044,0.053,0.038,0.003,0.018,0.027,0.045,0.026,0.019,0.025,0.049,0.036,0.039,0.022,0.036,0.076,0.065,0.074,0.023,0.018,0.019,0.079,0.072,0.088,0.033,0.016,0.020,0.088,0.086,0.081,0.020,0.020,0.018,0.122,0.127,0.131,0.046,0.048,0.031,0.088,0.086,0.084,0.016,0.015,0.002,0.057,0.061,0.057,0.015,0.014,0.000,0.011,0.019,0.047,0.000,0.000,0.000,0.000,0.000,0.000,0.000,0.000,0.000,0.000,0.000,0.000,0.000,0.000,0.000,0.000,0.000,0.000,0.000,0.000,0.000,0.000,0.000,0.000,0.000,0.000,0.000,0.000,0.000,0.000,0.000,0.000,0.000,0.000,0.000,0.000,0.000,0.000,0.000,0.000,0.000,0.000,0.000,0.000,0.000,0.000,0.000,0.000
2025-07-06 22:54:25,237.056,237.013,237.002,0.000,0.000,0.000,2.017,2.021,2.005,0.426,0.430,0.419,0.241,0.248,0.232,0.836,0.836,0.840,0.118,0.122,0.104,1.150,1.153,1.140,0.103,0.101,0.102,1.281,1.287,1.277,0.119,0.109,0.114,0.202,0.197,0.193,0.080,0.085,0.073,0.225,0.222,0.229,0.043,0.066,0.053,0.156,0.146,0.159,0.013,0.044,0.047,0.057,0.058,0.058,0.047,0.058,0.050,0.208,0.197,0.210,0.039,0.030,0.044,0.126,0.128,0.120,0.049,0.050,0.050,0.048,0.044,0.044,0.061,0.066,0.050,0.077,0.072,0.073,0.080,0.085,0.084,0.080,0.075,0.070,0.091,0.096,0.092,0.057,0.061,0.058,0.144,0.141,0.141,0.074,0.069,0.062,0.105,0.108,0.107,0.060,0.059,0.056,0.063,0.064,0.056,0.059,0.066,0.066,0.055,0.044,0.054,0.054,0.060,0.051,0.027,0.003,0.002,0.105,0.103,0.098,0.013,0.000,0.011,0.046,0.045,0.028,0.000,0.000,0.000,0.055,0.053,0.052,0.000,0.000,0.000,0.000,0.000,0.000,0.000,0.000,0.000,0.000,0.000,0.000,0.000,0.000,0.000,0.000,0.000,0.000,0.000,0.000,0.000,0.000,0.000,0.000,0.000,0.000,0.000,0.000,0.014,0.000,0.000,0.000,0.000,0.218,0.225,0.207,0.104,0.115,0.112,0.110,0.113,0.099,0.062,0.062,0.051,0.101,0.098,0.099,0.011,0.040,0.047,0.098,0.083,0.083,0.078,0.080,0.094,0.078,0.083,0.069,0.057,0.051,0.056,0.042,0.065,0.056,0.048,0.035,0.021,0.014,0.016,0.019,0.045,0.030,0.045,0.034,0.054,0.053,0.048,0.033,0.041,0.000,0.000,0.014,0.011,0.013,0.029,0.026,0.019,0.032,0.013,0.011,0.017,0.059,0.061,0.050,0.000,0.000,0.000,0.078,0.080,0.079,0.000,0.000,0.000,0.089,0.092,0.090,0.000,0.000,0.000,0.140,0.133,0.135,0.045,0.014,0.042,0.100,0.107,0.105,0.000,0.000,0.000,0.056,0.039,0.050,0.000,0.000,0.000,0.037,0.038,0.036,0.000,0.000,0.000,0.013,0.000,0.000,0.000,0.000,0.000,0.000,0.000,0.000,0.000,0.000,0.000,0.000,0.000,0.000,0.000,0.000,0.000,0.000,0.000,0.000,0.000,0.000,0.000,0.000,0.000,0.000,0.000,0.000,0.000,0.000,0.000,0.000,0.000,0.000,0.000,0.000,0.000,0.000,0.000,0.000,0.000,0.000,0.000,0.000
2025-07-06 22:54:29,237.060,237.015,237.005,0.000,0.000,0.000,2.010,2.010,2.016,0.418,0.420,0.428,0.235,0.238,0.244,0.838,0.836,0.829,0.121,0.123,0.121,1.150,1.151,1.154,0.104,0.107,0.101,1.276,1.274,1.286,0.114,0.118,0.114,0.192,0.197,0.188,0.076,0.081,0.085,0.230,0.227,0.229,0.049,0.050,0.064,0.151,0.147,0.157,0.032,0.003,0.030,0.052,0.060,0.052,0.051,0.032,0.049,0.210,0.202,0.205,0.042,0.041,0.030,0.121,0.123,0.119,0.035,0.038,0.037,0.018,0.047,0.017,0.058,0.067,0.065,0.075,0.070,0.069,0.089,0.086,0.088,0.071,0.076,0.068,0.091,0.091,0.088,0.059,0.063,0.065,0.138,0.137,0.139,0.061,0.067,0.061,0.111,0.107,0.105,0.055,0.056,0.054,0.061,0.061,0.058,0.063,0.058,0.060,0.054,0.050,0.053,0.054,0.058,0.053,0.014,0.025,0.015,0.097,0.100,0.099,0.000,0.013,0.002,0.045,0.047,0.048,0.000,0.000,0.014,0.053,0.052,0.053,0.000,0.000,0.000,0.000,0.000,0.000,0.000,0.000,0.000,0.000,0.000,0.000,0.000,0.000,0.000,0.000,0.000,0.000,0.000,0.000,0.000,0.000,0.000,0.000,0.000,0.000,0.000,0.000,0.000,0.000,0.000,0.000,0.000,0.207,0.214,0.221,0.116,0.104,0.107,0.113,0.115,0.114,0.057,0.060,0.061,0.105,0.103,0.097,0.026,0.014,0.028,0.084,0.092,0.095,0.088,0.081,0.077,0.069,0.075,0.081,0.054,0.056,0.059,0.049,0.037,0.056,0.014,0.031,0.049,0.003,0.000,0.012,0.047,0.032,0.045,0.036,0.034,0.029,0.043,0.028,0.036,0.000,0.000,0.015,0.018,0.017,0.002,0.030,0.027,0.033,0.003,0.030,0.024,0.057,0.062,0.060,0.000,0.000,0.000,0.086,0.084,0.082,0.000,0.000,0.000,0.090,0.087,0.087,0.000,0.000,0.000,0.132,0.132,0.129,0.016,0.035,0.046,0.109,0.105,0.106,0.000,0.000,0.000,0.052,0.052,0.049,0.000,0.000,0.000,0.051,0.032,0.035,0.000,0.000,0.000,0.013,0.011,0.014,0.000,0.000,0.000,0.000,0.000,0.000,0.000,0.000,0.000,0.000,0.000,0.000,0.000,0.000,0.000,0.000,0.000,0.000,0.000,0.000,0.000,0.000,0.000,0.000,0.000,0.000,0.000,0.000,0.000,0.000,0.000,0.000,0.000,0.000,0.000,0.000,0.000,0.000,0.000,0.000,0.000,0.000
2025-07-06 22:54:32,237.103,237.060,237.049,0.000,0.000,0.000,2.020,2.017,2.007,0.425,0.423,0.420,0.240,0.243,0.233,0.841,0.844,0.835,0.114,0.126,0.117,1.159,1.150,1.147,0.102,0.095,0.109,1.283,1.280,1.272,0.112,0.113,0.119,0.192,0.195,0.190,0.080,0.081,0.077,0.225,0.223,0.232,0.050,0.053,0.033,0.154,0.160,0.159,0.026,0.028,0.016,0.052,0.052,0.051,0.032,0.047,0.047,0.198,0.207,0.208,0.042,0.043,0.048,0.124,0.117,0.122,0.052,0.046,0.049,0.011,0.047,0.041,0.065,0.062,0.066,0.075,0.082,0.083,0.086,0.080,0.089,0.062,0.074,0.068,0.091,0.088,0.093,0.063,0.056,0.060,0.143,0.141,0.143,0.055,0.069,0.059,0.103,0.105,0.107,0.053,0.053,0.050,0.060,0.057,0.068,0.067,0.067,0.067,0.041,0.059,0.053,0.058,0.056,0.062,0.026,0.017,0.013,0.095,0.100,0.095,0.000,0.000,0.000,0.048,0.047,0.049,0.013,0.000,0.011,0.051,0.052,0.052,0.013,0.000,0.000,0.011,0.015,0.013,0.000,0.000,0.000,0.000,0.000,0.000,0.000,0.000,0.000,0.000,0.000,0.000,0.000,0.000,0.000,0.000,0.000,0.000,0.000,0.000,0.000,0.000,0.000,0.000,0.000,0.000,0.000,0.222,0.217,0.211,0.109,0.118,0.110,0.108,0.114,0.110,0.061,0.067,0.054,0.098,0.094,0.106,0.031,0.013,0.036,0.090,0.087,0.087,0.077,0.088,0.095,0.078,0.078,0.069,0.055,0.056,0.056,0.049,0.054,0.035,0.038,0.021,0.017,0.014,0.015,0.003,0.047,0.032,0.045,0.027,0.035,0.040,0.031,0.043,0.031,0.000,0.000,0.014,0.011,0.014,0.029,0.044,0.014,0.031,0.028,0.002,0.016,0.062,0.061,0.059,0.000,0.000,0.000,0.079,0.079,0.085,0.000,0.000,0.000,0.089,0.087,0.088,0.013,0.000,0.000,0.132,0.139,0.131,0.044,0.030,0.036,0.104,0.099,0.107,0.000,0.000,0.000,0.052,0.049,0.055,0.000,0.000,0.000,0.039,0.047,0.021,0.000,0.000,0.000,0.013,0.002,0.000,0.000,0.000,0.000,0.000,0.000,0.000,0.000,0.000,0.000,0.000,0.000,0.000,0.000,0.000,0.000,0.000,0.000,0.000,0.000,0.000,0.000,0.000,0.000,0.000,0.000,0.000,0.000,0.000,0.000,0.000,0.000,0.000,0.000,0.000,0.000,0.000,0.000,0.000,0.000,0.000,0.000,0.000
2025-07-06 22:54:35,237.084,237.041,237.030,0.000,0.000,0.000,2.017,2.022,2.025,0.431,0.427,0.431,0.252,0.248,0.253,0.842,0.836,0.843,0.129,0.119,0.119,1.155,1.163,1.160,0.099,0.104,0.096,1.275,1.282,1.282,0.116,0.122,0.114,0.195,0.189,0.201,0.083,0.083,0.083,0.229,0.227,0.212,0.047,0.037,0.055,0.156,0.153,0.159,0.002,0.002,0.027,0.056,0.054,0.057,0.050,0.048,0.052,0.212,0.208,0.210,0.048,0.031,0.046,0.116,0.119,0.118,0.036,0.050,0.037,0.043,0.046,0.049,0.063,0.061,0.066,0.083,0.084,0.080,0.086,0.086,0.088,0.068,0.070,0.076,0.092,0.089,0.092,0.063,0.059,0.062,0.146,0.137,0.137,0.059,0.064,0.068,0.103,0.111,0.110,0.055,0.058,0.055,0.064,0.058,0.063,0.059,0.062,0.059,0.047,0.056,0.036,0.052,0.050,0.055,0.016,0.011,0.028,0.096,0.097,0.095,0.000,0.014,0.000,0.045,0.049,0.029,0.014,0.000,0.013,0.050,0.056,0.053,0.000,0.000,0.000,0.002,0.000,0.014,0.000,0.000,0.000,0.000,0.000,0.000,0.000,0.000,0.000,0.000,0.000,0.000,0.000,0.000,0.000,0.000,0.000,0.000,0.000,0.000,0.000,0.000,0.000,0.000,0.000,0.000,0.000,0.223,0.225,0.225,0.116,0.111,0.114,0.120,0.110,0.109,0.062,0.060,0.066,0.098,0.102,0.093,0.017,0.000,0.011,0.092,0.097,0.091,0.081,0.081,0.080,0.075,0.078,0.086,0.061,0.064,0.055,0.036,0.037,0.060,0.032,0.037,0.037,0.000,0.000,0.015,0.046,0.030,0.029,0.020,0.044,0.047,0.047,0.046,0.031,0.012,0.000,0.000,0.029,0.000,0.014,0.031,0.030,0.029,0.012,0.011,0.029,0.060,0.060,0.062,0.000,0.000,0.000,0.076,0.082,0.086,0.000,0.000,0.000,0.089,0.089,0.086,0.000,0.000,0.014,0.136,0.132,0.130,0.047,0.036,0.025,0.103,0.106,0.109,0.000,0.000,0.000,0.051,0.053,0.055,0.013,0.000,0.000,0.034,0.033,0.033,0.000,0.000,0.000,0.011,0.013,0.000,0.000,0.000,0.000,0.000,0.000,0.000,0.000,0.000,0.000,0.000,0.000,0.000,0.000,0.000,0.000,0.000,0.000,0.000,0.000,0.000,0.000,0.000,0.000,0.000,0.000,0.000,0.000,0.000,0.000,0.000,0.000,0.000,0.000,0.000,0.000,0.000,0.000,0.000,0.000,0.000,0.000,0.000
2025-07-06 22:54:38,237.021,236.977,236.966,0.000,0.000,0.000,2.027,2.020,2.020,0.421,0.432,0.424,0.236,0.246,0.237,0.836,0.842,0.844,0.118,0.132,0.117,1.170,1.157,1.157,0.102,0.098,0.104,1.284,1.278,1.277,0.110,0.115,0.114,0.193,0.199,0.193,0.079,0.077,0.079,0.224,0.225,0.230,0.059,0.035,0.054,0.154,0.155,0.144,0.044,0.030,0.035,0.058,0.055,0.055,0.054,0.050,0.051,0.205,0.211,0.203,0.031,0.028,0.047,0.127,0.121,0.132,0.032,0.049,0.048,0.047,0.048,0.052,0.069,0.062,0.072,0.083,0.079,0.090,0.089,0.091,0.085,0.067,0.069,0.070,0.085,0.091,0.091,0.062,0.061,0.060,0.144,0.133,0.137,0.070,0.067,0.077,0.101,0.114,0.107,0.061,0.057,0.062,0.061,0.063,0.063,0.067,0.066,0.063,0.055,0.052,0.060,0.052,0.052,0.054,0.003,0.018,0.024,0.102,0.100,0.099,0.000,0.000,0.000,0.048,0.044,0.045,0.000,0.000,0.002,0.052,0.055,0.052,0.000,0.000,0.000,0.000,0.000,0.000,0.000,0.000,0.000,0.000,0.000,0.010,0.000,0.000,0.000,0.000,0.000,0.000,0.000,0.000,0.000,0.000,0.000,0.000,0.000,0.000,0.000,0.000,0.000,0.000,0.000,0.000,0.000,0.213,0.223,0.218,0.108,0.117,0.110,0.107,0.125,0.110,0.061,0.064,0.059,0.097,0.098,0.102,0.050,0.016,0.002,0.082,0.085,0.089,0.086,0.091,0.083,0.072,0.069,0.076,0.059,0.059,0.057,0.058,0.034,0.034,0.033,0.020,0.034,0.014,0.013,0.010,0.050,0.049,0.051,0.046,0.039,0.021,0.046,0.033,0.035,0.003,0.000,0.027,0.029,0.029,0.017,0.015,0.027,0.031,0.003,0.015,0.000,0.064,0.062,0.066,0.000,0.000,0.013,0.083,0.088,0.084,0.000,0.000,0.000,0.084,0.089,0.085,0.000,0.013,0.000,0.133,0.127,0.132,0.047,0.029,0.036,0.101,0.108,0.104,0.010,0.025,0.000,0.049,0.055,0.052,0.010,0.000,0.000,0.048,0.036,0.043,0.000,0.000,0.000,0.002,0.000,0.000,0.000,0.000,0.000,0.000,0.000,0.000,0.000,0.000,0.000,0.000,0.000,0.000,0.000,0.000,0.000,0.000,0.000,0.000,0.000,0.000,0.000,0.000,0.000,0.000,0.000,0.000,0.000,0.000,0.000,0.000,0.000,0.000,0.000,0.000,0.000,0.000,0.000,0.000,0.000,0.000,0.000,0.000
2025-07-06 22:54:41,237.013,236.970,236.959,0.000,0.000,0.000,2.029,2.029,2.023,0.432,0.425,0.426,0.245,0.239,0.235,0.842,0.844,0.846,0.124,0.115,0.122,1.163,1.161,1.162,0.099,0.098,0.098,1.288,1.292,1.277,0.113,0.106,0.114,0.187,0.188,0.186,0.084,0.085,0.079,0.233,0.225,0.233,0.059,0.057,0.038,0.147,0.150,0.155,0.016,0.026,0.034,0.060,0.058,0.062,0.053,0.052,0.045,0.203,0.206,0.219,0.021,0.028,0.029,0.129,0.120,0.114,0.052,0.054,0.049,0.036,0.046,0.050,0.068,0.061,0.064,0.067,0.073,0.070,0.090,0.090,0.085,0.070,0.062,0.073,0.092,0.092,0.089,0.061,0.056,0.056,0.144,0.142,0.143,0.063,0.063,0.073,0.109,0.109,0.104,0.062,0.056,0.059,0.065,0.061,0.063,0.062,0.066,0.064,0.035,0.056,0.060,0.053,0.058,0.055,0.014,0.013,0.002,0.101,0.099,0.096,0.000,0.000,0.000,0.047,0.046,0.045,0.000,0.000,0.000,0.055,0.052,0.055,0.000,0.000,0.000,0.000,0.000,0.000,0.000,0.000,0.000,0.000,0.000,0.002,0.000,0.000,0.000,0.000,0.000,0.000,0.000,0.000,0.000,0.000,0.000,0.000,0.000,0.000,0.000,0.000,0.000,0.000,0.000,0.000,0.000,0.220,0.220,0.213,0.108,0.107,0.112,0.116,0.106,0.116,0.062,0.061,0.062,0.096,0.094,0.097,0.028,0.033,0.029,0.094,0.080,0.083,0.076,0.078,0.095,0.081,0.080,0.070,0.061,0.053,0.065,0.053,0.060,0.039,0.056,0.030,0.045,0.028,0.013,0.017,0.046,0.043,0.048,0.032,0.051,0.040,0.054,0.050,0.046,0.026,0.000,0.003,0.003,0.016,0.017,0.034,0.032,0.017,0.025,0.031,0.030,0.060,0.057,0.061,0.000,0.000,0.000,0.083,0.086,0.085,0.013,0.013,0.000,0.089,0.090,0.083,0.000,0.000,0.000,0.132,0.131,0.140,0.050,0.033,0.028,0.105,0.108,0.099,0.002,0.013,0.000,0.051,0.052,0.053,0.002,0.013,0.000,0.032,0.034,0.051,0.000,0.000,0.000,0.013,0.000,0.000,0.000,0.000,0.000,0.000,0.000,0.000,0.000,0.000,0.000,0.000,0.000,0.000,0.000,0.000,0.000,0.000,0.000,0.000,0.000,0.000,0.000,0.000,0.000,0.000,0.000,0.000,0.000,0.000,0.000,0.000,0.000,0.000,0.000,0.000,0.000,0.000,0.000,0.000,0.000,0.000,0.000,0.000
2025-07-06 22:54:44,237.079,237.034,237.024,0.000,0.000,0.000,2.019,2.025,2.023,0.419,0.427,0.423,0.240,0.246,0.239,0.849,0.844,0.849,0.118,0.125,0.124,1.156,1.164,1.161,0.102,0.100,0.099,1.277,1.281,1.277,0.115,0.111,0.112,0.183,0.186,0.192,0.079,0.081,0.081,0.233,0.227,0.224,0.051,0.059,0.052,0.146,0.146,0.151,0.000,0.027,0.028,0.063,0.054,0.061,0.050,0.051,0.052,0.204,0.201,0.209,0.041,0.030,0.045,0.125,0.125,0.120,0.048,0.037,0.046,0.048,0.047,0.051,0.058,0.069,0.063,0.088,0.083,0.080,0.082,0.084,0.081,0.068,0.063,0.072,0.093,0.089,0.088,0.057,0.054,0.055,0.138,0.146,0.137,0.070,0.072,0.075,0.104,0.101,0.115,0.056,0.061,0.056,0.066,0.058,0.068,0.058,0.063,0.059,0.049,0.060,0.052,0.053,0.051,0.054,0.014,0.025,0.000,0.096,0.095,0.095,0.000,0.000,0.000,0.046,0.047,0.045,0.011,0.000,0.000,0.054,0.055,0.052,0.000,0.000,0.000,0.000,0.000,0.000,0.000,0.000,0.000,0.000,0.000,0.000,0.000,0.000,0.000,0.000,0.000,0.000,0.000,0.000,0.000,0.000,0.000,0.000,0.000,0.000,0.000,0.000,0.000,0.000,0.000,0.000,0.000,0.219,0.223,0.219,0.109,0.112,0.104,0.114,0.115,0.115,0.058,0.062,0.065,0.099,0.096,0.095,0.033,0.030,0.018,0.091,0.090,0.085,0.080,0.071,0.085,0.074,0.077,0.076,0.059,0.057,0.062,0.048,0.051,0.049,0.020,0.054,0.040,0.000,0.000,0.018,0.049,0.030,0.048,0.036,0.031,0.048,0.034,0.047,0.045,0.000,0.000,0.029,0.014,0.014,0.012,0.031,0.031,0.003,0.014,0.013,0.016,0.053,0.066,0.058,0.000,0.000,0.000,0.078,0.078,0.079,0.000,0.000,0.000,0.089,0.090,0.084,0.000,0.000,0.000,0.127,0.141,0.131,0.034,0.033,0.030,0.105,0.097,0.111,0.000,0.000,0.000,0.055,0.050,0.056,0.000,0.000,0.000,0.033,0.055,0.033,0.000,0.000,0.000,0.013,0.013,0.000,0.000,0.000,0.000,0.000,0.000,0.000,0.000,0.000,0.000,0.000,0.000,0.000,0.000,0.000,0.000,0.000,0.000,0.000,0.000,0.000,0.000,0.000,0.000,0.000,0.000,0.000,0.000,0.000,0.000,0.000,0.000,0.000,0.000,0.000,0.000,0.000,0.000,0.000,0.000,0.000,0.000,0.000
2025-07-06 22:54:47,237.053,237.009,236.998,0.000,0.000,0.000,2.025,2.019,2.021,0.418,0.427,0.427,0.242,0.245,0.256,0.847,0.850,0.843,0.115,0.120,0.123,1.153,1.150,1.149,0.096,0.105,0.097,1.290,1.278,1.284,0.111,0.112,0.114,0.186,0.188,0.187,0.077,0.078,0.080,0.228,0.236,0.232,0.056,0.050,0.038,0.154,0.149,0.153,0.047,0.032,0.030,0.061,0.060,0.059,0.049,0.053,0.047,0.202,0.203,0.209,0.032,0.037,0.043,0.123,0.122,0.119,0.050,0.047,0.049,0.047,0.051,0.053,0.070,0.064,0.063,0.093,0.098,0.098,0.079,0.086,0.078,0.067,0.068,0.073,0.088,0.090,0.092,0.063,0.053,0.058,0.151,0.132,0.141,0.063,0.071,0.070,0.094,0.114,0.102,0.056,0.054,0.059,0.060,0.061,0.065,0.068,0.068,0.065,0.056,0.051,0.049,0.060,0.055,0.061,0.013,0.016,0.027,0.095,0.096,0.097,0.000,0.000,0.000,0.047,0.029,0.049,0.002,0.010,0.014,0.051,0.054,0.050,0.000,0.000,0.000,0.000,0.010,0.000,0.000,0.000,0.000,0.000,0.000,0.000,0.000,0.000,0.000,0.000,0.000,0.000,0.000,0.000,0.000,0.010,0.000,0.000,0.000,0.000,0.000,0.000,0.000,0.000,0.000,0.000,0.000,0.215,0.222,0.229,0.115,0.106,0.116,0.107,0.114,0.115,0.058,0.059,0.062,0.095,0.100,0.097,0.043,0.033,0.014,0.082,0.087,0.092,0.086,0.083,0.075,0.071,0.073,0.080,0.050,0.054,0.055,0.055,0.051,0.041,0.029,0.016,0.035,0.014,0.013,0.014,0.051,0.045,0.050,0.035,0.042,0.033,0.016,0.046,0.033,0.013,0.014,0.000,0.029,0.017,0.030,0.033,0.013,0.027,0.000,0.027,0.016,0.067,0.064,0.056,0.000,0.000,0.000,0.074,0.085,0.074,0.000,0.000,0.000,0.085,0.089,0.088,0.000,0.013,0.000,0.143,0.129,0.132,0.000,0.030,0.031,0.091,0.114,0.100,0.013,0.000,0.000,0.048,0.057,0.051,0.014,0.000,0.000,0.056,0.033,0.037,0.000,0.000,0.000,0.000,0.000,0.015,0.000,0.000,0.000,0.000,0.000,0.000,0.000,0.000,0.000,0.000,0.000,0.000,0.000,0.000,0.000,0.000,0.000,0.000,0.000,0.000,0.000,0.000,0.000,0.000,0.000,0.000,0.000,0.000,0.000,0.000,0.000,0.000,0.000,0.000,0.000,0.000,0.000,0.000,0.000,0.000,0.000,0.000
2025-07-06 22:54:50,237.054,237.009,236.999,0.000,0.000,0.000,2.025,2.023,2.016,0.430,0.422,0.425,0.252,0.240,0.248,0.844,0.843,0.848,0.119,0.116,0.119,1.156,1.147,1.146,0.097,0.097,0.099,1.288,1.295,1.280,0.107,0.109,0.113,0.188,0.187,0.191,0.082,0.079,0.077,0.230,0.226,0.228,0.040,0.059,0.047,0.150,0.156,0.154,0.028,0.044,0.003,0.051,0.057,0.057,0.046,0.053,0.033,0.195,0.206,0.204,0.031,0.047,0.030,0.126,0.122,0.121,0.046,0.050,0.032,0.052,0.057,0.052,0.068,0.056,0.072,0.087,0.085,0.088,0.091,0.081,0.087,0.065,0.077,0.066,0.092,0.092,0.088,0.054,0.058,0.059,0.139,0.137,0.149,0.065,0.069,0.065,0.110,0.107,0.097,0.054,0.054,0.056,0.064,0.057,0.060,0.068,0.065,0.066,0.050,0.056,0.059,0.056,0.053,0.057,0.013,0.027,0.015,0.095,0.095,0.094,0.000,0.000,0.000,0.049,0.033,0.043,0.000,0.002,0.000,0.053,0.053,0.051,0.000,0.000,0.000,0.000,0.002,0.013,0.000,0.000,0.000,0.000,0.000,0.000,0.000,0.000,0.000,0.000,0.000,0.000,0.000,0.000,0.000,0.002,0.000,0.000,0.000,0.000,0.000,0.000,0.000,0.000,0.000,0.000,0.000,0.230,0.211,0.228,0.114,0.117,0.110,0.114,0.108,0.113,0.063,0.059,0.060,0.095,0.095,0.097,0.027,0.030,0.043,0.089,0.084,0.089,0.071,0.081,0.083,0.080,0.074,0.069,0.052,0.056,0.055,0.025,0.055,0.034,0.033,0.033,0.017,0.013,0.015,0.000,0.016,0.047,0.045,0.043,0.055,0.032,0.045,0.044,0.043,0.014,0.015,0.000,0.013,0.046,0.030,0.013,0.029,0.016,0.013,0.013,0.013,0.067,0.053,0.065,0.000,0.000,0.000,0.086,0.076,0.083,0.000,0.000,0.000,0.090,0.092,0.085,0.000,0.000,0.000,0.130,0.133,0.142,0.032,0.033,0.041,0.113,0.104,0.097,0.000,0.000,0.000,0.057,0.052,0.048,0.013,0.013,0.000,0.033,0.032,0.051,0.000,0.000,0.000,0.000,0.013,0.000,0.000,0.000,0.000,0.000,0.000,0.000,0.000,0.000,0.000,0.000,0.000,0.000,0.000,0.000,0.000,0.000,0.000,0.000,0.000,0.000,0.000,0.000,0.000,0.000,0.000,0.000,0.000,0.000,0.000,0.000,0.000,0.000,0.000,0.000,0.000,0.000,0.000,0.000,0.000,0.000,0.000,0.000
2025-07-06 22:54:53,237.400,237.357,237.345,0.000,0.000,0.000,2.017,2.016,2.022,0.414,0.435,0.431,0.240,0.246,0.255,0.846,0.837,0.833,0.120,0.123,0.120,1.147,1.141,1.151,0.103,0.100,0.099,1.282,1.288,1.294,0.112,0.116,0.109,0.190,0.190,0.194,0.075,0.080,0.082,0.240,0.233,0.224,0.045,0.060,0.058,0.150,0.156,0.158,0.033,0.017,0.018,0.056,0.062,0.063,0.046,0.034,0.047,0.210,0.208,0.203,0.046,0.003,0.047,0.119,0.121,0.124,0.053,0.050,0.032,0.029,0.055,0.037,0.058,0.069,0.062,0.082,0.080,0.083,0.085,0.087,0.087,0.064,0.073,0.065,0.089,0.087,0.089,0.052,0.051,0.052,0.139,0.142,0.139,0.056,0.076,0.061,0.100,0.106,0.113,0.062,0.056,0.060,0.061,0.061,0.070,0.071,0.063,0.068,0.051,0.065,0.034,0.055,0.058,0.056,0.000,0.013,0.018,0.095,0.097,0.094,0.000,0.000,0.000,0.044,0.044,0.033,0.000,0.000,0.000,0.058,0.056,0.055,0.000,0.000,0.000,0.000,0.000,0.000,0.000,0.000,0.000,0.000,0.000,0.000,0.000,0.000,0.000,0.000,0.000,0.000,0.000,0.000,0.000,0.000,0.000,0.000,0.000,0.000,0.000,0.000,0.000,0.000,0.000,0.000,0.000,0.215,0.226,0.231,0.114,0.109,0.112,0.114,0.114,0.114,0.059,0.060,0.061,0.103,0.096,0.095,0.027,0.016,0.033,0.083,0.098,0.085,0.087,0.074,0.078,0.069,0.082,0.078,0.053,0.059,0.062,0.031,0.046,0.055,0.018,0.057,0.048,0.000,0.020,0.016,0.047,0.046,0.032,0.019,0.022,0.049,0.032,0.030,0.047,0.027,0.013,0.027,0.017,0.000,0.014,0.033,0.033,0.014,0.000,0.015,0.013,0.053,0.068,0.056,0.000,0.000,0.000,0.079,0.088,0.083,0.000,0.000,0.000,0.087,0.084,0.086,0.000,0.000,0.000,0.129,0.140,0.128,0.043,0.047,0.044,0.103,0.098,0.111,0.000,0.000,0.000,0.051,0.051,0.055,0.014,0.014,0.000,0.031,0.055,0.031,0.000,0.000,0.000,0.000,0.000,0.000,0.000,0.000,0.000,0.000,0.000,0.000,0.000,0.000,0.000,0.000,0.000,0.000,0.000,0.000,0.000,0.000,0.000,0.000,0.000,0.000,0.000,0.000,0.000,0.000,0.000,0.000,0.000,0.000,0.000,0.000,0.000,0.000,0.000,0.000,0.000,0.000,0.000,0.000,0.000,0.000,0.000,0.000
2025-07-06 22:54:56,237.458,237.414,237.403,0.000,0.000,0.000,2.017,2.008,2.014,0.422,0.417,0.430,0.246,0.232,0.256,0.838,0.830,0.841,0.124,0.118,0.124,1.144,1.139,1.143,0.094,0.102,0.106,1.289,1.284,1.280,0.108,0.122,0.116,0.197,0.195,0.193,0.079,0.084,0.077,0.229,0.233,0.231,0.056,0.038,0.048,0.153,0.149,0.150,0.042,0.021,0.014,0.060,0.060,0.061,0.046,0.049,0.031,0.205,0.209,0.210,0.029,0.045,0.031,0.118,0.121,0.118,0.050,0.045,0.055,0.050,0.055,0.042,0.065,0.060,0.064,0.090,0.097,0.089,0.082,0.086,0.080,0.064,0.070,0.061,0.088,0.095,0.090,0.054,0.055,0.060,0.146,0.131,0.147,0.063,0.074,0.059,0.101,0.117,0.094,0.055,0.055,0.065,0.058,0.067,0.055,0.073,0.066,0.074,0.055,0.052,0.051,0.059,0.061,0.059,0.000,0.031,0.012,0.100,0.096,0.098,0.000,0.000,0.000,0.017,0.028,0.027,0.014,0.010,0.000,0.054,0.052,0.053,0.000,0.000,0.000,0.000,0.000,0.000,0.000,0.000,0.000,0.000,0.000,0.000,0.000,0.000,0.000,0.000,0.000,0.000,0.000,0.000,0.000,0.000,0.000,0.000,0.000,0.000,0.000,0.010,0.000,0.000,0.000,0.000,0.000,0.215,0.207,0.236,0.117,0.108,0.109,0.114,0.111,0.119,0.068,0.053,0.059,0.091,0.102,0.101,0.014,0.042,0.016,0.077,0.087,0.096,0.082,0.095,0.071,0.075,0.076,0.076,0.053,0.057,0.055,0.060,0.032,0.037,0.030,0.014,0.036,0.028,0.000,0.000,0.036,0.051,0.047,0.037,0.038,0.031,0.031,0.016,0.049,0.000,0.000,0.000,0.044,0.031,0.013,0.000,0.027,0.047,0.028,0.000,0.016,0.066,0.054,0.057,0.000,0.000,0.000,0.076,0.084,0.076,0.000,0.000,0.000,0.087,0.091,0.090,0.000,0.000,0.000,0.141,0.128,0.136,0.033,0.029,0.050,0.098,0.115,0.095,0.000,0.014,0.000,0.049,0.058,0.034,0.000,0.000,0.000,0.051,0.044,0.034,0.000,0.000,0.000,0.000,0.000,0.000,0.000,0.000,0.000,0.000,0.000,0.000,0.000,0.000,0.000,0.000,0.000,0.000,0.000,0.000,0.000,0.000,0.000,0.000,0.000,0.000,0.000,0.000,0.000,0.000,0.000,0.000,0.000,0.000,0.000,0.000,0.000,0.000,0.000,0.000,0.000,0.000,0.000,0.000,0.000,0.000,0.000,0.000
2025-07-06 22:54:59,237.436,237.391,237.380,0.000,0.000,0.000,2.011,2.013,1.999,0.431,0.428,0.423,0.241,0.250,0.238,0.826,0.819,0.819,0.117,0.120,0.113,1.150,1.150,1.137,0.106,0.099,0.108,1.283,1.288,1.282,0.121,0.112,0.116,0.193,0.197,0.193,0.085,0.084,0.077,0.232,0.228,0.225,0.039,0.057,0.054,0.144,0.146,0.156,0.030,0.029,0.027,0.059,0.055,0.058,0.053,0.031,0.039,0.201,0.200,0.207,0.020,0.030,0.033,0.124,0.122,0.117,0.055,0.053,0.045,0.052,0.050,0.031,0.057,0.067,0.064,0.086,0.087,0.085,0.087,0.083,0.087,0.066,0.069,0.059,0.086,0.092,0.086,0.054,0.058,0.055,0.132,0.146,0.141,0.065,0.066,0.058,0.114,0.103,0.110,0.057,0.063,0.058,0.057,0.062,0.060,0.062,0.063,0.072,0.055,0.061,0.052,0.051,0.058,0.053,0.027,0.014,0.017,0.100,0.098,0.097,0.000,0.000,0.000,0.041,0.044,0.032,0.000,0.002,0.000,0.057,0.055,0.051,0.000,0.000,0.000,0.010,0.027,0.000,0.000,0.000,0.000,0.000,0.000,0.000,0.000,0.000,0.000,0.000,0.000,0.000,0.000,0.000,0.000,0.000,0.000,0.000,0.000,0.000,0.000,0.002,0.000,0.000,0.000,0.000,0.000,0.221,0.225,0.214,0.109,0.117,0.109,0.110,0.112,0.104,0.061,0.060,0.055,0.103,0.094,0.103,0.014,0.016,0.050,0.099,0.090,0.087,0.081,0.073,0.091,0.083,0.085,0.073,0.055,0.039,0.058,0.042,0.064,0.058,0.048,0.032,0.016,0.014,0.018,0.016,0.046,0.029,0.032,0.050,0.031,0.050,0.049,0.014,0.027,0.015,0.000,0.013,0.013,0.016,0.027,0.032,0.046,0.000,0.030,0.028,0.029,0.056,0.062,0.064,0.000,0.000,0.000,0.083,0.080,0.082,0.000,0.000,0.000,0.087,0.090,0.084,0.000,0.000,0.000,0.126,0.137,0.134,0.049,0.041,0.047,0.113,0.101,0.108,0.000,0.000,0.000,0.054,0.051,0.052,0.000,0.000,0.013,0.031,0.054,0.051,0.000,0.000,0.000,0.000,0.000,0.000,0.000,0.000,0.000,0.000,0.000,0.000,0.000,0.000,0.000,0.000,0.000,0.000,0.000,0.000,0.000,0.000,0.000,0.000,0.000,0.000,0.000,0.000,0.000,0.000,0.000,0.000,0.000,0.000,0.000,0.000,0.000,0.000,0.000,0.000,0.000,0.000,0.000,0.000,0.000,0.000,0.000,0.000
2025-07-06 22:55:02,237.439,237.395,237.383,0.000,0.000,0.000,1.999,2.005,2.003,0.422,0.426,0.434,0.238,0.245,0.251,0.822,0.820,0.820,0.119,0.117,0.128,1.135,1.144,1.143,0.103,0.107,0.099,1.279,1.281,1.281,0.119,0.117,0.118,0.203,0.204,0.191,0.078,0.081,0.082,0.225,0.227,0.231,0.048,0.048,0.036,0.154,0.151,0.151,0.033,0.031,0.018,0.058,0.057,0.054,0.049,0.033,0.028,0.205,0.199,0.200,0.042,0.033,0.042,0.120,0.126,0.118,0.054,0.035,0.054,0.051,0.045,0.048,0.060,0.070,0.055,0.093,0.092,0.091,0.078,0.091,0.079,0.074,0.068,0.066,0.088,0.090,0.088,0.052,0.050,0.050,0.144,0.144,0.132,0.070,0.069,0.064,0.100,0.108,0.110,0.055,0.055,0.060,0.054,0.067,0.063,0.067,0.062,0.065,0.060,0.055,0.051,0.055,0.058,0.056,0.014,0.000,0.031,0.097,0.100,0.097,0.000,0.000,0.000,0.014,0.029,0.040,0.000,0.000,0.000,0.054,0.055,0.052,0.000,0.000,0.000,0.002,0.000,0.000,0.000,0.000,0.000,0.000,0.000,0.000,0.000,0.000,0.000,0.000,0.000,0.000,0.000,0.000,0.000,0.000,0.000,0.000,0.000,0.000,0.000,0.000,0.000,0.000,0.000,0.000,0.000,0.210,0.222,0.232,0.117,0.105,0.113,0.113,0.109,0.121,0.057,0.060,0.063,0.102,0.104,0.094,0.030,0.032,0.029,0.082,0.093,0.093,0.097,0.079,0.083,0.071,0.077,0.076,0.058,0.053,0.062,0.051,0.040,0.034,0.000,0.015,0.053,0.014,0.000,0.013,0.045,0.047,0.050,0.051,0.021,0.015,0.046,0.014,0.047,0.000,0.000,0.014,0.030,0.016,0.013,0.031,0.015,0.033,0.028,0.028,0.029,0.058,0.069,0.054,0.000,0.000,0.000,0.075,0.089,0.076,0.000,0.000,0.000,0.089,0.087,0.087,0.000,0.000,0.000,0.140,0.138,0.124,0.034,0.031,0.050,0.092,0.107,0.110,0.014,0.000,0.000,0.047,0.056,0.058,0.000,0.000,0.000,0.052,0.048,0.032,0.000,0.000,0.000,0.000,0.000,0.015,0.000,0.000,0.000,0.000,0.000,0.000,0.000,0.000,0.000,0.000,0.000,0.000,0.000,0.000,0.000,0.000,0.000,0.000,0.000,0.000,0.000,0.000,0.000,0.000,0.000,0.000,0.000,0.000,0.000,0.000,0.000,0.000,0.000,0.000,0.000,0.000,0.000,0.000,0.000,0.000,0.000,0.000
2025-07-06 22:55:05,237.398,237.353,237.343,0.000,0.000,0.000,2.014,2.010,2.003,0.433,0.426,0.430,0.252,0.245,0.245,0.829,0.829,0.828,0.117,0.124,0.116,1.146,1.139,1.134,0.098,0.098,0.106,1.287,1.285,1.281,0.115,0.117,0.124,0.195,0.196,0.196,0.080,0.083,0.077,0.222,0.225,0.229,0.060,0.057,0.045,0.155,0.162,0.157,0.030,0.045,0.017,0.056,0.061,0.057,0.049,0.031,0.018,0.202,0.212,0.209,0.029,0.046,0.031,0.121,0.119,0.119,0.048,0.053,0.053,0.054,0.049,0.050,0.069,0.058,0.069,0.093,0.088,0.093,0.082,0.085,0.084,0.079,0.069,0.074,0.094,0.093,0.089,0.048,0.059,0.049,0.137,0.141,0.148,0.070,0.059,0.066,0.112,0.101,0.101,0.052,0.062,0.059,0.063,0.063,0.055,0.060,0.067,0.067,0.055,0.049,0.065,0.057,0.060,0.054,0.013,0.027,0.012,0.095,0.095,0.093,0.000,0.000,0.000,0.031,0.042,0.044,0.000,0.000,0.000,0.048,0.051,0.050,0.000,0.000,0.000,0.000,0.000,0.000,0.000,0.000,0.000,0.000,0.000,0.000,0.000,0.000,0.000,0.000,0.000,0.000,0.000,0.000,0.000,0.000,0.000,0.000,0.000,0.000,0.013,0.000,0.000,0.000,0.000,0.000,0.000,0.230,0.216,0.223,0.114,0.121,0.110,0.110,0.115,0.110,0.065,0.061,0.058,0.098,0.097,0.103,0.014,0.028,0.047,0.095,0.083,0.093,0.074,0.094,0.094,0.081,0.072,0.069,0.050,0.063,0.058,0.060,0.050,0.030,0.033,0.022,0.017,0.000,0.000,0.000,0.046,0.050,0.046,0.047,0.047,0.018,0.045,0.030,0.015,0.000,0.000,0.000,0.030,0.033,0.029,0.000,0.031,0.030,0.017,0.015,0.014,0.065,0.053,0.066,0.000,0.000,0.000,0.084,0.081,0.082,0.000,0.000,0.000,0.089,0.091,0.090,0.000,0.000,0.000,0.135,0.127,0.146,0.030,0.051,0.032,0.108,0.105,0.095,0.000,0.000,0.000,0.053,0.053,0.046,0.000,0.014,0.014,0.039,0.018,0.060,0.000,0.000,0.000,0.000,0.000,0.013,0.000,0.000,0.000,0.000,0.000,0.000,0.000,0.000,0.000,0.000,0.000,0.000,0.000,0.000,0.000,0.000,0.000,0.000,0.000,0.000,0.000,0.000,0.000,0.000,0.000,0.000,0.000,0.000,0.000,0.000,0.000,0.000,0.000,0.000,0.000,0.000,0.000,0.000,0.000,0.000,0.000,0.000
2025-07-06 22:55:08,237.424,237.380,237.369,0.000,0.000,0.000,2.012,2.004,2.010,0.433,0.431,0.432,0.254,0.248,0.257,0.836,0.833,0.826,0.128,0.119,0.119,1.145,1.142,1.144,0.097,0.101,0.097,1.276,1.272,1.282,0.117,0.116,0.113,0.201,0.192,0.199,0.083,0.083,0.084,0.228,0.233,0.222,0.049,0.039,0.060,0.152,0.143,0.154,0.018,0.016,0.031,0.061,0.050,0.060,0.049,0.046,0.052,0.212,0.205,0.210,0.048,0.029,0.031,0.121,0.128,0.126,0.049,0.048,0.036,0.049,0.036,0.051,0.063,0.071,0.054,0.084,0.081,0.088,0.080,0.089,0.080,0.073,0.065,0.079,0.089,0.089,0.095,0.055,0.034,0.052,0.147,0.150,0.127,0.063,0.059,0.073,0.097,0.107,0.116,0.062,0.060,0.060,0.066,0.061,0.064,0.067,0.068,0.066,0.041,0.057,0.049,0.061,0.051,0.058,0.012,0.010,0.018,0.098,0.095,0.097,0.000,0.000,0.000,0.041,0.047,0.018,0.000,0.000,0.011,0.052,0.057,0.053,0.000,0.000,0.000,0.000,0.000,0.000,0.000,0.000,0.000,0.000,0.000,0.000,0.000,0.000,0.000,0.000,0.000,0.000,0.000,0.000,0.000,0.000,0.000,0.000,0.000,0.000,0.000,0.000,0.000,0.000,0.000,0.000,0.000,0.228,0.228,0.224,0.120,0.111,0.121,0.122,0.112,0.112,0.063,0.064,0.062,0.098,0.097,0.096,0.000,0.029,0.026,0.090,0.092,0.088,0.082,0.078,0.078,0.080,0.081,0.087,0.058,0.056,0.050,0.038,0.038,0.060,0.035,0.031,0.033,0.000,0.014,0.014,0.047,0.030,0.050,0.048,0.014,0.059,0.050,0.044,0.029,0.013,0.000,0.016,0.028,0.000,0.031,0.034,0.030,0.028,0.000,0.000,0.013,0.057,0.072,0.052,0.000,0.000,0.000,0.075,0.083,0.080,0.000,0.000,0.000,0.087,0.087,0.093,0.000,0.000,0.000,0.136,0.142,0.119,0.033,0.038,0.036,0.095,0.103,0.117,0.014,0.013,0.000,0.051,0.054,0.058,0.015,0.013,0.000,0.035,0.039,0.016,0.000,0.000,0.000,0.015,0.000,0.014,0.000,0.000,0.000,0.000,0.000,0.000,0.000,0.000,0.000,0.000,0.000,0.000,0.000,0.000,0.000,0.000,0.000,0.000,0.000,0.000,0.000,0.000,0.000,0.000,0.000,0.000,0.000,0.000,0.000,0.000,0.000,0.000,0.000,0.000,0.000,0.000,0.000,0.000,0.000,0.000,0.000,0.000
2025-07-06 22:55:11,237.395,237.350,237.340,0.000,0.000,0.000,2.013,2.000,2.009,0.428,0.426,0.433,0.249,0.241,0.253,0.836,0.829,0.835,0.122,0.125,0.116,1.147,1.144,1.145,0.095,0.104,0.100,1.281,1.267,1.275,0.114,0.120,0.116,0.188,0.195,0.194,0.083,0.080,0.079,0.231,0.233,0.234,0.052,0.046,0.050,0.145,0.145,0.141,0.030,0.034,0.015,0.059,0.065,0.064,0.049,0.049,0.029,0.211,0.214,0.211,0.033,0.048,0.031,0.120,0.120,0.117,0.017,0.053,0.046,0.045,0.033,0.050,0.063,0.056,0.073,0.089,0.090,0.079,0.090,0.081,0.090,0.065,0.070,0.067,0.091,0.094,0.091,0.049,0.052,0.050,0.139,0.134,0.157,0.058,0.065,0.058,0.117,0.106,0.099,0.060,0.056,0.058,0.065,0.060,0.061,0.073,0.066,0.065,0.044,0.049,0.059,0.057,0.055,0.058,0.031,0.028,0.011,0.096,0.095,0.095,0.000,0.000,0.000,0.030,0.028,0.026,0.000,0.000,0.031,0.055,0.054,0.053,0.000,0.000,0.000,0.000,0.013,0.000,0.000,0.000,0.000,0.000,0.000,0.000,0.000,0.000,0.000,0.000,0.000,0.000,0.000,0.000,0.000,0.000,0.000,0.000,0.000,0.000,0.000,0.000,0.000,0.010,0.000,0.000,0.000,0.230,0.216,0.231,0.116,0.117,0.107,0.115,0.119,0.110,0.062,0.055,0.060,0.096,0.102,0.096,0.028,0.013,0.014,0.085,0.093,0.096,0.083,0.087,0.075,0.076,0.075,0.077,0.052,0.055,0.058,0.053,0.050,0.034,0.000,0.016,0.051,0.000,0.000,0.013,0.027,0.050,0.048,0.049,0.054,0.014,0.030,0.031,0.042,0.000,0.029,0.000,0.017,0.016,0.000,0.000,0.046,0.034,0.000,0.000,0.013,0.063,0.052,0.071,0.000,0.000,0.000,0.087,0.080,0.084,0.000,0.000,0.000,0.091,0.093,0.090,0.000,0.000,0.000,0.130,0.130,0.148,0.032,0.030,0.046,0.116,0.104,0.097,0.013,0.000,0.000,0.059,0.054,0.048,0.000,0.000,0.014,0.032,0.031,0.057,0.000,0.000,0.000,0.000,0.027,0.000,0.000,0.000,0.000,0.000,0.000,0.000,0.000,0.000,0.000,0.000,0.000,0.000,0.000,0.000,0.000,0.000,0.000,0.000,0.000,0.000,0.000,0.000,0.000,0.000,0.000,0.000,0.000,0.000,0.000,0.000,0.000,0.000,0.000,0.000,0.000,0.000,0.000,0.000,0.000,0.000,0.000,0.000
2025-07-06 22:55:14,237.131,237.087,237.076,0.000,0.000,0.000,2.018,2.009,2.009,0.429,0.423,0.421,0.244,0.249,0.246,0.839,0.830,0.831,0.114,0.123,0.120,1.161,1.156,1.155,0.102,0.099,0.105,1.273,1.267,1.263,0.112,0.109,0.120,0.198,0.197,0.198,0.080,0.085,0.074,0.239,0.233,0.242,0.057,0.056,0.038,0.142,0.148,0.149,0.026,0.030,0.032,0.056,0.062,0.067,0.022,0.052,0.032,0.211,0.217,0.227,0.025,0.029,0.040,0.123,0.126,0.127,0.053,0.029,0.055,0.053,0.032,0.049,0.077,0.064,0.060,0.090,0.091,0.092,0.082,0.092,0.073,0.064,0.061,0.067,0.089,0.091,0.093,0.031,0.047,0.044,0.157,0.128,0.148,0.070,0.065,0.071,0.091,0.121,0.094,0.055,0.047,0.056,0.056,0.072,0.058,0.066,0.071,0.070,0.063,0.031,0.056,0.060,0.063,0.060,0.000,0.002,0.017,0.097,0.091,0.093,0.000,0.014,0.000,0.037,0.027,0.043,0.025,0.017,0.000,0.053,0.050,0.052,0.000,0.014,0.000,0.010,0.000,0.000,0.000,0.000,0.000,0.000,0.000,0.000,0.000,0.000,0.000,0.000,0.000,0.000,0.000,0.000,0.000,0.000,0.000,0.000,0.000,0.000,0.000,0.014,0.000,0.002,0.000,0.000,0.000,0.221,0.221,0.214,0.110,0.114,0.117,0.106,0.114,0.115,0.062,0.059,0.054,0.100,0.098,0.108,0.028,0.000,0.000,0.089,0.082,0.088,0.075,0.085,0.091,0.080,0.081,0.068,0.053,0.054,0.057,0.056,0.056,0.049,0.035,0.031,0.032,0.016,0.015,0.000,0.031,0.032,0.052,0.033,0.051,0.032,0.028,0.032,0.028,0.000,0.000,0.017,0.013,0.013,0.013,0.048,0.000,0.051,0.030,0.000,0.000,0.074,0.060,0.056,0.000,0.000,0.000,0.077,0.087,0.070,0.000,0.000,0.000,0.089,0.090,0.091,0.000,0.000,0.000,0.154,0.119,0.140,0.050,0.031,0.049,0.086,0.119,0.090,0.000,0.000,0.000,0.034,0.062,0.051,0.000,0.013,0.000,0.058,0.027,0.052,0.000,0.000,0.000,0.000,0.000,0.000,0.000,0.000,0.000,0.000,0.000,0.000,0.000,0.000,0.000,0.000,0.000,0.000,0.000,0.000,0.000,0.000,0.000,0.000,0.000,0.000,0.000,0.000,0.000,0.000,0.000,0.000,0.000,0.000,0.000,0.000,0.000,0.000,0.000,0.000,0.000,0.000,0.000,0.000,0.000,0.000,0.000,0.000
2025-07-06 22:55:17,237.119,237.075,237.064,0.000,0.000,0.000,2.027,2.029,2.026,0.432,0.427,0.427,0.246,0.251,0.245,0.847,0.853,0.853,0.124,0.122,0.122,1.168,1.164,1.164,0.097,0.098,0.094,1.270,1.275,1.272,0.116,0.109,0.113,0.201,0.198,0.201,0.083,0.085,0.080,0.241,0.240,0.235,0.056,0.055,0.050,0.149,0.142,0.156,0.019,0.016,0.028,0.059,0.065,0.064,0.025,0.036,0.050,0.223,0.216,0.221,0.018,0.030,0.045,0.120,0.125,0.122,0.058,0.047,0.058,0.047,0.041,0.033,0.073,0.066,0.055,0.096,0.099,0.088,0.081,0.089,0.077,0.059,0.062,0.062,0.084,0.091,0.090,0.048,0.032,0.056,0.156,0.131,0.148,0.067,0.069,0.062,0.087,0.117,0.095,0.061,0.054,0.057,0.053,0.069,0.062,0.074,0.068,0.067,0.063,0.047,0.055,0.063,0.057,0.060,0.000,0.000,0.030,0.098,0.097,0.092,0.000,0.000,0.000,0.028,0.041,0.041,0.016,0.025,0.000,0.052,0.050,0.051,0.000,0.000,0.000,0.002,0.000,0.000,0.000,0.000,0.000,0.000,0.000,0.000,0.000,0.000,0.000,0.000,0.000,0.000,0.000,0.000,0.000,0.000,0.000,0.000,0.000,0.000,0.000,0.000,0.013,0.000,0.000,0.000,0.000,0.222,0.228,0.219,0.114,0.111,0.118,0.115,0.115,0.113,0.061,0.058,0.064,0.094,0.097,0.095,0.030,0.014,0.015,0.091,0.087,0.090,0.082,0.074,0.084,0.081,0.083,0.077,0.064,0.054,0.054,0.053,0.054,0.052,0.042,0.035,0.020,0.016,0.015,0.014,0.033,0.035,0.035,0.026,0.032,0.056,0.032,0.042,0.043,0.000,0.000,0.027,0.016,0.013,0.028,0.049,0.000,0.046,0.030,0.015,0.015,0.070,0.063,0.053,0.000,0.000,0.000,0.081,0.087,0.074,0.000,0.000,0.000,0.083,0.089,0.088,0.000,0.000,0.000,0.149,0.127,0.139,0.044,0.046,0.032,0.086,0.114,0.094,0.000,0.000,0.000,0.042,0.061,0.055,0.000,0.000,0.000,0.061,0.031,0.047,0.000,0.000,0.013,0.000,0.000,0.015,0.000,0.000,0.000,0.000,0.000,0.000,0.000,0.000,0.000,0.000,0.000,0.000,0.000,0.000,0.000,0.000,0.000,0.000,0.000,0.000,0.000,0.000,0.000,0.000,0.000,0.000,0.000,0.000,0.000,0.000,0.000,0.000,0.000,0.000,0.000,0.000,0.000,0.000,0.000,0.000,0.000,0.000
2025-07-06 22:55:20,237.131,237.087,237.076,0.000,0.000,0.000,2.016,2.023,2.021,0.428,0.432,0.425,0.244,0.248,0.244,0.845,0.844,0.842,0.118,0.128,0.115,1.164,1.168,1.171,0.107,0.104,0.099,1.257,1.264,1.262,0.123,0.115,0.117,0.202,0.200,0.194,0.076,0.087,0.083,0.243,0.239,0.241,0.035,0.041,0.045,0.153,0.146,0.149,0.014,0.000,0.018,0.063,0.062,0.054,0.043,0.052,0.054,0.216,0.218,0.217,0.024,0.040,0.046,0.124,0.127,0.124,0.051,0.029,0.054,0.049,0.047,0.052,0.071,0.069,0.054,0.108,0.103,0.100,0.075,0.091,0.080,0.061,0.064,0.065,0.090,0.096,0.092,0.052,0.047,0.055,0.160,0.130,0.141,0.069,0.074,0.073,0.085,0.125,0.100,0.054,0.050,0.059,0.056,0.070,0.060,0.069,0.072,0.067,0.062,0.044,0.054,0.063,0.064,0.065,0.000,0.000,0.042,0.099,0.095,0.094,0.000,0.000,0.000,0.048,0.013,0.032,0.013,0.014,0.000,0.049,0.049,0.052,0.000,0.000,0.000,0.000,0.000,0.000,0.000,0.000,0.013,0.000,0.000,0.000,0.000,0.000,0.000,0.000,0.000,0.000,0.000,0.000,0.000,0.013,0.000,0.000,0.000,0.000,0.000,0.000,0.000,0.000,0.000,0.000,0.000,0.221,0.220,0.223,0.109,0.113,0.105,0.112,0.121,0.108,0.058,0.062,0.061,0.103,0.104,0.096,0.049,0.000,0.014,0.094,0.090,0.092,0.091,0.080,0.081,0.070,0.084,0.078,0.058,0.060,0.059,0.033,0.054,0.039,0.018,0.033,0.051,0.000,0.000,0.013,0.049,0.031,0.031,0.036,0.052,0.029,0.018,0.029,0.050,0.000,0.014,0.028,0.014,0.017,0.016,0.030,0.000,0.048,0.016,0.013,0.014,0.069,0.066,0.053,0.000,0.000,0.000,0.073,0.086,0.078,0.000,0.000,0.000,0.090,0.095,0.091,0.000,0.000,0.000,0.151,0.120,0.136,0.052,0.033,0.032,0.084,0.125,0.097,0.000,0.000,0.000,0.045,0.060,0.050,0.014,0.013,0.000,0.055,0.015,0.050,0.000,0.000,0.000,0.000,0.000,0.029,0.000,0.000,0.000,0.000,0.000,0.000,0.000,0.000,0.000,0.000,0.000,0.000,0.000,0.000,0.000,0.000,0.000,0.000,0.000,0.000,0.000,0.000,0.000,0.000,0.000,0.000,0.000,0.000,0.000,0.000,0.000,0.000,0.000,0.000,0.000,0.000,0.000,0.000,0.000,0.000,0.000,0.000
2025-07-06 22:55:23,237.131,237.087,237.076,0.000,0.000,0.000,2.029,2.029,2.021,0.443,0.425,0.428,0.247,0.242,0.247,0.847,0.844,0.846,0.120,0.119,0.126,1.173,1.178,1.169,0.102,0.101,0.102,1.270,1.269,1.260,0.114,0.111,0.120,0.196,0.200,0.199,0.083,0.084,0.076,0.238,0.229,0.240,0.055,0.054,0.033,0.150,0.155,0.155,0.018,0.015,0.018,0.066,0.068,0.064,0.051,0.057,0.049,0.205,0.218,0.216,0.034,0.033,0.047,0.114,0.119,0.123,0.058,0.046,0.059,0.051,0.054,0.052,0.076,0.060,0.063,0.098,0.094,0.099,0.087,0.086,0.075,0.057,0.067,0.061,0.087,0.092,0.090,0.060,0.057,0.063,0.161,0.130,0.148,0.070,0.077,0.078,0.090,0.119,0.091,0.054,0.051,0.062,0.057,0.067,0.055,0.068,0.070,0.066,0.065,0.046,0.060,0.061,0.062,0.061,0.000,0.010,0.018,0.100,0.097,0.098,0.000,0.000,0.000,0.044,0.042,0.045,0.000,0.005,0.000,0.048,0.050,0.051,0.000,0.000,0.000,0.000,0.000,0.000,0.000,0.000,0.000,0.000,0.000,0.000,0.000,0.000,0.000,0.000,0.000,0.000,0.000,0.000,0.000,0.000,0.000,0.000,0.000,0.000,0.000,0.000,0.000,0.000,0.000,0.000,0.000,0.226,0.224,0.226,0.117,0.111,0.118,0.113,0.112,0.120,0.062,0.059,0.060,0.098,0.096,0.101,0.045,0.048,0.016,0.092,0.082,0.091,0.075,0.086,0.088,0.084,0.077,0.065,0.054,0.049,0.061,0.064,0.047,0.018,0.032,0.014,0.018,0.013,0.000,0.000,0.049,0.036,0.042,0.053,0.058,0.033,0.013,0.045,0.044,0.000,0.000,0.013,0.043,0.031,0.028,0.043,0.027,0.051,0.045,0.014,0.044,0.072,0.058,0.063,0.000,0.000,0.000,0.087,0.082,0.071,0.000,0.000,0.000,0.082,0.091,0.086,0.000,0.000,0.000,0.152,0.120,0.142,0.047,0.051,0.047,0.088,0.118,0.085,0.000,0.000,0.000,0.047,0.058,0.017,0.027,0.013,0.000,0.061,0.014,0.056,0.000,0.000,0.000,0.000,0.000,0.014,0.000,0.000,0.000,0.000,0.000,0.000,0.000,0.000,0.000,0.000,0.000,0.000,0.000,0.000,0.000,0.000,0.000,0.000,0.000,0.000,0.000,0.000,0.000,0.000,0.000,0.000,0.000,0.000,0.000,0.000,0.000,0.000,0.000,0.000,0.000,0.000,0.000,0.000,0.000,0.000,0.000,0.000
2025-07-06 22:55:26,237.054,237.009,236.999,0.000,0.000,0.000,2.018,2.026,2.017,0.436,0.437,0.427,0.243,0.253,0.247,0.840,0.833,0.823,0.116,0.127,0.114,1.166,1.178,1.172,0.106,0.105,0.094,1.261,1.265,1.267,0.124,0.113,0.111,0.197,0.201,0.198,0.078,0.086,0.085,0.246,0.238,0.242,0.016,0.060,0.063,0.157,0.158,0.152,0.000,0.009,0.000,0.065,0.065,0.067,0.024,0.057,0.055,0.218,0.210,0.211,0.017,0.030,0.044,0.115,0.122,0.121,0.049,0.036,0.056,0.052,0.056,0.057,0.080,0.055,0.065,0.107,0.105,0.101,0.087,0.086,0.080,0.062,0.063,0.070,0.088,0.093,0.088,0.056,0.058,0.058,0.153,0.129,0.151,0.079,0.074,0.080,0.095,0.124,0.089,0.054,0.050,0.054,0.057,0.072,0.052,0.061,0.063,0.064,0.063,0.042,0.063,0.063,0.062,0.066,0.000,0.024,0.020,0.099,0.095,0.100,0.000,0.000,0.000,0.046,0.043,0.045,0.009,0.000,0.000,0.054,0.053,0.049,0.000,0.000,0.000,0.000,0.000,0.000,0.000,0.008,0.000,0.000,0.000,0.000,0.000,0.000,0.000,0.000,0.000,0.000,0.000,0.000,0.000,0.000,0.000,0.000,0.000,0.013,0.000,0.000,0.000,0.008,0.000,0.000,0.000,0.228,0.229,0.225,0.109,0.116,0.111,0.110,0.120,0.106,0.060,0.060,0.061,0.101,0.100,0.091,0.031,0.017,0.030,0.100,0.094,0.086,0.082,0.074,0.077,0.075,0.087,0.082,0.064,0.057,0.059,0.035,0.060,0.064,0.035,0.038,0.030,0.000,0.013,0.014,0.050,0.046,0.029,0.018,0.055,0.058,0.051,0.034,0.034,0.000,0.015,0.000,0.000,0.000,0.029,0.015,0.014,0.047,0.027,0.013,0.027,0.074,0.054,0.060,0.014,0.000,0.000,0.085,0.084,0.077,0.000,0.000,0.000,0.086,0.091,0.088,0.000,0.000,0.000,0.150,0.119,0.143,0.034,0.046,0.047,0.091,0.123,0.088,0.000,0.000,0.000,0.048,0.063,0.045,0.013,0.000,0.000,0.057,0.027,0.053,0.000,0.000,0.000,0.000,0.000,0.000,0.000,0.000,0.000,0.000,0.000,0.000,0.000,0.000,0.000,0.000,0.000,0.000,0.000,0.000,0.000,0.000,0.000,0.000,0.000,0.000,0.000,0.000,0.000,0.000,0.000,0.000,0.000,0.000,0.000,0.000,0.000,0.000,0.000,0.000,0.000,0.000,0.000,0.000,0.000,0.000,0.000,0.000
2025-07-06 22:55:29,237.097,237.053,237.042,0.000,0.000,0.000,2.002,2.004,1.988,0.427,0.434,0.429,0.246,0.247,0.249,0.817,0.820,0.809,0.116,0.117,0.128,1.160,1.159,1.154,0.099,0.103,0.101,1.255,1.255,1.244,0.116,0.116,0.113,0.200,0.197,0.201,0.082,0.084,0.085,0.238,0.243,0.245,0.042,0.041,0.055,0.159,0.163,0.157,0.027,0.035,0.002,0.071,0.065,0.072,0.031,0.048,0.051,0.211,0.220,0.210,0.030,0.043,0.046,0.122,0.119,0.125,0.055,0.031,0.050,0.057,0.055,0.058,0.074,0.066,0.052,0.100,0.104,0.104,0.083,0.091,0.078,0.066,0.067,0.071,0.090,0.090,0.089,0.058,0.057,0.061,0.160,0.134,0.138,0.076,0.086,0.075,0.091,0.118,0.102,0.060,0.051,0.052,0.057,0.067,0.065,0.070,0.065,0.066,0.064,0.051,0.051,0.060,0.063,0.064,0.000,0.013,0.031,0.098,0.096,0.097,0.000,0.000,0.000,0.030,0.027,0.032,0.039,0.000,0.000,0.051,0.055,0.053,0.000,0.000,0.000,0.000,0.000,0.000,0.000,0.014,0.000,0.000,0.000,0.002,0.000,0.000,0.000,0.000,0.000,0.000,0.000,0.000,0.000,0.000,0.000,0.000,0.000,0.000,0.000,0.000,0.000,0.013,0.000,0.000,0.000,0.214,0.226,0.227,0.122,0.110,0.114,0.108,0.111,0.123,0.055,0.058,0.059,0.089,0.101,0.103,0.048,0.046,0.000,0.078,0.089,0.092,0.095,0.092,0.077,0.070,0.075,0.081,0.065,0.060,0.057,0.056,0.053,0.036,0.033,0.013,0.035,0.015,0.000,0.000,0.045,0.051,0.047,0.053,0.040,0.034,0.030,0.028,0.049,0.000,0.000,0.014,0.031,0.046,0.013,0.047,0.000,0.048,0.016,0.013,0.013,0.063,0.065,0.046,0.000,0.000,0.000,0.076,0.086,0.079,0.000,0.013,0.000,0.090,0.086,0.088,0.000,0.013,0.000,0.148,0.132,0.131,0.047,0.048,0.028,0.091,0.113,0.100,0.000,0.000,0.000,0.048,0.056,0.053,0.000,0.013,0.013,0.055,0.046,0.029,0.000,0.000,0.000,0.000,0.000,0.042,0.000,0.000,0.000,0.000,0.000,0.000,0.000,0.000,0.000,0.000,0.000,0.000,0.000,0.000,0.000,0.000,0.000,0.000,0.000,0.000,0.000,0.000,0.000,0.000,0.000,0.000,0.000,0.000,0.000,0.000,0.000,0.000,0.000,0.000,0.000,0.000,0.000,0.000,0.000,0.000,0.000,0.000
2025-07-06 22:55:32,237.120,237.076,237.065,0.000,0.000,0.000,2.022,2.022,2.006,0.427,0.435,0.424,0.254,0.250,0.242,0.848,0.843,0.830,0.120,0.122,0.113,1.169,1.169,1.155,0.103,0.097,0.098,1.258,1.263,1.260,0.116,0.107,0.104,0.205,0.202,0.201,0.077,0.085,0.083,0.239,0.232,0.237,0.030,0.058,0.062,0.153,0.159,0.157,0.016,0.012,0.017,0.062,0.062,0.068,0.046,0.030,0.059,0.222,0.220,0.216,0.046,0.002,0.046,0.125,0.123,0.125,0.045,0.049,0.047,0.051,0.052,0.050,0.051,0.078,0.054,0.107,0.103,0.110,0.079,0.085,0.084,0.070,0.056,0.060,0.088,0.091,0.092,0.052,0.053,0.052,0.132,0.157,0.128,0.079,0.067,0.071,0.103,0.092,0.123,0.060,0.062,0.053,0.063,0.059,0.066,0.060,0.066,0.066,0.039,0.061,0.051,0.053,0.055,0.060,0.032,0.011,0.016,0.099,0.099,0.100,0.013,0.000,0.000,0.046,0.050,0.028,0.002,0.000,0.000,0.057,0.055,0.056,0.011,0.000,0.000,0.000,0.000,0.000,0.000,0.000,0.000,0.000,0.000,0.000,0.000,0.000,0.000,0.000,0.000,0.000,0.000,0.000,0.000,0.000,0.000,0.010,0.000,0.000,0.000,0.013,0.000,0.000,0.000,0.000,0.000,0.235,0.226,0.221,0.115,0.118,0.111,0.113,0.115,0.105,0.062,0.062,0.063,0.099,0.094,0.093,0.028,0.014,0.049,0.095,0.092,0.080,0.075,0.068,0.079,0.077,0.087,0.083,0.054,0.059,0.039,0.033,0.059,0.062,0.035,0.054,0.030,0.000,0.000,0.016,0.046,0.045,0.015,0.043,0.017,0.064,0.031,0.044,0.033,0.016,0.014,0.000,0.000,0.000,0.018,0.036,0.045,0.000,0.013,0.042,0.013,0.048,0.075,0.054,0.000,0.000,0.000,0.079,0.081,0.081,0.000,0.000,0.000,0.087,0.088,0.092,0.000,0.000,0.000,0.125,0.147,0.123,0.029,0.034,0.044,0.102,0.089,0.122,0.000,0.000,0.013,0.056,0.049,0.062,0.000,0.000,0.000,0.016,0.056,0.015,0.000,0.000,0.000,0.029,0.000,0.000,0.000,0.000,0.000,0.000,0.000,0.000,0.000,0.000,0.000,0.000,0.000,0.000,0.000,0.000,0.000,0.000,0.000,0.000,0.000,0.000,0.000,0.000,0.000,0.000,0.000,0.000,0.000,0.000,0.000,0.000,0.000,0.000,0.000,0.000,0.000,0.000,0.000,0.000,0.000,0.000,0.000,0.000
2025-07-06 22:55:35,238.012,237.968,237.958,0.000,0.000,0.000,2.024,2.027,2.021,0.318,0.257,0.246,0.142,0.069,0.056,0.920,0.962,0.964,0.048,0.024,0.008,1.159,1.160,1.153,0.038,0.022,0.006,1.232,1.215,1.212,0.041,0.021,0.007,0.240,0.264,0.266,0.033,0.021,0.005,0.211,0.197,0.198,0.029,0.004,0.003,0.190,0.207,0.207,0.017,0.003,0.000,0.060,0.060,0.059,0.022,0.003,0.003,0.227,0.237,0.235,0.017,0.000,0.003,0.126,0.127,0.125,0.013,0.018,0.003,0.021,0.003,0.003,0.060,0.064,0.068,0.112,0.109,0.111,0.090,0.091,0.088,0.064,0.065,0.066,0.093,0.094,0.098,0.065,0.064,0.067,0.140,0.147,0.146,0.080,0.087,0.088,0.113,0.105,0.108,0.054,0.054,0.050,0.065,0.056,0.060,0.066,0.072,0.065,0.045,0.051,0.048,0.058,0.059,0.060,0.000,0.002,0.000,0.101,0.099,0.093,0.000,0.000,0.000,0.045,0.030,0.014,0.000,0.000,0.000,0.064,0.070,0.066,0.002,0.000,0.000,0.000,0.000,0.000,0.000,0.000,0.000,0.000,0.000,0.000,0.000,0.000,0.000,0.000,0.000,0.000,0.000,0.000,0.000,0.012,0.013,0.002,0.000,0.000,0.000,0.000,0.000,0.000,0.000,0.014,0.000,0.144,0.055,0.057,0.041,0.021,0.000,0.038,0.014,0.000,0.021,0.016,0.000,0.029,0.000,0.000,0.015,0.000,0.000,0.027,0.000,0.000,0.022,0.000,0.000,0.029,0.000,0.000,0.013,0.000,0.000,0.024,0.000,0.000,0.017,0.000,0.000,0.015,0.000,0.000,0.014,0.000,0.000,0.016,0.000,0.000,0.000,0.000,0.000,0.000,0.000,0.000,0.000,0.000,0.000,0.000,0.013,0.000,0.014,0.000,0.000,0.058,0.061,0.063,0.000,0.000,0.000,0.087,0.087,0.085,0.000,0.000,0.000,0.091,0.095,0.095,0.000,0.000,0.000,0.131,0.143,0.139,0.015,0.027,0.015,0.114,0.105,0.108,0.013,0.000,0.000,0.055,0.053,0.053,0.000,0.000,0.000,0.032,0.045,0.047,0.000,0.000,0.000,0.000,0.000,0.000,0.000,0.000,0.000,0.000,0.000,0.000,0.000,0.000,0.000,0.000,0.000,0.000,0.000,0.000,0.000,0.000,0.000,0.000,0.000,0.000,0.000,0.000,0.000,0.000,0.000,0.000,0.000,0.000,0.000,0.000,0.000,0.000,0.000,0.000,0.000,0.000,0.000,0.000,0.000,0.000,0.000,0.000
2025-07-06 22:55:38,237.972,237.927,237.917,0.000,0.000,0.000,2.035,2.028,2.035,0.242,0.242,0.245,0.043,0.056,0.050,0.972,0.971,0.979,0.015,0.010,0.014,1.169,1.162,1.168,0.012,0.000,0.000,1.217,1.212,1.214,0.000,0.012,0.000,0.275,0.271,0.269,0.000,0.000,0.000,0.189,0.187,0.185,0.000,0.000,0.000,0.208,0.214,0.211,0.000,0.000,0.000,0.061,0.061,0.067,0.000,0.000,0.000,0.232,0.238,0.228,0.000,0.000,0.000,0.118,0.111,0.113,0.011,0.010,0.025,0.041,0.012,0.027,0.061,0.068,0.063,0.100,0.098,0.096,0.088,0.091,0.087,0.067,0.067,0.067,0.094,0.099,0.097,0.066,0.070,0.068,0.150,0.146,0.145,0.094,0.090,0.093,0.106,0.108,0.109,0.052,0.054,0.055,0.060,0.058,0.060,0.063,0.069,0.068,0.054,0.045,0.054,0.055,0.062,0.058,0.000,0.000,0.000,0.093,0.094,0.093,0.000,0.000,0.000,0.030,0.030,0.027,0.000,0.000,0.013,0.069,0.066,0.068,0.000,0.000,0.000,0.000,0.000,0.000,0.000,0.000,0.000,0.000,0.000,0.000,0.000,0.000,0.000,0.000,0.000,0.000,0.000,0.000,0.000,0.003,0.000,0.013,0.000,0.000,0.000,0.000,0.000,0.000,0.000,0.000,0.000,0.017,0.014,0.028,0.013,0.000,0.000,0.000,0.000,0.000,0.000,0.000,0.000,0.000,0.000,0.000,0.000,0.000,0.000,0.000,0.000,0.000,0.000,0.000,0.000,0.000,0.000,0.000,0.000,0.000,0.000,0.000,0.000,0.000,0.000,0.000,0.000,0.000,0.000,0.000,0.000,0.000,0.000,0.000,0.000,0.000,0.000,0.000,0.000,0.000,0.000,0.000,0.000,0.000,0.000,0.000,0.013,0.000,0.000,0.000,0.000,0.060,0.064,0.062,0.000,0.000,0.000,0.084,0.087,0.083,0.000,0.000,0.000,0.093,0.096,0.097,0.000,0.000,0.000,0.145,0.137,0.140,0.013,0.030,0.026,0.103,0.108,0.109,0.000,0.000,0.000,0.056,0.053,0.055,0.000,0.000,0.000,0.047,0.043,0.052,0.000,0.000,0.000,0.000,0.000,0.000,0.000,0.000,0.000,0.000,0.000,0.000,0.000,0.000,0.000,0.000,0.000,0.000,0.000,0.000,0.000,0.000,0.000,0.000,0.000,0.000,0.000,0.000,0.000,0.000,0.000,0.000,0.000,0.000,0.000,0.000,0.000,0.000,0.000,0.000,0.000,0.000,0.000,0.000,0.000,0.000,0.000,0.000
2025-07-06 22:55:41,238.019,237.976,237.965,0.000,0.000,0.000,2.057,2.053,2.061,0.246,0.244,0.242,0.061,0.065,0.044,0.987,0.988,0.994,0.000,0.002,0.012,1.186,1.182,1.193,0.016,0.000,0.000,1.228,1.225,1.224,0.000,0.018,0.000,0.270,0.270,0.263,0.000,0.000,0.000,0.189,0.184,0.190,0.000,0.000,0.000,0.207,0.211,0.209,0.000,0.000,0.000,0.060,0.066,0.060,0.000,0.000,0.000,0.225,0.228,0.221,0.000,0.000,0.000,0.117,0.116,0.119,0.002,0.013,0.017,0.045,0.035,0.047,0.069,0.060,0.065,0.092,0.095,0.096,0.093,0.088,0.091,0.068,0.069,0.068,0.097,0.097,0.095,0.072,0.069,0.070,0.152,0.144,0.146,0.096,0.100,0.095,0.102,0.112,0.108,0.052,0.054,0.051,0.059,0.059,0.062,0.070,0.066,0.067,0.049,0.051,0.051,0.062,0.059,0.065,0.000,0.000,0.000,0.092,0.092,0.088,0.000,0.000,0.000,0.029,0.018,0.029,0.000,0.000,0.000,0.068,0.065,0.064,0.000,0.000,0.000,0.000,0.000,0.000,0.000,0.000,0.000,0.000,0.000,0.000,0.000,0.000,0.000,0.000,0.000,0.010,0.000,0.000,0.000,0.000,0.000,0.000,0.000,0.000,0.000,0.000,0.000,0.000,0.000,0.000,0.000,0.047,0.031,0.016,0.000,0.000,0.000,0.000,0.000,0.000,0.000,0.000,0.000,0.000,0.000,0.000,0.000,0.000,0.000,0.000,0.000,0.000,0.000,0.000,0.000,0.000,0.000,0.000,0.000,0.000,0.000,0.000,0.000,0.000,0.000,0.000,0.000,0.000,0.000,0.000,0.000,0.000,0.000,0.000,0.000,0.000,0.000,0.000,0.000,0.000,0.000,0.000,0.000,0.000,0.000,0.000,0.000,0.015,0.000,0.000,0.000,0.068,0.059,0.062,0.000,0.000,0.000,0.089,0.086,0.087,0.000,0.000,0.000,0.097,0.096,0.095,0.000,0.000,0.000,0.141,0.139,0.137,0.030,0.030,0.030,0.102,0.109,0.107,0.000,0.000,0.000,0.052,0.055,0.053,0.000,0.000,0.000,0.048,0.047,0.049,0.000,0.000,0.000,0.000,0.000,0.000,0.000,0.000,0.000,0.000,0.000,0.000,0.000,0.000,0.000,0.000,0.000,0.000,0.000,0.000,0.000,0.000,0.000,0.000,0.000,0.000,0.000,0.000,0.000,0.000,0.000,0.000,0.000,0.000,0.000,0.000,0.000,0.000,0.000,0.000,0.000,0.000,0.000,0.000,0.000,0.000,0.000,0.000
2025-07-06 22:55:44,238.116,238.071,238.061,0.000,0.000,0.000,2.080,2.074,2.083,0.242,0.238,0.238,0.052,0.021,0.014,1.004,0.995,1.007,0.028,0.016,0.028,1.209,1.210,1.213,0.028,0.013,0.000,1.229,1.230,1.230,0.013,0.000,0.000,0.268,0.269,0.267,0.000,0.000,0.000,0.182,0.182,0.185,0.000,0.000,0.000,0.216,0.212,0.213,0.000,0.000,0.000,0.065,0.060,0.065,0.000,0.000,0.000,0.231,0.229,0.231,0.000,0.000,0.000,0.114,0.110,0.114,0.000,0.002,0.000,0.035,0.043,0.042,0.063,0.066,0.064,0.102,0.091,0.091,0.090,0.089,0.092,0.066,0.065,0.071,0.096,0.097,0.094,0.065,0.068,0.067,0.144,0.147,0.142,0.094,0.087,0.094,0.106,0.106,0.107,0.054,0.054,0.057,0.059,0.059,0.057,0.062,0.068,0.068,0.050,0.050,0.048,0.065,0.060,0.060,0.000,0.000,0.013,0.088,0.089,0.089,0.000,0.000,0.000,0.043,0.038,0.040,0.000,0.000,0.000,0.069,0.065,0.070,0.000,0.000,0.000,0.000,0.000,0.000,0.000,0.000,0.000,0.000,0.000,0.000,0.000,0.000,0.000,0.000,0.000,0.002,0.000,0.000,0.000,0.013,0.000,0.011,0.000,0.000,0.000,0.000,0.000,0.000,0.000,0.000,0.000,0.048,0.016,0.000,0.000,0.000,0.000,0.000,0.000,0.000,0.000,0.000,0.000,0.000,0.000,0.000,0.000,0.000,0.000,0.000,0.000,0.000,0.000,0.000,0.000,0.000,0.000,0.000,0.000,0.000,0.000,0.000,0.000,0.000,0.000,0.000,0.000,0.000,0.000,0.000,0.000,0.000,0.000,0.000,0.000,0.000,0.000,0.000,0.000,0.000,0.000,0.000,0.000,0.000,0.000,0.000,0.000,0.013,0.000,0.000,0.000,0.060,0.062,0.062,0.000,0.000,0.000,0.088,0.082,0.089,0.000,0.000,0.000,0.094,0.095,0.093,0.000,0.000,0.000,0.139,0.138,0.137,0.013,0.029,0.028,0.105,0.106,0.105,0.000,0.000,0.000,0.053,0.051,0.052,0.000,0.000,0.000,0.047,0.046,0.044,0.000,0.000,0.000,0.000,0.000,0.000,0.000,0.000,0.000,0.000,0.000,0.000,0.000,0.000,0.000,0.000,0.000,0.000,0.000,0.000,0.000,0.000,0.000,0.000,0.000,0.000,0.000,0.000,0.000,0.000,0.000,0.000,0.000,0.000,0.000,0.000,0.000,0.000,0.000,0.000,0.000,0.000,0.000,0.000,0.000,0.000,0.000,0.000
2025-07-06 22:55:47,238.143,238.098,238.088,0.000,0.000,0.000,2.040,2.042,2.032,0.241,0.236,0.239,0.028,0.047,0.053,0.977,0.993,0.982,0.013,0.026,0.002,1.182,1.178,1.169,0.003,0.000,0.015,1.212,1.205,1.204,0.000,0.000,0.000,0.268,0.270,0.271,0.000,0.000,0.000,0.188,0.195,0.191,0.000,0.000,0.000,0.213,0.209,0.214,0.000,0.000,0.000,0.064,0.062,0.063,0.000,0.000,0.000,0.235,0.229,0.234,0.000,0.000,0.000,0.114,0.113,0.115,0.000,0.000,0.013,0.042,0.033,0.051,0.069,0.069,0.060,0.097,0.099,0.095,0.090,0.089,0.085,0.072,0.074,0.073,0.097,0.096,0.098,0.067,0.064,0.071,0.148,0.144,0.144,0.098,0.099,0.095,0.101,0.105,0.108,0.053,0.052,0.054,0.053,0.061,0.059,0.070,0.068,0.071,0.049,0.050,0.053,0.057,0.060,0.062,0.000,0.000,0.000,0.092,0.092,0.093,0.000,0.000,0.000,0.018,0.016,0.017,0.000,0.000,0.000,0.065,0.063,0.064,0.000,0.000,0.000,0.000,0.000,0.000,0.000,0.000,0.000,0.000,0.000,0.000,0.000,0.000,0.000,0.000,0.000,0.000,0.000,0.000,0.000,0.000,0.000,0.002,0.000,0.000,0.000,0.000,0.000,0.000,0.000,0.000,0.000,0.014,0.000,0.041,0.000,0.000,0.000,0.000,0.000,0.000,0.000,0.000,0.000,0.000,0.000,0.000,0.000,0.000,0.000,0.000,0.000,0.000,0.000,0.000,0.000,0.000,0.000,0.000,0.000,0.000,0.000,0.000,0.000,0.000,0.000,0.000,0.000,0.000,0.000,0.000,0.000,0.000,0.000,0.000,0.000,0.000,0.000,0.000,0.000,0.000,0.000,0.000,0.000,0.000,0.000,0.000,0.000,0.000,0.000,0.000,0.000,0.067,0.064,0.058,0.000,0.000,0.000,0.085,0.085,0.080,0.000,0.000,0.000,0.098,0.096,0.097,0.000,0.000,0.000,0.140,0.138,0.136,0.041,0.028,0.028,0.101,0.103,0.107,0.000,0.000,0.000,0.050,0.053,0.053,0.000,0.000,0.000,0.045,0.044,0.047,0.000,0.000,0.000,0.000,0.000,0.000,0.000,0.000,0.000,0.000,0.000,0.000,0.000,0.000,0.000,0.000,0.000,0.000,0.000,0.000,0.000,0.000,0.000,0.000,0.000,0.000,0.000,0.000,0.000,0.000,0.000,0.000,0.000,0.000,0.000,0.000,0.000,0.000,0.000,0.000,0.000,0.000,0.000,0.000,0.000,0.000,0.000,0.000
2025-07-06 22:55:50,238.173,238.128,238.118,0.000,0.000,0.000,2.011,2.012,1.999,0.242,0.246,0.250,0.013,0.046,0.035,0.949,0.957,0.946,0.000,0.016,0.010,1.169,1.162,1.149,0.014,0.010,0.000,1.195,1.198,1.195,0.000,0.000,0.000,0.266,0.264,0.270,0.000,0.000,0.000,0.204,0.207,0.205,0.000,0.000,0.000,0.215,0.211,0.208,0.000,0.000,0.000,0.064,0.056,0.060,0.000,0.000,0.000,0.232,0.228,0.226,0.000,0.000,0.000,0.112,0.109,0.113,0.000,0.028,0.010,0.033,0.051,0.038,0.067,0.065,0.067,0.100,0.094,0.098,0.093,0.092,0.090,0.073,0.073,0.079,0.094,0.094,0.097,0.067,0.067,0.068,0.149,0.143,0.149,0.089,0.094,0.099,0.110,0.111,0.108,0.052,0.050,0.050,0.066,0.056,0.061,0.069,0.071,0.068,0.051,0.053,0.050,0.060,0.058,0.064,0.000,0.000,0.000,0.088,0.090,0.093,0.000,0.000,0.000,0.000,0.013,0.013,0.000,0.000,0.000,0.058,0.060,0.060,0.000,0.000,0.000,0.000,0.000,0.000,0.000,0.000,0.000,0.000,0.000,0.000,0.000,0.000,0.000,0.000,0.000,0.000,0.000,0.000,0.000,0.000,0.025,0.000,0.014,0.000,0.000,0.000,0.000,0.000,0.000,0.000,0.000,0.000,0.039,0.039,0.000,0.000,0.000,0.000,0.000,0.000,0.000,0.000,0.000,0.000,0.000,0.000,0.000,0.000,0.000,0.000,0.000,0.000,0.000,0.000,0.000,0.000,0.000,0.000,0.000,0.000,0.000,0.000,0.000,0.000,0.000,0.000,0.000,0.000,0.000,0.000,0.000,0.000,0.000,0.000,0.000,0.000,0.000,0.000,0.000,0.000,0.000,0.000,0.000,0.000,0.000,0.000,0.000,0.013,0.000,0.000,0.000,0.061,0.063,0.062,0.000,0.000,0.000,0.089,0.087,0.091,0.000,0.000,0.000,0.094,0.094,0.094,0.000,0.000,0.000,0.140,0.136,0.142,0.015,0.030,0.044,0.110,0.111,0.106,0.000,0.000,0.000,0.056,0.055,0.055,0.000,0.000,0.000,0.049,0.048,0.046,0.000,0.000,0.000,0.000,0.000,0.000,0.000,0.000,0.000,0.000,0.000,0.000,0.000,0.000,0.000,0.000,0.000,0.000,0.000,0.000,0.000,0.000,0.000,0.000,0.000,0.000,0.000,0.000,0.000,0.000,0.000,0.000,0.000,0.000,0.000,0.000,0.000,0.000,0.000,0.000,0.000,0.000,0.000,0.000,0.000,0.000,0.000,0.000
2025-07-06 22:55:53,238.278,238.234,238.223,0.000,0.000,0.000,2.017,2.023,2.016,0.239,0.246,0.246,0.056,0.058,0.070,0.957,0.960,0.954,0.000,0.016,0.002,1.153,1.155,1.150,0.011,0.002,0.013,1.219,1.221,1.221,0.000,0.013,0.000,0.276,0.273,0.268,0.000,0.000,0.000,0.183,0.184,0.192,0.000,0.000,0.000,0.206,0.204,0.202,0.000,0.000,0.000,0.069,0.068,0.063,0.000,0.000,0.000,0.216,0.225,0.219,0.000,0.000,0.000,0.113,0.114,0.113,0.000,0.000,0.002,0.053,0.052,0.052,0.061,0.067,0.063,0.094,0.093,0.086,0.087,0.091,0.090,0.079,0.085,0.079,0.095,0.096,0.095,0.066,0.064,0.072,0.148,0.141,0.154,0.080,0.095,0.079,0.105,0.113,0.105,0.050,0.049,0.051,0.057,0.057,0.062,0.087,0.077,0.086,0.053,0.052,0.052,0.062,0.059,0.061,0.000,0.000,0.000,0.101,0.100,0.100,0.000,0.000,0.000,0.000,0.000,0.000,0.000,0.000,0.000,0.061,0.059,0.061,0.000,0.000,0.000,0.000,0.000,0.000,0.000,0.000,0.000,0.000,0.000,0.000,0.000,0.000,0.000,0.000,0.000,0.000,0.000,0.000,0.000,0.000,0.002,0.000,0.000,0.000,0.000,0.000,0.000,0.000,0.000,0.000,0.000,0.000,0.033,0.033,0.000,0.000,0.000,0.000,0.000,0.000,0.000,0.000,0.000,0.000,0.000,0.000,0.000,0.000,0.000,0.000,0.000,0.000,0.000,0.000,0.000,0.000,0.000,0.000,0.000,0.000,0.000,0.000,0.000,0.000,0.000,0.000,0.000,0.000,0.000,0.000,0.000,0.000,0.000,0.000,0.000,0.000,0.000,0.000,0.000,0.000,0.000,0.000,0.000,0.000,0.000,0.000,0.000,0.014,0.000,0.000,0.000,0.060,0.063,0.061,0.000,0.000,0.000,0.084,0.092,0.083,0.000,0.000,0.000,0.096,0.095,0.096,0.000,0.000,0.000,0.139,0.139,0.141,0.029,0.030,0.044,0.106,0.109,0.107,0.000,0.000,0.000,0.051,0.052,0.055,0.000,0.000,0.000,0.050,0.047,0.048,0.000,0.000,0.000,0.000,0.000,0.000,0.000,0.000,0.000,0.000,0.000,0.000,0.000,0.000,0.000,0.000,0.000,0.000,0.000,0.000,0.000,0.000,0.000,0.000,0.000,0.000,0.000,0.000,0.000,0.000,0.000,0.000,0.000,0.000,0.000,0.000,0.000,0.000,0.000,0.000,0.000,0.000,0.000,0.000,0.000,0.000,0.000,0.000
2025-07-06 22:55:56,238.276,238.231,238.221,0.000,0.000,0.000,2.037,2.032,2.032,0.239,0.239,0.241,0.053,0.046,0.049,0.975,0.969,0.970,0.000,0.013,0.000,1.166,1.169,1.166,0.016,0.024,0.000,1.228,1.223,1.225,0.000,0.000,0.000,0.272,0.272,0.276,0.000,0.000,0.000,0.170,0.180,0.177,0.000,0.000,0.000,0.211,0.200,0.205,0.000,0.000,0.000,0.063,0.063,0.061,0.000,0.000,0.000,0.219,0.214,0.210,0.000,0.000,0.000,0.112,0.115,0.117,0.024,0.000,0.011,0.033,0.029,0.034,0.061,0.066,0.062,0.076,0.073,0.081,0.088,0.091,0.093,0.082,0.079,0.078,0.098,0.097,0.093,0.067,0.073,0.071,0.141,0.149,0.144,0.095,0.090,0.085,0.107,0.105,0.109,0.055,0.057,0.054,0.051,0.062,0.054,0.078,0.077,0.081,0.051,0.050,0.054,0.060,0.059,0.057,0.000,0.000,0.000,0.098,0.097,0.097,0.000,0.000,0.000,0.000,0.000,0.010,0.000,0.000,0.000,0.061,0.058,0.061,0.000,0.000,0.000,0.000,0.000,0.000,0.000,0.000,0.000,0.000,0.000,0.000,0.000,0.000,0.000,0.000,0.000,0.000,0.000,0.000,0.000,0.000,0.000,0.000,0.000,0.000,0.000,0.000,0.000,0.000,0.000,0.000,0.000,0.015,0.014,0.013,0.000,0.000,0.000,0.000,0.000,0.000,0.000,0.000,0.000,0.000,0.000,0.000,0.000,0.000,0.000,0.000,0.000,0.000,0.000,0.000,0.000,0.000,0.000,0.000,0.000,0.000,0.000,0.000,0.000,0.000,0.000,0.000,0.000,0.000,0.000,0.000,0.000,0.000,0.000,0.000,0.000,0.000,0.000,0.000,0.000,0.000,0.000,0.000,0.000,0.000,0.000,0.013,0.000,0.013,0.000,0.000,0.000,0.061,0.062,0.060,0.000,0.000,0.000,0.085,0.088,0.089,0.000,0.000,0.000,0.099,0.094,0.094,0.000,0.000,0.000,0.138,0.138,0.136,0.000,0.029,0.027,0.107,0.104,0.110,0.000,0.000,0.000,0.049,0.050,0.051,0.000,0.000,0.000,0.047,0.048,0.048,0.000,0.000,0.000,0.000,0.000,0.000,0.000,0.000,0.000,0.000,0.000,0.000,0.000,0.000,0.000,0.000,0.000,0.000,0.000,0.000,0.000,0.000,0.000,0.000,0.000,0.000,0.000,0.000,0.000,0.000,0.000,0.000,0.000,0.000,0.000,0.000,0.000,0.000,0.000,0.000,0.000,0.000,0.000,0.000,0.000,0.000,0.000,0.000
2025-07-06 22:55:59,238.313,238.268,238.258,0.000,0.000,0.000,2.034,2.035,2.033,0.238,0.241,0.235,0.035,0.033,0.020,0.974,0.979,0.975,0.013,0.015,0.000,1.165,1.157,1.163,0.000,0.016,0.000,1.224,1.229,1.226,0.000,0.000,0.000,0.269,0.267,0.270,0.000,0.000,0.000,0.178,0.178,0.181,0.000,0.000,0.000,0.216,0.213,0.212,0.000,0.000,0.000,0.065,0.062,0.062,0.000,0.000,0.000,0.215,0.217,0.212,0.000,0.000,0.000,0.112,0.113,0.116,0.002,0.000,0.016,0.048,0.043,0.049,0.067,0.064,0.063,0.087,0.080,0.090,0.083,0.090,0.088,0.090,0.079,0.088,0.100,0.097,0.094,0.065,0.070,0.065,0.139,0.148,0.138,0.091,0.076,0.092,0.111,0.111,0.112,0.048,0.054,0.049,0.059,0.059,0.055,0.076,0.080,0.072,0.049,0.051,0.053,0.062,0.060,0.059,0.000,0.000,0.000,0.101,0.100,0.099,0.000,0.000,0.000,0.000,0.000,0.016,0.000,0.000,0.000,0.062,0.064,0.063,0.000,0.000,0.000,0.000,0.000,0.000,0.000,0.000,0.000,0.000,0.000,0.000,0.000,0.000,0.000,0.000,0.000,0.000,0.000,0.000,0.000,0.000,0.010,0.000,0.000,0.000,0.000,0.000,0.000,0.000,0.000,0.000,0.000,0.013,0.000,0.000,0.000,0.000,0.000,0.000,0.000,0.000,0.000,0.000,0.000,0.000,0.000,0.000,0.000,0.000,0.000,0.000,0.000,0.000,0.000,0.000,0.000,0.000,0.000,0.000,0.000,0.000,0.000,0.000,0.000,0.000,0.000,0.000,0.000,0.000,0.000,0.000,0.000,0.000,0.000,0.000,0.000,0.000,0.000,0.000,0.000,0.000,0.000,0.000,0.000,0.000,0.000,0.000,0.000,0.000,0.000,0.000,0.000,0.063,0.059,0.063,0.000,0.000,0.000,0.083,0.084,0.085,0.000,0.000,0.000,0.098,0.096,0.093,0.000,0.000,0.000,0.136,0.137,0.134,0.031,0.041,0.030,0.105,0.112,0.108,0.000,0.000,0.000,0.050,0.052,0.052,0.000,0.000,0.000,0.046,0.049,0.031,0.000,0.000,0.000,0.000,0.000,0.000,0.000,0.000,0.000,0.000,0.000,0.000,0.000,0.000,0.000,0.000,0.000,0.000,0.000,0.000,0.000,0.000,0.000,0.000,0.000,0.000,0.000,0.000,0.000,0.000,0.000,0.000,0.000,0.000,0.000,0.000,0.000,0.000,0.000,0.000,0.000,0.000,0.000,0.000,0.000,0.000,0.000,0.000
2025-07-06 22:56:02,238.343,238.299,238.288,0.000,0.000,0.000,2.040,2.039,2.036,0.242,0.245,0.246,0.058,0.057,0.050,0.981,0.976,0.980,0.016,0.030,0.000,1.163,1.166,1.162,0.024,0.000,0.000,1.226,1.229,1.225,0.000,0.000,0.000,0.275,0.268,0.270,0.000,0.000,0.000,0.184,0.183,0.182,0.000,0.000,0.000,0.207,0.209,0.207,0.000,0.000,0.000,0.061,0.057,0.058,0.000,0.000,0.000,0.215,0.216,0.221,0.000,0.000,0.000,0.113,0.109,0.108,0.000,0.013,0.000,0.031,0.048,0.031,0.067,0.063,0.064,0.076,0.079,0.079,0.088,0.092,0.088,0.088,0.083,0.092,0.097,0.094,0.098,0.065,0.066,0.064,0.147,0.146,0.144,0.089,0.083,0.091,0.109,0.111,0.111,0.051,0.047,0.050,0.066,0.056,0.060,0.081,0.086,0.081,0.051,0.057,0.049,0.061,0.057,0.062,0.000,0.000,0.000,0.097,0.097,0.100,0.000,0.000,0.000,0.010,0.000,0.000,0.014,0.000,0.000,0.060,0.060,0.056,0.000,0.000,0.000,0.000,0.000,0.000,0.000,0.000,0.000,0.000,0.000,0.000,0.000,0.000,0.000,0.000,0.000,0.000,0.000,0.000,0.000,0.000,0.002,0.015,0.000,0.000,0.000,0.000,0.000,0.000,0.000,0.000,0.000,0.017,0.014,0.033,0.000,0.000,0.000,0.000,0.000,0.000,0.000,0.000,0.000,0.000,0.000,0.000,0.000,0.000,0.000,0.000,0.000,0.000,0.000,0.000,0.000,0.000,0.000,0.000,0.000,0.000,0.000,0.000,0.000,0.000,0.000,0.000,0.000,0.000,0.000,0.000,0.000,0.000,0.000,0.000,0.000,0.000,0.000,0.000,0.000,0.000,0.000,0.000,0.000,0.000,0.000,0.000,0.000,0.000,0.000,0.000,0.000,0.063,0.064,0.063,0.000,0.000,0.000,0.086,0.087,0.086,0.000,0.000,0.000,0.095,0.095,0.097,0.000,0.000,0.000,0.139,0.138,0.139,0.027,0.043,0.030,0.108,0.111,0.110,0.000,0.000,0.000,0.056,0.053,0.055,0.000,0.000,0.000,0.046,0.050,0.048,0.000,0.000,0.000,0.000,0.000,0.000,0.000,0.000,0.000,0.000,0.000,0.000,0.000,0.000,0.000,0.000,0.000,0.000,0.000,0.000,0.000,0.000,0.000,0.000,0.000,0.000,0.000,0.000,0.000,0.000,0.000,0.000,0.000,0.000,0.000,0.000,0.000,0.000,0.000,0.000,0.000,0.000,0.000,0.000,0.000,0.000,0.000,0.000
2025-07-06 22:56:05,238.336,238.291,238.281,0.000,0.000,0.000,2.039,2.046,2.042,0.242,0.242,0.240,0.033,0.036,0.035,0.977,0.982,0.985,0.015,0.000,0.013,1.169,1.174,1.167,0.002,0.000,0.000,1.226,1.228,1.227,0.000,0.000,0.000,0.277,0.278,0.272,0.000,0.000,0.000,0.180,0.176,0.177,0.000,0.000,0.000,0.207,0.210,0.207,0.000,0.000,0.000,0.058,0.064,0.064,0.000,0.000,0.000,0.218,0.219,0.218,0.000,0.000,0.000,0.105,0.115,0.111,0.011,0.015,0.000,0.048,0.034,0.018,0.062,0.062,0.068,0.079,0.084,0.078,0.093,0.088,0.090,0.083,0.095,0.089,0.096,0.094,0.098,0.066,0.064,0.069,0.148,0.140,0.151,0.080,0.096,0.087,0.107,0.114,0.108,0.048,0.049,0.048,0.064,0.059,0.061,0.086,0.080,0.080,0.052,0.052,0.051,0.062,0.061,0.062,0.000,0.000,0.013,0.094,0.093,0.092,0.000,0.000,0.000,0.002,0.000,0.000,0.000,0.000,0.000,0.056,0.058,0.056,0.000,0.000,0.000,0.000,0.000,0.000,0.000,0.000,0.000,0.000,0.000,0.000,0.000,0.000,0.000,0.000,0.000,0.000,0.000,0.000,0.000,0.013,0.000,0.000,0.000,0.000,0.000,0.000,0.000,0.000,0.000,0.000,0.000,0.045,0.013,0.000,0.000,0.000,0.000,0.000,0.000,0.000,0.000,0.000,0.000,0.000,0.000,0.000,0.000,0.000,0.000,0.000,0.000,0.000,0.000,0.000,0.000,0.000,0.000,0.000,0.000,0.000,0.000,0.000,0.000,0.000,0.000,0.000,0.000,0.000,0.000,0.000,0.000,0.000,0.000,0.000,0.000,0.000,0.000,0.000,0.000,0.000,0.000,0.000,0.000,0.000,0.000,0.000,0.015,0.000,0.000,0.000,0.000,0.059,0.063,0.062,0.000,0.000,0.000,0.087,0.085,0.086,0.000,0.000,0.000,0.095,0.094,0.096,0.000,0.000,0.000,0.137,0.136,0.138,0.014,0.029,0.014,0.108,0.111,0.111,0.000,0.000,0.000,0.056,0.055,0.051,0.000,0.000,0.000,0.045,0.049,0.049,0.000,0.000,0.000,0.000,0.000,0.000,0.000,0.000,0.000,0.000,0.000,0.000,0.000,0.000,0.000,0.000,0.000,0.000,0.000,0.000,0.000,0.000,0.000,0.000,0.000,0.000,0.000,0.000,0.000,0.000,0.000,0.000,0.000,0.000,0.000,0.000,0.000,0.000,0.000,0.000,0.000,0.000,0.000,0.000,0.000,0.000,0.000,0.000
2025-07-06 22:56:08,238.288,238.243,238.233,0.000,0.000,0.000,2.039,2.039,2.030,0.241,0.247,0.247,0.072,0.081,0.076,0.976,0.982,0.973,0.014,0.025,0.003,1.171,1.164,1.161,0.000,0.015,0.000,1.223,1.223,1.219,0.000,0.000,0.014,0.269,0.273,0.270,0.000,0.000,0.000,0.180,0.183,0.185,0.000,0.000,0.000,0.212,0.209,0.211,0.000,0.000,0.000,0.062,0.057,0.056,0.000,0.000,0.000,0.222,0.226,0.222,0.000,0.000,0.000,0.113,0.109,0.112,0.016,0.000,0.014,0.030,0.016,0.032,0.063,0.067,0.069,0.080,0.076,0.083,0.091,0.092,0.093,0.088,0.090,0.086,0.096,0.098,0.100,0.072,0.071,0.065,0.142,0.141,0.148,0.091,0.094,0.088,0.110,0.114,0.105,0.054,0.057,0.053,0.056,0.057,0.057,0.077,0.072,0.079,0.056,0.056,0.045,0.059,0.062,0.060,0.000,0.000,0.000,0.095,0.093,0.097,0.000,0.000,0.000,0.000,0.000,0.000,0.000,0.000,0.000,0.059,0.059,0.061,0.000,0.000,0.000,0.000,0.000,0.000,0.000,0.000,0.000,0.000,0.000,0.000,0.000,0.000,0.000,0.000,0.000,0.000,0.000,0.000,0.000,0.010,0.000,0.000,0.000,0.000,0.000,0.000,0.000,0.000,0.000,0.000,0.000,0.042,0.046,0.047,0.000,0.015,0.000,0.000,0.000,0.000,0.000,0.000,0.000,0.000,0.000,0.000,0.000,0.000,0.000,0.000,0.000,0.000,0.000,0.000,0.000,0.000,0.000,0.000,0.000,0.000,0.000,0.000,0.000,0.000,0.000,0.000,0.000,0.000,0.000,0.000,0.000,0.000,0.000,0.000,0.000,0.000,0.000,0.000,0.000,0.000,0.000,0.000,0.000,0.000,0.000,0.000,0.000,0.013,0.000,0.000,0.000,0.063,0.062,0.065,0.000,0.000,0.000,0.087,0.090,0.086,0.000,0.000,0.000,0.095,0.095,0.099,0.000,0.000,0.000,0.137,0.136,0.138,0.000,0.027,0.043,0.109,0.113,0.108,0.000,0.000,0.000,0.051,0.050,0.051,0.000,0.000,0.000,0.051,0.049,0.043,0.000,0.000,0.000,0.000,0.000,0.000,0.000,0.000,0.000,0.000,0.000,0.000,0.000,0.000,0.000,0.000,0.000,0.000,0.000,0.000,0.000,0.000,0.000,0.000,0.000,0.000,0.000,0.000,0.000,0.000,0.000,0.000,0.000,0.000,0.000,0.000,0.000,0.000,0.000,0.000,0.000,0.000,0.000,0.000,0.000,0.000,0.000,0.000
2025-07-06 22:56:11,238.269,238.224,238.214,0.000,0.000,0.000,2.037,2.037,2.031,0.236,0.243,0.242,0.054,0.052,0.059,0.980,0.979,0.972,0.000,0.017,0.000,1.161,1.161,1.157,0.000,0.012,0.014,1.226,1.225,1.224,0.000,0.000,0.000,0.281,0.282,0.276,0.000,0.000,0.000,0.175,0.181,0.187,0.000,0.000,0.000,0.216,0.210,0.217,0.000,0.000,0.000,0.058,0.060,0.051,0.000,0.000,0.000,0.215,0.213,0.213,0.000,0.000,0.000,0.113,0.117,0.112,0.039,0.000,0.027,0.031,0.040,0.030,0.064,0.071,0.061,0.092,0.092,0.089,0.086,0.093,0.091,0.089,0.088,0.083,0.097,0.096,0.093,0.065,0.069,0.065,0.139,0.149,0.147,0.097,0.086,0.083,0.110,0.104,0.108,0.050,0.056,0.050,0.054,0.061,0.058,0.072,0.077,0.082,0.054,0.049,0.050,0.059,0.062,0.064,0.000,0.000,0.000,0.097,0.095,0.099,0.000,0.000,0.000,0.000,0.013,0.000,0.000,0.000,0.000,0.059,0.062,0.062,0.000,0.000,0.000,0.000,0.000,0.000,0.000,0.000,0.000,0.000,0.000,0.000,0.000,0.000,0.000,0.000,0.000,0.000,0.000,0.000,0.000,0.002,0.000,0.000,0.000,0.000,0.000,0.000,0.000,0.000,0.000,0.000,0.000,0.014,0.029,0.028,0.000,0.000,0.000,0.000,0.000,0.000,0.000,0.000,0.000,0.000,0.000,0.000,0.000,0.000,0.000,0.000,0.000,0.000,0.000,0.000,0.000,0.000,0.000,0.000,0.000,0.000,0.000,0.000,0.000,0.000,0.000,0.000,0.000,0.000,0.000,0.000,0.000,0.000,0.000,0.000,0.000,0.000,0.000,0.000,0.000,0.000,0.000,0.000,0.000,0.000,0.000,0.000,0.000,0.000,0.000,0.000,0.000,0.062,0.066,0.060,0.000,0.000,0.000,0.084,0.087,0.086,0.000,0.000,0.000,0.095,0.096,0.095,0.000,0.000,0.000,0.137,0.137,0.141,0.014,0.043,0.013,0.106,0.105,0.107,0.000,0.000,0.000,0.052,0.051,0.056,0.000,0.000,0.000,0.044,0.046,0.048,0.000,0.000,0.000,0.000,0.000,0.000,0.000,0.000,0.000,0.000,0.000,0.000,0.000,0.000,0.000,0.000,0.000,0.000,0.000,0.000,0.000,0.000,0.000,0.000,0.000,0.000,0.000,0.000,0.000,0.000,0.000,0.000,0.000,0.000,0.000,0.000,0.000,0.000,0.000,0.000,0.000,0.000,0.000,0.000,0.000,0.000,0.000,0.000
2025-07-06 22:56:14,238.244,238.199,238.189,0.000,0.000,0.000,2.029,2.029,2.028,0.243,0.244,0.244,0.040,0.055,0.054,0.968,0.968,0.968,0.000,0.000,0.010,1.153,1.155,1.150,0.013,0.033,0.000,1.226,1.224,1.226,0.000,0.000,0.000,0.281,0.277,0.279,0.000,0.000,0.000,0.184,0.187,0.186,0.000,0.000,0.000,0.214,0.217,0.216,0.000,0.000,0.000,0.059,0.058,0.058,0.000,0.000,0.000,0.217,0.214,0.212,0.000,0.000,0.000,0.112,0.117,0.114,0.016,0.010,0.000,0.027,0.028,0.033,0.067,0.066,0.062,0.099,0.099,0.097,0.086,0.093,0.083,0.097,0.084,0.095,0.101,0.097,0.097,0.066,0.072,0.068,0.139,0.151,0.143,0.097,0.086,0.091,0.113,0.107,0.111,0.052,0.057,0.047,0.057,0.062,0.061,0.074,0.080,0.076,0.054,0.049,0.048,0.060,0.057,0.061,0.000,0.000,0.000,0.098,0.098,0.103,0.000,0.000,0.000,0.000,0.000,0.000,0.000,0.000,0.000,0.063,0.061,0.063,0.000,0.000,0.000,0.000,0.000,0.000,0.000,0.000,0.000,0.000,0.000,0.000,0.000,0.000,0.000,0.000,0.000,0.000,0.000,0.000,0.000,0.010,0.000,0.012,0.000,0.000,0.000,0.000,0.000,0.000,0.000,0.000,0.000,0.000,0.034,0.054,0.000,0.000,0.000,0.000,0.000,0.000,0.000,0.000,0.000,0.000,0.000,0.000,0.000,0.000,0.000,0.000,0.000,0.000,0.000,0.000,0.000,0.000,0.000,0.000,0.000,0.000,0.000,0.000,0.000,0.000,0.000,0.000,0.000,0.000,0.000,0.000,0.000,0.000,0.000,0.000,0.000,0.000,0.000,0.000,0.000,0.000,0.000,0.000,0.000,0.000,0.000,0.000,0.000,0.000,0.000,0.000,0.000,0.064,0.064,0.061,0.000,0.000,0.000,0.088,0.087,0.082,0.000,0.000,0.000,0.098,0.097,0.097,0.000,0.000,0.000,0.136,0.139,0.141,0.043,0.028,0.016,0.110,0.107,0.105,0.000,0.000,0.000,0.051,0.051,0.055,0.000,0.000,0.000,0.047,0.049,0.044,0.000,0.000,0.000,0.000,0.000,0.000,0.000,0.000,0.000,0.000,0.000,0.000,0.000,0.000,0.000,0.000,0.000,0.000,0.000,0.000,0.000,0.000,0.000,0.000,0.000,0.000,0.000,0.000,0.000,0.000,0.000,0.000,0.000,0.000,0.000,0.000,0.000,0.000,0.000,0.000,0.000,0.000,0.000,0.000,0.000,0.000,0.000,0.000
2025-07-06 22:56:17,238.411,238.367,238.355,0.000,0.000,0.000,2.023,2.022,2.023,0.241,0.241,0.241,0.044,0.032,0.017,0.947,0.944,0.946,0.000,0.000,0.002,1.158,1.157,1.161,0.000,0.000,0.000,1.234,1.237,1.233,0.000,0.000,0.000,0.277,0.278,0.275,0.000,0.000,0.000,0.173,0.177,0.177,0.000,0.000,0.000,0.213,0.213,0.212,0.000,0.000,0.000,0.064,0.060,0.062,0.000,0.000,0.000,0.214,0.210,0.205,0.000,0.000,0.000,0.107,0.102,0.110,0.010,0.013,0.014,0.031,0.049,0.042,0.065,0.064,0.068,0.080,0.079,0.077,0.090,0.093,0.093,0.086,0.083,0.083,0.097,0.092,0.097,0.070,0.067,0.076,0.144,0.142,0.147,0.079,0.079,0.082,0.112,0.110,0.110,0.051,0.048,0.050,0.060,0.055,0.060,0.080,0.083,0.078,0.050,0.059,0.047,0.059,0.060,0.058,0.000,0.000,0.000,0.097,0.097,0.097,0.000,0.000,0.000,0.000,0.000,0.000,0.014,0.000,0.000,0.059,0.058,0.060,0.000,0.000,0.000,0.000,0.000,0.000,0.000,0.000,0.000,0.000,0.000,0.000,0.000,0.000,0.000,0.000,0.000,0.000,0.000,0.000,0.000,0.002,0.000,0.003,0.000,0.000,0.000,0.000,0.000,0.000,0.000,0.000,0.000,0.000,0.014,0.000,0.000,0.000,0.000,0.000,0.000,0.000,0.000,0.000,0.000,0.000,0.000,0.000,0.000,0.000,0.000,0.000,0.000,0.000,0.000,0.000,0.000,0.000,0.000,0.000,0.000,0.000,0.000,0.000,0.000,0.000,0.000,0.000,0.000,0.000,0.000,0.000,0.000,0.000,0.000,0.000,0.000,0.000,0.000,0.000,0.000,0.000,0.000,0.000,0.000,0.000,0.000,0.000,0.000,0.014,0.000,0.000,0.000,0.061,0.060,0.062,0.000,0.000,0.000,0.085,0.092,0.086,0.000,0.000,0.000,0.097,0.090,0.096,0.000,0.000,0.000,0.136,0.138,0.136,0.015,0.027,0.035,0.113,0.108,0.108,0.000,0.000,0.000,0.053,0.052,0.052,0.000,0.000,0.000,0.049,0.051,0.045,0.000,0.000,0.000,0.000,0.000,0.000,0.000,0.000,0.000,0.000,0.000,0.000,0.000,0.000,0.000,0.000,0.000,0.000,0.000,0.000,0.000,0.000,0.000,0.000,0.000,0.000,0.000,0.000,0.000,0.000,0.000,0.000,0.000,0.000,0.000,0.000,0.000,0.000,0.000,0.000,0.000,0.000,0.000,0.000,0.000,0.000,0.000,0.000
2025-07-06 22:56:20,238.293,238.247,238.238,0.000,0.000,0.000,4.273,4.891,5.061,9.273,7.919,11.938,2.560,2.254,3.429,1.770,1.648,2.044,0.742,1.011,1.169,1.393,1.338,1.600,0.500,0.465,0.764,1.290,1.246,1.435,0.373,0.413,0.494,0.469,0.523,0.543,0.286,0.425,0.361,0.356,0.482,0.412,0.229,0.333,0.306,0.336,0.344,0.383,0.205,0.253,0.276,0.218,0.411,0.286,0.180,0.537,0.243,0.312,0.772,0.334,0.155,0.785,0.202,0.216,0.882,0.270,0.171,0.857,0.210,0.164,0.831,0.189,0.173,0.777,0.208,0.168,0.666,0.210,0.173,0.554,0.225,0.157,0.464,0.218,0.170,0.317,0.209,0.175,0.198,0.193,0.178,0.197,0.245,0.145,0.202,0.191,0.154,0.210,0.205,0.124,0.174,0.170,0.134,0.151,0.172,0.145,0.131,0.204,0.120,0.102,0.168,0.124,0.097,0.169,0.113,0.067,0.145,0.141,0.128,0.190,0.092,0.099,0.139,0.094,0.166,0.140,0.094,0.216,0.137,0.119,0.298,0.155,0.094,0.308,0.137,0.087,0.323,0.127,0.090,0.300,0.132,0.089,0.247,0.124,0.090,0.152,0.120,0.084,0.099,0.124,0.093,0.107,0.119,0.090,0.133,0.123,0.104,0.136,0.143,0.081,0.089,0.118,1.680,1.321,1.559,8.679,5.750,11.213,1.691,1.699,2.119,0.805,1.116,1.359,0.780,1.011,1.189,0.575,0.642,0.957,0.632,0.674,1.147,0.480,0.528,0.768,0.374,0.483,0.497,0.317,0.443,0.447,0.292,0.485,0.345,0.232,0.369,0.371,0.230,0.331,0.300,0.232,0.242,0.354,0.193,0.321,0.268,0.187,0.467,0.267,0.217,0.709,0.293,0.189,0.713,0.268,0.159,0.856,0.215,0.172,0.848,0.239,0.142,0.832,0.192,0.176,0.804,0.186,0.137,0.722,0.196,0.175,0.602,0.215,0.123,0.472,0.204,0.177,0.337,0.205,0.119,0.205,0.188,0.194,0.205,0.225,0.108,0.143,0.201,0.148,0.205,0.190,0.096,0.162,0.181,0.125,0.149,0.157,0.115,0.132,0.178,0.119,0.103,0.176,0.096,0.093,0.161,0.104,0.065,0.152,0.113,0.109,0.152,0.101,0.072,0.167,0.091,0.107,0.124,0.094,0.156,0.129,0.100,0.238,0.129,0.091,0.246,0.149,0.087,0.267,0.123,0.091,0.261,0.120,0.084,0.232,0.119,0.088,0.179,0.116,0.085,0.118,0.119,0.085,0.092,0.118,0.086,0.122,0.113,0.094,0.129,0.119
2025-07-06 22:56:23,238.348,238.304,238.294,0.000,0.000,0.000,3.268,3.388,4.618,5.967,5.452,9.565,1.750,1.644,2.953,1.449,1.432,1.777,0.635,0.663,1.047,1.237,1.312,1.448,0.449,0.288,0.715,1.310,1.339,1.521,0.282,0.361,0.490,0.384,0.417,0.545,0.235,0.232,0.433,0.286,0.301,0.435,0.191,0.198,0.332,0.296,0.327,0.422,0.164,0.177,0.302,0.165,0.179,0.286,0.145,0.150,0.265,0.257,0.285,0.347,0.148,0.148,0.236,0.172,0.195,0.255,0.128,0.142,0.212,0.125,0.124,0.205,0.140,0.154,0.199,0.131,0.145,0.206,0.151,0.175,0.203,0.141,0.168,0.214,0.142,0.157,0.212,0.143,0.155,0.182,0.181,0.203,0.234,0.133,0.145,0.183,0.160,0.160,0.194,0.124,0.120,0.169,0.119,0.127,0.152,0.112,0.128,0.148,0.106,0.123,0.167,0.095,0.119,0.151,0.078,0.091,0.154,0.128,0.158,0.168,0.086,0.089,0.134,0.089,0.093,0.136,0.083,0.087,0.135,0.108,0.117,0.150,0.068,0.083,0.128,0.067,0.084,0.126,0.069,0.079,0.133,0.064,0.078,0.124,0.067,0.072,0.124,0.068,0.073,0.123,0.068,0.074,0.123,0.070,0.083,0.128,0.066,0.092,0.142,0.074,0.090,0.140,0.608,0.437,1.162,5.590,5.060,8.927,1.123,1.045,1.917,0.743,0.816,1.224,0.574,0.650,0.934,0.577,0.283,0.846,0.564,0.248,0.969,0.467,0.649,0.628,0.273,0.335,0.450,0.254,0.227,0.492,0.228,0.217,0.421,0.218,0.211,0.326,0.206,0.189,0.361,0.214,0.212,0.332,0.155,0.162,0.291,0.146,0.150,0.264,0.171,0.151,0.276,0.176,0.169,0.302,0.160,0.147,0.248,0.136,0.146,0.214,0.108,0.122,0.198,0.133,0.154,0.206,0.118,0.122,0.182,0.145,0.172,0.215,0.102,0.129,0.191,0.141,0.162,0.224,0.117,0.123,0.166,0.176,0.180,0.217,0.116,0.153,0.174,0.158,0.156,0.215,0.127,0.102,0.150,0.126,0.123,0.174,0.103,0.100,0.125,0.098,0.119,0.156,0.100,0.099,0.152,0.078,0.095,0.150,0.104,0.100,0.150,0.098,0.110,0.162,0.071,0.088,0.135,0.084,0.090,0.137,0.097,0.091,0.132,0.090,0.084,0.142,0.069,0.084,0.118,0.065,0.074,0.129,0.068,0.080,0.122,0.063,0.072,0.120,0.068,0.073,0.123,0.065,0.068,0.118,0.082,0.075,0.121,0.061,0.082,0.129
2025-07-06 22:56:26,238.294,238.249,238.239,0.000,0.000,0.000,2.656,3.300,2.728,5.623,8.545,6.766,1.343,1.978,1.398,1.081,1.325,1.156,0.361,0.542,0.291,1.170,1.232,1.177,0.226,0.294,0.113,1.270,1.318,1.232,0.101,0.229,0.057,0.298,0.381,0.273,0.064,0.159,0.027,0.192,0.237,0.171,0.053,0.158,0.033,0.225,0.265,0.211,0.043,0.119,0.021,0.085,0.139,0.061,0.059,0.114,0.032,0.217,0.261,0.198,0.036,0.094,0.000,0.117,0.154,0.107,0.034,0.101,0.016,0.032,0.080,0.013,0.081,0.112,0.070,0.068,0.096,0.056,0.107,0.123,0.093,0.090,0.116,0.081,0.112,0.137,0.097,0.102,0.132,0.085,0.160,0.167,0.148,0.085,0.106,0.069,0.116,0.157,0.114,0.066,0.106,0.058,0.069,0.090,0.065,0.083,0.101,0.080,0.063,0.088,0.057,0.069,0.092,0.057,0.024,0.049,0.000,0.104,0.100,0.095,0.024,0.066,0.000,0.017,0.051,0.000,0.023,0.056,0.016,0.067,0.081,0.051,0.017,0.050,0.000,0.021,0.044,0.000,0.023,0.040,0.000,0.019,0.042,0.000,0.017,0.045,0.000,0.019,0.044,0.000,0.019,0.042,0.000,0.025,0.056,0.016,0.042,0.064,0.020,0.020,0.045,0.015,0.985,1.424,1.202,5.340,8.182,6.525,0.822,1.218,0.811,0.389,0.571,0.277,0.486,0.608,0.400,0.279,0.497,0.333,0.585,0.493,0.291,0.266,0.683,0.521,0.176,0.246,0.052,0.126,0.243,0.135,0.120,0.182,0.045,0.065,0.176,0.075,0.149,0.210,0.083,0.088,0.157,0.094,0.059,0.122,0.016,0.061,0.116,0.042,0.132,0.187,0.072,0.111,0.163,0.102,0.067,0.131,0.047,0.075,0.115,0.050,0.033,0.082,0.000,0.080,0.113,0.042,0.045,0.081,0.042,0.105,0.120,0.077,0.075,0.112,0.060,0.114,0.122,0.091,0.054,0.126,0.061,0.167,0.156,0.127,0.058,0.126,0.070,0.115,0.137,0.098,0.043,0.125,0.058,0.070,0.086,0.061,0.051,0.102,0.051,0.072,0.089,0.061,0.049,0.082,0.039,0.042,0.054,0.018,0.069,0.106,0.046,0.059,0.066,0.048,0.020,0.061,0.000,0.032,0.061,0.000,0.043,0.078,0.031,0.038,0.051,0.019,0.021,0.046,0.000,0.020,0.042,0.000,0.021,0.039,0.000,0.017,0.043,0.000,0.016,0.044,0.000,0.018,0.043,0.000,0.021,0.041,0.016,0.022,0.044,0.000
2025-07-06 22:56:29,238.278,238.234,238.224,0.000,0.000,0.000,2.086,2.086,2.058,1.423,1.212,0.756,0.319,0.256,0.173,0.991,0.998,0.988,0.086,0.057,0.050,1.167,1.174,1.169,0.043,0.039,0.026,1.241,1.242,1.238,0.018,0.017,0.000,0.276,0.276,0.274,0.000,0.000,0.000,0.178,0.174,0.168,0.000,0.000,0.000,0.207,0.211,0.214,0.000,0.000,0.000,0.060,0.052,0.062,0.015,0.000,0.000,0.204,0.210,0.206,0.000,0.000,0.000,0.108,0.105,0.112,0.031,0.000,0.014,0.000,0.000,0.000,0.065,0.062,0.065,0.050,0.029,0.056,0.089,0.084,0.092,0.077,0.078,0.082,0.099,0.098,0.096,0.077,0.088,0.085,0.147,0.142,0.151,0.073,0.080,0.080,0.106,0.113,0.103,0.054,0.058,0.060,0.059,0.065,0.059,0.080,0.076,0.080,0.057,0.055,0.050,0.060,0.057,0.057,0.000,0.000,0.000,0.095,0.094,0.093,0.000,0.000,0.000,0.000,0.016,0.000,0.000,0.000,0.000,0.054,0.056,0.058,0.000,0.000,0.000,0.000,0.000,0.000,0.000,0.000,0.000,0.000,0.000,0.000,0.000,0.000,0.000,0.000,0.000,0.000,0.000,0.000,0.000,0.000,0.000,0.000,0.016,0.000,0.000,0.000,0.000,0.000,0.261,0.219,0.138,1.325,1.121,0.680,0.193,0.152,0.094,0.059,0.050,0.018,0.124,0.102,0.052,0.055,0.037,0.017,0.120,0.088,0.053,0.125,0.092,0.051,0.013,0.016,0.000,0.038,0.026,0.000,0.016,0.014,0.000,0.018,0.021,0.000,0.020,0.016,0.000,0.044,0.028,0.000,0.000,0.000,0.000,0.017,0.014,0.000,0.044,0.021,0.000,0.037,0.032,0.028,0.000,0.000,0.000,0.040,0.022,0.015,0.000,0.000,0.000,0.065,0.060,0.058,0.000,0.000,0.000,0.090,0.088,0.088,0.000,0.000,0.000,0.103,0.099,0.094,0.013,0.000,0.000,0.151,0.147,0.146,0.000,0.000,0.000,0.109,0.115,0.104,0.000,0.000,0.000,0.059,0.066,0.060,0.028,0.000,0.000,0.060,0.058,0.050,0.000,0.000,0.000,0.019,0.016,0.000,0.014,0.000,0.000,0.031,0.028,0.000,0.000,0.000,0.000,0.000,0.000,0.000,0.000,0.000,0.000,0.019,0.019,0.000,0.000,0.000,0.000,0.000,0.000,0.000,0.000,0.000,0.000,0.000,0.000,0.000,0.000,0.000,0.000,0.000,0.000,0.000,0.000,0.000,0.000,0.000,0.000,0.000
2025-07-06 22:56:32,238.296,238.251,238.241,0.000,0.000,0.000,2.038,2.039,2.035,0.322,0.269,0.288,0.077,0.070,0.093,0.968,0.964,0.962,0.000,0.014,0.028,1.166,1.170,1.164,0.014,0.000,0.027,1.236,1.235,1.236,0.013,0.014,0.000,0.280,0.283,0.279,0.000,0.000,0.000,0.166,0.168,0.169,0.000,0.000,0.000,0.212,0.213,0.210,0.000,0.000,0.000,0.063,0.052,0.061,0.000,0.000,0.000,0.209,0.215,0.211,0.000,0.000,0.000,0.107,0.099,0.105,0.000,0.000,0.000,0.000,0.013,0.000,0.060,0.068,0.061,0.063,0.061,0.067,0.084,0.090,0.093,0.083,0.082,0.087,0.103,0.100,0.096,0.086,0.082,0.079,0.142,0.148,0.144,0.077,0.071,0.075,0.114,0.111,0.112,0.062,0.054,0.056,0.057,0.062,0.060,0.078,0.083,0.080,0.050,0.055,0.051,0.060,0.060,0.057,0.000,0.000,0.000,0.099,0.098,0.101,0.000,0.000,0.000,0.000,0.000,0.000,0.000,0.000,0.000,0.058,0.052,0.055,0.000,0.000,0.000,0.000,0.000,0.000,0.000,0.000,0.000,0.000,0.000,0.000,0.000,0.000,0.000,0.000,0.000,0.000,0.000,0.000,0.000,0.000,0.015,0.000,0.000,0.000,0.000,0.000,0.000,0.000,0.026,0.015,0.000,0.189,0.100,0.145,0.023,0.014,0.034,0.000,0.000,0.000,0.000,0.000,0.000,0.000,0.000,0.000,0.000,0.000,0.000,0.000,0.000,0.000,0.000,0.000,0.000,0.000,0.000,0.000,0.000,0.000,0.000,0.000,0.000,0.000,0.000,0.000,0.000,0.000,0.000,0.000,0.000,0.000,0.000,0.000,0.000,0.000,0.000,0.000,0.000,0.000,0.000,0.000,0.000,0.000,0.000,0.000,0.000,0.000,0.000,0.000,0.000,0.057,0.059,0.060,0.000,0.000,0.000,0.084,0.088,0.089,0.000,0.000,0.000,0.096,0.091,0.095,0.028,0.013,0.000,0.142,0.143,0.141,0.000,0.000,0.000,0.109,0.107,0.108,0.014,0.014,0.000,0.055,0.057,0.056,0.000,0.000,0.000,0.047,0.048,0.045,0.000,0.000,0.000,0.000,0.000,0.000,0.000,0.000,0.000,0.000,0.000,0.000,0.000,0.000,0.000,0.000,0.000,0.000,0.000,0.000,0.000,0.000,0.000,0.000,0.000,0.000,0.000,0.000,0.000,0.000,0.000,0.000,0.000,0.000,0.000,0.000,0.000,0.000,0.000,0.000,0.000,0.000,0.000,0.000,0.000,0.000,0.000,0.000
2025-07-06 22:56:35,238.324,238.280,238.269,0.000,0.000,0.000,2.024,2.024,2.027,0.238,0.244,0.242,0.036,0.029,0.004,0.955,0.956,0.956,0.000,0.016,0.024,1.162,1.157,1.162,0.000,0.000,0.002,1.228,1.229,1.230,0.000,0.000,0.000,0.283,0.285,0.282,0.000,0.000,0.000,0.161,0.173,0.168,0.000,0.000,0.000,0.214,0.208,0.209,0.000,0.000,0.000,0.061,0.057,0.062,0.000,0.000,0.000,0.209,0.209,0.211,0.000,0.000,0.000,0.111,0.110,0.113,0.000,0.000,0.024,0.000,0.002,0.000,0.065,0.061,0.070,0.070,0.077,0.069,0.086,0.088,0.088,0.081,0.084,0.082,0.102,0.099,0.100,0.083,0.074,0.089,0.139,0.149,0.139,0.077,0.085,0.081,0.114,0.107,0.112,0.055,0.055,0.063,0.060,0.062,0.058,0.080,0.072,0.076,0.048,0.053,0.054,0.057,0.059,0.056,0.000,0.000,0.000,0.098,0.099,0.099,0.000,0.000,0.000,0.000,0.010,0.000,0.000,0.000,0.000,0.056,0.058,0.060,0.000,0.000,0.000,0.000,0.000,0.000,0.000,0.000,0.000,0.000,0.000,0.000,0.000,0.000,0.000,0.000,0.000,0.000,0.000,0.000,0.000,0.013,0.013,0.011,0.000,0.000,0.000,0.000,0.000,0.000,0.000,0.000,0.000,0.036,0.055,0.038,0.000,0.000,0.000,0.000,0.000,0.000,0.000,0.000,0.000,0.000,0.000,0.000,0.000,0.000,0.000,0.000,0.000,0.000,0.000,0.000,0.000,0.000,0.000,0.000,0.000,0.000,0.000,0.000,0.000,0.000,0.000,0.000,0.000,0.000,0.000,0.000,0.000,0.000,0.000,0.000,0.000,0.000,0.000,0.000,0.000,0.000,0.000,0.000,0.000,0.000,0.000,0.000,0.000,0.000,0.000,0.000,0.000,0.058,0.057,0.067,0.000,0.000,0.000,0.085,0.086,0.087,0.000,0.000,0.000,0.093,0.094,0.095,0.014,0.000,0.000,0.137,0.144,0.140,0.000,0.000,0.000,0.107,0.105,0.104,0.000,0.000,0.000,0.056,0.055,0.056,0.000,0.000,0.000,0.030,0.048,0.044,0.000,0.000,0.000,0.000,0.000,0.000,0.000,0.000,0.000,0.000,0.000,0.000,0.000,0.000,0.000,0.000,0.000,0.000,0.000,0.000,0.000,0.000,0.000,0.000,0.000,0.000,0.000,0.000,0.000,0.000,0.000,0.000,0.000,0.000,0.000,0.000,0.000,0.000,0.000,0.000,0.000,0.000,0.000,0.000,0.000,0.000,0.000,0.000
2025-07-06 22:56:38,238.425,238.380,238.370,0.000,0.000,0.000,2.032,2.037,2.034,0.243,0.245,0.244,0.062,0.061,0.062,0.958,0.963,0.961,0.029,0.014,0.013,1.171,1.174,1.176,0.000,0.000,0.000,1.225,1.228,1.223,0.000,0.000,0.000,0.283,0.279,0.282,0.000,0.000,0.000,0.175,0.174,0.178,0.000,0.000,0.000,0.209,0.210,0.208,0.000,0.000,0.000,0.061,0.063,0.068,0.000,0.000,0.000,0.217,0.224,0.216,0.000,0.000,0.000,0.107,0.110,0.112,0.000,0.000,0.000,0.029,0.014,0.013,0.071,0.063,0.072,0.063,0.058,0.060,0.092,0.091,0.088,0.084,0.088,0.078,0.101,0.096,0.101,0.089,0.089,0.094,0.149,0.148,0.146,0.081,0.088,0.076,0.108,0.109,0.110,0.059,0.059,0.056,0.062,0.058,0.063,0.074,0.068,0.074,0.049,0.053,0.053,0.056,0.057,0.060,0.000,0.000,0.000,0.100,0.097,0.096,0.000,0.000,0.000,0.013,0.000,0.014,0.000,0.000,0.000,0.061,0.059,0.061,0.000,0.000,0.000,0.000,0.000,0.000,0.000,0.000,0.000,0.000,0.000,0.000,0.000,0.000,0.000,0.000,0.000,0.000,0.000,0.000,0.000,0.000,0.000,0.000,0.000,0.000,0.000,0.000,0.000,0.000,0.000,0.000,0.000,0.032,0.045,0.028,0.000,0.000,0.000,0.000,0.000,0.000,0.000,0.000,0.000,0.000,0.000,0.000,0.000,0.000,0.000,0.000,0.000,0.000,0.000,0.000,0.000,0.000,0.000,0.000,0.000,0.000,0.000,0.000,0.000,0.000,0.000,0.000,0.000,0.000,0.000,0.000,0.000,0.000,0.000,0.000,0.000,0.000,0.000,0.000,0.000,0.000,0.000,0.000,0.000,0.000,0.000,0.000,0.000,0.000,0.000,0.000,0.000,0.060,0.060,0.060,0.000,0.000,0.000,0.088,0.089,0.088,0.000,0.000,0.000,0.093,0.093,0.095,0.000,0.000,0.013,0.145,0.144,0.143,0.000,0.013,0.000,0.103,0.102,0.103,0.014,0.013,0.013,0.058,0.055,0.057,0.000,0.000,0.000,0.044,0.048,0.048,0.000,0.000,0.000,0.000,0.000,0.000,0.000,0.000,0.000,0.000,0.000,0.000,0.000,0.000,0.000,0.000,0.000,0.000,0.000,0.000,0.000,0.000,0.000,0.000,0.000,0.000,0.000,0.000,0.000,0.000,0.000,0.000,0.000,0.000,0.000,0.000,0.000,0.000,0.000,0.000,0.000,0.000,0.000,0.000,0.000,0.000,0.000,0.000
2025-07-06 22:56:41,238.456,238.411,238.402,0.000,0.000,0.000,2.041,2.039,2.037,0.247,0.240,0.238,0.091,0.092,0.078,0.973,0.966,0.965,0.000,0.000,0.000,1.167,1.172,1.170,0.000,0.029,0.013,1.230,1.227,1.230,0.014,0.014,0.000,0.279,0.280,0.282,0.000,0.000,0.000,0.174,0.168,0.173,0.000,0.000,0.000,0.215,0.216,0.210,0.000,0.000,0.000,0.063,0.069,0.064,0.000,0.000,0.000,0.215,0.215,0.213,0.000,0.000,0.000,0.114,0.119,0.111,0.027,0.000,0.000,0.000,0.000,0.000,0.065,0.066,0.064,0.075,0.067,0.066,0.094,0.090,0.090,0.080,0.075,0.077,0.100,0.096,0.100,0.077,0.093,0.088,0.154,0.141,0.148,0.076,0.074,0.076,0.104,0.111,0.103,0.053,0.061,0.053,0.060,0.057,0.063,0.075,0.076,0.082,0.048,0.053,0.048,0.056,0.057,0.057,0.014,0.014,0.000,0.102,0.101,0.105,0.000,0.000,0.000,0.014,0.000,0.000,0.000,0.000,0.000,0.063,0.062,0.058,0.000,0.000,0.000,0.000,0.000,0.000,0.000,0.000,0.000,0.000,0.000,0.000,0.000,0.000,0.000,0.000,0.000,0.000,0.000,0.000,0.000,0.000,0.000,0.000,0.000,0.014,0.000,0.000,0.000,0.000,0.000,0.000,0.000,0.054,0.034,0.036,0.013,0.000,0.000,0.000,0.000,0.000,0.000,0.000,0.000,0.000,0.000,0.000,0.000,0.000,0.000,0.000,0.000,0.000,0.000,0.000,0.000,0.000,0.000,0.000,0.000,0.000,0.000,0.000,0.000,0.000,0.000,0.000,0.000,0.000,0.000,0.000,0.000,0.000,0.000,0.000,0.000,0.000,0.000,0.000,0.000,0.000,0.000,0.000,0.000,0.000,0.000,0.000,0.000,0.000,0.000,0.000,0.000,0.060,0.061,0.055,0.000,0.000,0.000,0.088,0.090,0.086,0.000,0.000,0.000,0.094,0.090,0.091,0.000,0.000,0.014,0.148,0.142,0.141,0.000,0.000,0.000,0.101,0.102,0.101,0.000,0.000,0.000,0.057,0.055,0.056,0.000,0.000,0.000,0.045,0.046,0.047,0.000,0.000,0.000,0.000,0.000,0.000,0.000,0.000,0.000,0.000,0.000,0.000,0.000,0.000,0.000,0.000,0.000,0.000,0.000,0.000,0.000,0.000,0.000,0.000,0.000,0.000,0.000,0.000,0.000,0.000,0.000,0.000,0.000,0.000,0.000,0.000,0.000,0.000,0.000,0.000,0.000,0.000,0.000,0.000,0.000,0.000,0.000,0.000
2025-07-06 22:56:44,238.703,238.659,238.650,0.000,0.000,0.000,2.066,2.055,2.052,0.266,0.235,0.240,0.064,0.031,0.034,0.993,0.981,0.974,0.030,0.000,0.000,1.189,1.188,1.188,0.038,0.000,0.030,1.240,1.232,1.232,0.014,0.000,0.000,0.274,0.282,0.276,0.000,0.000,0.000,0.162,0.158,0.162,0.000,0.000,0.000,0.217,0.217,0.224,0.000,0.000,0.000,0.063,0.066,0.065,0.000,0.000,0.000,0.211,0.209,0.214,0.000,0.000,0.000,0.112,0.117,0.110,0.013,0.000,0.000,0.000,0.000,0.000,0.062,0.071,0.064,0.068,0.064,0.074,0.089,0.086,0.093,0.072,0.077,0.076,0.098,0.101,0.097,0.091,0.090,0.086,0.147,0.144,0.145,0.070,0.074,0.077,0.111,0.105,0.109,0.056,0.051,0.057,0.060,0.064,0.058,0.074,0.077,0.073,0.055,0.049,0.050,0.058,0.061,0.063,0.000,0.000,0.000,0.101,0.100,0.107,0.000,0.000,0.000,0.000,0.027,0.029,0.000,0.000,0.000,0.063,0.059,0.064,0.000,0.000,0.000,0.000,0.000,0.000,0.000,0.000,0.000,0.000,0.000,0.000,0.000,0.000,0.000,0.000,0.000,0.000,0.000,0.000,0.000,0.000,0.000,0.015,0.000,0.000,0.000,0.000,0.000,0.000,0.000,0.000,0.000,0.045,0.000,0.013,0.025,0.000,0.000,0.035,0.000,0.000,0.015,0.000,0.000,0.019,0.000,0.000,0.014,0.000,0.000,0.000,0.000,0.000,0.000,0.000,0.000,0.000,0.000,0.000,0.000,0.000,0.000,0.000,0.000,0.000,0.000,0.000,0.000,0.000,0.000,0.000,0.000,0.000,0.000,0.000,0.000,0.000,0.000,0.000,0.000,0.000,0.000,0.000,0.000,0.000,0.000,0.000,0.000,0.000,0.000,0.000,0.000,0.060,0.063,0.059,0.000,0.000,0.000,0.087,0.084,0.089,0.000,0.000,0.000,0.093,0.093,0.093,0.000,0.000,0.000,0.146,0.140,0.140,0.000,0.000,0.000,0.103,0.102,0.106,0.000,0.000,0.014,0.059,0.058,0.056,0.000,0.000,0.000,0.048,0.046,0.047,0.000,0.000,0.000,0.000,0.000,0.000,0.000,0.000,0.000,0.000,0.000,0.000,0.000,0.000,0.000,0.000,0.000,0.000,0.000,0.000,0.000,0.000,0.000,0.000,0.000,0.000,0.000,0.000,0.000,0.000,0.000,0.000,0.000,0.000,0.000,0.000,0.000,0.000,0.000,0.000,0.000,0.000,0.000,0.000,0.000,0.000,0.000,0.000
2025-07-06 22:56:47,238.721,238.677,238.667,0.000,0.000,0.000,2.057,2.056,2.052,0.239,0.241,0.242,0.049,0.059,0.061,0.970,0.972,0.962,0.000,0.013,0.000,1.196,1.192,1.198,0.014,0.028,0.000,1.238,1.239,1.233,0.000,0.000,0.000,0.279,0.278,0.278,0.000,0.000,0.000,0.158,0.160,0.163,0.000,0.000,0.000,0.213,0.208,0.210,0.000,0.000,0.000,0.065,0.067,0.070,0.000,0.000,0.000,0.207,0.211,0.206,0.000,0.000,0.000,0.109,0.105,0.106,0.000,0.013,0.013,0.013,0.014,0.014,0.064,0.069,0.064,0.060,0.066,0.064,0.085,0.092,0.091,0.076,0.077,0.077,0.101,0.102,0.098,0.098,0.089,0.091,0.142,0.145,0.141,0.068,0.076,0.070,0.111,0.107,0.113,0.060,0.052,0.053,0.058,0.063,0.056,0.087,0.086,0.082,0.051,0.047,0.056,0.061,0.062,0.064,0.000,0.000,0.000,0.108,0.108,0.108,0.000,0.000,0.000,0.013,0.000,0.014,0.000,0.000,0.000,0.062,0.059,0.061,0.000,0.000,0.000,0.000,0.000,0.000,0.000,0.000,0.000,0.000,0.000,0.000,0.000,0.000,0.000,0.000,0.000,0.000,0.000,0.000,0.000,0.013,0.000,0.000,0.029,0.000,0.000,0.000,0.000,0.000,0.000,0.000,0.000,0.017,0.030,0.029,0.000,0.000,0.000,0.000,0.000,0.000,0.000,0.000,0.000,0.000,0.000,0.000,0.000,0.000,0.000,0.000,0.000,0.000,0.000,0.000,0.000,0.000,0.000,0.000,0.000,0.000,0.000,0.000,0.000,0.000,0.000,0.000,0.000,0.000,0.000,0.000,0.000,0.000,0.000,0.000,0.000,0.000,0.000,0.000,0.000,0.000,0.000,0.000,0.000,0.000,0.000,0.000,0.013,0.000,0.000,0.000,0.000,0.058,0.060,0.061,0.000,0.000,0.000,0.085,0.090,0.089,0.000,0.000,0.000,0.095,0.096,0.095,0.000,0.000,0.000,0.145,0.140,0.142,0.000,0.000,0.000,0.103,0.103,0.107,0.000,0.000,0.000,0.056,0.058,0.055,0.000,0.000,0.000,0.045,0.043,0.047,0.000,0.000,0.000,0.000,0.000,0.000,0.000,0.000,0.000,0.000,0.000,0.000,0.000,0.000,0.000,0.000,0.000,0.000,0.000,0.000,0.000,0.000,0.000,0.000,0.000,0.000,0.000,0.000,0.000,0.000,0.000,0.000,0.000,0.000,0.000,0.000,0.000,0.000,0.000,0.000,0.000,0.000,0.000,0.000,0.000,0.000,0.000,0.000
2025-07-06 22:56:50,238.758,238.713,238.703,0.000,0.000,0.000,2.059,2.061,2.057,0.244,0.241,0.242,0.068,0.066,0.066,0.977,0.981,0.977,0.000,0.000,0.013,1.195,1.191,1.191,0.014,0.015,0.013,1.232,1.237,1.233,0.000,0.000,0.013,0.277,0.270,0.279,0.000,0.000,0.000,0.167,0.168,0.165,0.000,0.000,0.000,0.211,0.216,0.216,0.000,0.000,0.000,0.063,0.069,0.064,0.000,0.000,0.000,0.215,0.220,0.217,0.000,0.000,0.000,0.107,0.114,0.108,0.015,0.000,0.013,0.014,0.027,0.000,0.066,0.066,0.063,0.060,0.068,0.064,0.085,0.088,0.091,0.074,0.073,0.072,0.101,0.100,0.098,0.097,0.084,0.094,0.146,0.149,0.140,0.071,0.077,0.072,0.111,0.107,0.113,0.056,0.055,0.061,0.060,0.066,0.065,0.085,0.083,0.083,0.055,0.047,0.051,0.064,0.061,0.067,0.000,0.000,0.000,0.109,0.108,0.110,0.000,0.000,0.000,0.015,0.028,0.028,0.000,0.000,0.000,0.061,0.062,0.062,0.000,0.000,0.000,0.000,0.000,0.000,0.000,0.000,0.000,0.000,0.000,0.000,0.000,0.000,0.000,0.000,0.000,0.000,0.000,0.000,0.000,0.000,0.000,0.000,0.000,0.000,0.013,0.000,0.000,0.000,0.000,0.000,0.000,0.044,0.029,0.015,0.000,0.000,0.000,0.000,0.000,0.000,0.000,0.000,0.000,0.000,0.000,0.000,0.000,0.000,0.000,0.000,0.000,0.000,0.000,0.000,0.000,0.000,0.000,0.000,0.000,0.000,0.000,0.000,0.000,0.000,0.000,0.000,0.000,0.000,0.000,0.000,0.000,0.000,0.000,0.000,0.000,0.000,0.000,0.000,0.000,0.000,0.000,0.000,0.000,0.000,0.000,0.000,0.000,0.000,0.000,0.000,0.000,0.059,0.059,0.060,0.000,0.000,0.000,0.087,0.083,0.089,0.000,0.000,0.000,0.094,0.096,0.094,0.000,0.000,0.000,0.146,0.141,0.141,0.000,0.000,0.000,0.103,0.104,0.106,0.013,0.013,0.000,0.056,0.062,0.064,0.000,0.000,0.000,0.050,0.045,0.045,0.000,0.000,0.000,0.000,0.000,0.000,0.000,0.000,0.000,0.000,0.000,0.000,0.000,0.000,0.000,0.000,0.000,0.000,0.000,0.000,0.000,0.000,0.000,0.000,0.000,0.000,0.000,0.000,0.000,0.000,0.000,0.000,0.000,0.000,0.000,0.000,0.000,0.000,0.000,0.000,0.000,0.000,0.000,0.000,0.000,0.000,0.000,0.000
2025-07-06 22:56:53,238.798,238.753,238.744,0.000,0.000,0.000,2.060,2.058,2.054,0.238,0.246,0.238,0.039,0.036,0.018,0.977,0.976,0.980,0.016,0.013,0.000,1.192,1.189,1.183,0.000,0.029,0.013,1.237,1.235,1.234,0.000,0.000,0.000,0.280,0.280,0.279,0.000,0.000,0.000,0.166,0.161,0.170,0.000,0.000,0.000,0.222,0.218,0.217,0.000,0.000,0.000,0.061,0.069,0.067,0.000,0.000,0.000,0.216,0.215,0.214,0.000,0.000,0.000,0.112,0.111,0.109,0.000,0.000,0.000,0.013,0.014,0.000,0.065,0.063,0.063,0.066,0.070,0.066,0.087,0.097,0.085,0.074,0.086,0.077,0.101,0.100,0.096,0.096,0.085,0.103,0.141,0.148,0.143,0.070,0.080,0.071,0.113,0.110,0.115,0.059,0.063,0.069,0.064,0.059,0.065,0.084,0.076,0.081,0.052,0.053,0.059,0.066,0.063,0.058,0.000,0.016,0.000,0.111,0.109,0.112,0.000,0.000,0.000,0.029,0.028,0.014,0.000,0.000,0.000,0.063,0.065,0.065,0.000,0.000,0.000,0.000,0.000,0.000,0.000,0.000,0.000,0.000,0.000,0.000,0.000,0.000,0.000,0.000,0.000,0.000,0.000,0.000,0.000,0.013,0.013,0.000,0.000,0.013,0.000,0.013,0.000,0.000,0.000,0.000,0.000,0.027,0.000,0.000,0.000,0.000,0.000,0.000,0.000,0.000,0.000,0.000,0.000,0.000,0.000,0.000,0.000,0.000,0.000,0.000,0.000,0.000,0.000,0.000,0.000,0.000,0.000,0.000,0.000,0.000,0.000,0.000,0.000,0.000,0.000,0.000,0.000,0.000,0.000,0.000,0.000,0.000,0.000,0.000,0.000,0.000,0.000,0.000,0.000,0.000,0.000,0.000,0.000,0.000,0.000,0.000,0.000,0.000,0.000,0.000,0.000,0.058,0.060,0.060,0.000,0.000,0.000,0.086,0.092,0.086,0.000,0.000,0.000,0.093,0.094,0.089,0.000,0.026,0.000,0.139,0.144,0.143,0.000,0.000,0.000,0.106,0.108,0.105,0.000,0.000,0.000,0.057,0.060,0.062,0.000,0.000,0.000,0.048,0.049,0.049,0.000,0.000,0.000,0.000,0.000,0.000,0.000,0.000,0.000,0.000,0.000,0.000,0.000,0.000,0.000,0.000,0.000,0.000,0.000,0.000,0.000,0.000,0.000,0.000,0.000,0.000,0.000,0.000,0.000,0.000,0.000,0.000,0.000,0.000,0.000,0.000,0.000,0.000,0.000,0.000,0.000,0.000,0.000,0.000,0.000,0.000,0.000,0.000
2025-07-06 22:56:56,238.747,238.702,238.692,0.000,0.000,0.000,2.060,2.063,2.070,0.239,0.243,0.240,0.039,0.041,0.035,0.986,0.991,0.993,0.013,0.016,0.000,1.197,1.196,1.204,0.000,0.000,0.000,1.230,1.234,1.236,0.000,0.000,0.000,0.275,0.272,0.274,0.000,0.000,0.000,0.157,0.159,0.157,0.000,0.000,0.000,0.215,0.215,0.215,0.000,0.000,0.000,0.059,0.058,0.052,0.000,0.000,0.000,0.207,0.207,0.211,0.000,0.000,0.000,0.111,0.110,0.107,0.000,0.000,0.000,0.013,0.000,0.000,0.070,0.064,0.068,0.059,0.065,0.053,0.088,0.089,0.086,0.073,0.075,0.073,0.104,0.099,0.101,0.088,0.086,0.094,0.146,0.146,0.142,0.067,0.070,0.065,0.112,0.110,0.113,0.059,0.057,0.063,0.067,0.059,0.063,0.088,0.075,0.081,0.051,0.051,0.054,0.061,0.061,0.062,0.000,0.013,0.000,0.109,0.108,0.106,0.000,0.000,0.000,0.015,0.045,0.042,0.000,0.000,0.000,0.059,0.066,0.065,0.000,0.000,0.000,0.000,0.000,0.000,0.000,0.000,0.000,0.000,0.000,0.000,0.000,0.000,0.000,0.000,0.000,0.000,0.000,0.000,0.000,0.000,0.000,0.014,0.000,0.013,0.000,0.000,0.000,0.000,0.000,0.000,0.000,0.014,0.032,0.013,0.000,0.000,0.000,0.000,0.000,0.000,0.000,0.000,0.000,0.000,0.000,0.000,0.000,0.000,0.000,0.000,0.000,0.000,0.000,0.000,0.000,0.000,0.000,0.000,0.000,0.000,0.000,0.000,0.000,0.000,0.000,0.000,0.000,0.000,0.000,0.000,0.000,0.000,0.000,0.000,0.000,0.000,0.000,0.000,0.000,0.000,0.000,0.000,0.000,0.000,0.000,0.000,0.000,0.000,0.000,0.000,0.000,0.058,0.062,0.062,0.000,0.000,0.000,0.086,0.087,0.084,0.000,0.000,0.000,0.095,0.095,0.093,0.000,0.000,0.013,0.141,0.144,0.142,0.000,0.000,0.000,0.105,0.105,0.104,0.000,0.000,0.000,0.056,0.058,0.061,0.000,0.000,0.000,0.048,0.044,0.044,0.000,0.000,0.000,0.000,0.000,0.000,0.000,0.000,0.000,0.000,0.000,0.000,0.000,0.000,0.000,0.000,0.000,0.000,0.000,0.000,0.000,0.000,0.000,0.000,0.000,0.000,0.000,0.000,0.000,0.000,0.000,0.000,0.000,0.000,0.000,0.000,0.000,0.000,0.000,0.000,0.000,0.000,0.000,0.000,0.000,0.000,0.000,0.000
2025-07-06 22:56:59,238.623,238.578,238.569,0.000,0.000,0.000,2.073,2.078,2.074,0.240,0.238,0.236,0.053,0.020,0.035,1.020,1.022,1.020,0.000,0.013,0.000,1.208,1.211,1.207,0.000,0.000,0.000,1.221,1.225,1.223,0.000,0.000,0.000,0.259,0.261,0.257,0.000,0.000,0.000,0.151,0.147,0.145,0.000,0.000,0.000,0.205,0.202,0.205,0.000,0.000,0.000,0.066,0.066,0.068,0.000,0.000,0.000,0.202,0.213,0.210,0.000,0.000,0.000,0.116,0.111,0.118,0.000,0.028,0.013,0.014,0.000,0.000,0.068,0.061,0.063,0.062,0.057,0.053,0.092,0.095,0.084,0.072,0.070,0.068,0.096,0.093,0.099,0.076,0.087,0.090,0.150,0.143,0.145,0.060,0.065,0.060,0.105,0.108,0.111,0.050,0.064,0.062,0.065,0.055,0.067,0.085,0.080,0.087,0.047,0.059,0.051,0.062,0.061,0.063,0.000,0.000,0.000,0.106,0.104,0.107,0.000,0.000,0.000,0.013,0.030,0.014,0.000,0.000,0.000,0.055,0.066,0.064,0.000,0.000,0.000,0.000,0.000,0.000,0.000,0.000,0.000,0.000,0.000,0.000,0.000,0.000,0.000,0.000,0.000,0.000,0.000,0.000,0.000,0.014,0.000,0.013,0.014,0.000,0.000,0.000,0.000,0.000,0.000,0.000,0.000,0.029,0.016,0.000,0.000,0.000,0.000,0.000,0.000,0.000,0.000,0.000,0.000,0.000,0.000,0.000,0.000,0.000,0.000,0.000,0.000,0.000,0.000,0.000,0.000,0.000,0.000,0.000,0.000,0.000,0.000,0.000,0.000,0.000,0.000,0.000,0.000,0.000,0.000,0.000,0.000,0.000,0.000,0.000,0.000,0.000,0.000,0.000,0.000,0.000,0.000,0.000,0.000,0.000,0.000,0.000,0.000,0.000,0.000,0.000,0.000,0.060,0.060,0.056,0.000,0.000,0.000,0.090,0.089,0.083,0.000,0.000,0.000,0.089,0.090,0.091,0.000,0.000,0.000,0.144,0.143,0.145,0.000,0.000,0.000,0.101,0.102,0.101,0.000,0.000,0.000,0.060,0.056,0.062,0.000,0.000,0.000,0.046,0.047,0.046,0.000,0.000,0.000,0.000,0.000,0.000,0.000,0.000,0.000,0.000,0.000,0.000,0.000,0.000,0.000,0.000,0.000,0.000,0.000,0.000,0.000,0.000,0.000,0.000,0.000,0.000,0.000,0.000,0.000,0.000,0.000,0.000,0.000,0.000,0.000,0.000,0.000,0.000,0.000,0.000,0.000,0.000,0.000,0.000,0.000,0.000,0.000,0.000
2025-07-06 22:57:02,238.725,238.681,238.671,0.000,0.000,0.000,2.085,2.085,2.081,0.239,0.240,0.239,0.014,0.014,0.029,1.033,1.033,1.037,0.000,0.000,0.014,1.216,1.218,1.211,0.000,0.000,0.000,1.223,1.222,1.219,0.000,0.000,0.000,0.253,0.253,0.248,0.000,0.000,0.000,0.142,0.144,0.149,0.000,0.000,0.000,0.203,0.202,0.200,0.000,0.000,0.000,0.074,0.071,0.068,0.000,0.000,0.000,0.214,0.211,0.211,0.000,0.000,0.000,0.115,0.115,0.113,0.000,0.000,0.000,0.027,0.000,0.016,0.067,0.066,0.065,0.057,0.059,0.059,0.094,0.089,0.087,0.062,0.068,0.065,0.098,0.100,0.100,0.076,0.083,0.084,0.149,0.145,0.147,0.061,0.059,0.061,0.106,0.106,0.106,0.051,0.058,0.051,0.064,0.059,0.064,0.087,0.085,0.088,0.046,0.048,0.050,0.066,0.067,0.063,0.000,0.000,0.000,0.108,0.111,0.113,0.000,0.000,0.000,0.029,0.016,0.027,0.000,0.000,0.000,0.064,0.065,0.070,0.000,0.000,0.000,0.000,0.000,0.000,0.000,0.000,0.000,0.000,0.000,0.000,0.000,0.000,0.000,0.000,0.000,0.000,0.000,0.000,0.000,0.000,0.000,0.014,0.013,0.000,0.000,0.000,0.000,0.000,0.000,0.000,0.000,0.000,0.014,0.014,0.000,0.000,0.000,0.000,0.000,0.000,0.000,0.000,0.000,0.000,0.000,0.000,0.000,0.000,0.000,0.000,0.000,0.000,0.000,0.000,0.000,0.000,0.000,0.000,0.000,0.000,0.000,0.000,0.000,0.000,0.000,0.000,0.000,0.000,0.000,0.000,0.000,0.000,0.000,0.000,0.000,0.000,0.000,0.000,0.000,0.000,0.000,0.000,0.000,0.000,0.000,0.000,0.000,0.000,0.000,0.000,0.000,0.062,0.064,0.058,0.000,0.000,0.000,0.090,0.088,0.087,0.000,0.000,0.000,0.090,0.095,0.092,0.014,0.000,0.000,0.141,0.145,0.144,0.000,0.000,0.000,0.104,0.099,0.101,0.000,0.000,0.013,0.060,0.057,0.057,0.000,0.000,0.000,0.045,0.045,0.049,0.000,0.000,0.000,0.000,0.000,0.000,0.000,0.000,0.000,0.000,0.000,0.000,0.000,0.000,0.000,0.000,0.000,0.000,0.000,0.000,0.000,0.000,0.000,0.000,0.000,0.000,0.000,0.000,0.000,0.000,0.000,0.000,0.000,0.000,0.000,0.000,0.000,0.000,0.000,0.000,0.000,0.000,0.000,0.000,0.000,0.000,0.000,0.000
2025-07-06 22:57:05,238.753,238.709,238.699,0.000,0.000,0.000,2.073,2.081,2.070,0.237,0.243,0.246,0.089,0.074,0.083,1.023,1.033,1.018,0.000,0.029,0.013,1.208,1.208,1.208,0.000,0.000,0.000,1.217,1.220,1.217,0.000,0.014,0.000,0.253,0.256,0.254,0.000,0.000,0.000,0.148,0.145,0.144,0.000,0.000,0.000,0.202,0.200,0.200,0.000,0.000,0.000,0.067,0.067,0.068,0.000,0.000,0.000,0.205,0.210,0.210,0.000,0.000,0.000,0.118,0.116,0.113,0.000,0.000,0.000,0.014,0.027,0.027,0.064,0.064,0.068,0.065,0.057,0.062,0.093,0.088,0.092,0.075,0.078,0.078,0.095,0.099,0.101,0.072,0.089,0.074,0.146,0.142,0.151,0.065,0.069,0.072,0.104,0.115,0.106,0.054,0.061,0.052,0.056,0.062,0.064,0.089,0.085,0.084,0.053,0.052,0.047,0.069,0.064,0.060,0.013,0.000,0.013,0.112,0.112,0.110,0.000,0.000,0.000,0.013,0.013,0.000,0.000,0.000,0.000,0.064,0.065,0.065,0.000,0.013,0.000,0.000,0.000,0.000,0.000,0.000,0.000,0.000,0.000,0.000,0.000,0.000,0.000,0.000,0.000,0.000,0.000,0.000,0.000,0.000,0.000,0.027,0.000,0.000,0.000,0.000,0.000,0.000,0.000,0.000,0.000,0.029,0.032,0.046,0.000,0.013,0.000,0.000,0.000,0.000,0.000,0.000,0.000,0.000,0.000,0.000,0.000,0.000,0.000,0.000,0.000,0.000,0.000,0.000,0.000,0.000,0.000,0.000,0.000,0.000,0.000,0.000,0.000,0.000,0.000,0.000,0.000,0.000,0.000,0.000,0.000,0.000,0.000,0.000,0.000,0.000,0.000,0.000,0.000,0.000,0.000,0.000,0.000,0.000,0.000,0.000,0.000,0.000,0.000,0.000,0.000,0.060,0.059,0.061,0.000,0.000,0.000,0.088,0.088,0.088,0.000,0.000,0.000,0.089,0.093,0.094,0.000,0.000,0.026,0.143,0.142,0.145,0.000,0.000,0.000,0.099,0.108,0.104,0.000,0.000,0.000,0.055,0.054,0.061,0.000,0.000,0.000,0.048,0.049,0.033,0.000,0.000,0.000,0.000,0.000,0.000,0.000,0.000,0.000,0.000,0.000,0.000,0.000,0.000,0.000,0.000,0.000,0.000,0.000,0.000,0.000,0.000,0.000,0.000,0.000,0.000,0.000,0.000,0.000,0.000,0.000,0.000,0.000,0.000,0.000,0.000,0.000,0.000,0.000,0.000,0.000,0.000,0.000,0.000,0.000,0.000,0.000,0.000
2025-07-06 22:57:08,238.770,238.724,238.715,0.000,0.000,0.000,2.077,2.081,2.079,0.246,0.240,0.239,0.078,0.067,0.070,1.003,1.003,1.005,0.013,0.000,0.029,1.208,1.219,1.213,0.000,0.030,0.000,1.236,1.232,1.233,0.000,0.000,0.014,0.264,0.265,0.267,0.000,0.000,0.000,0.154,0.154,0.146,0.000,0.000,0.000,0.206,0.202,0.210,0.000,0.000,0.000,0.058,0.060,0.065,0.000,0.000,0.000,0.210,0.209,0.212,0.000,0.000,0.000,0.111,0.116,0.114,0.013,0.000,0.000,0.000,0.014,0.000,0.070,0.067,0.062,0.052,0.054,0.051,0.091,0.089,0.089,0.082,0.081,0.081,0.098,0.101,0.099,0.091,0.084,0.083,0.141,0.150,0.144,0.078,0.077,0.078,0.111,0.108,0.109,0.064,0.056,0.065,0.062,0.062,0.056,0.074,0.074,0.069,0.055,0.049,0.053,0.064,0.059,0.060,0.000,0.000,0.000,0.104,0.107,0.103,0.000,0.000,0.000,0.029,0.027,0.042,0.000,0.000,0.000,0.067,0.068,0.070,0.000,0.000,0.000,0.000,0.000,0.000,0.000,0.000,0.000,0.000,0.000,0.000,0.000,0.000,0.000,0.000,0.000,0.000,0.000,0.000,0.000,0.000,0.000,0.000,0.000,0.014,0.000,0.000,0.000,0.000,0.000,0.000,0.000,0.036,0.022,0.032,0.014,0.000,0.000,0.000,0.000,0.000,0.000,0.000,0.000,0.000,0.000,0.000,0.000,0.000,0.000,0.000,0.000,0.000,0.000,0.000,0.000,0.000,0.000,0.000,0.000,0.000,0.000,0.000,0.000,0.000,0.000,0.000,0.000,0.000,0.000,0.000,0.000,0.000,0.000,0.000,0.000,0.000,0.000,0.000,0.000,0.000,0.000,0.000,0.000,0.000,0.000,0.000,0.000,0.000,0.000,0.000,0.000,0.066,0.060,0.059,0.000,0.000,0.000,0.089,0.087,0.085,0.000,0.000,0.000,0.092,0.093,0.094,0.013,0.014,0.013,0.141,0.141,0.143,0.000,0.000,0.000,0.104,0.104,0.100,0.000,0.000,0.000,0.061,0.053,0.054,0.000,0.000,0.000,0.046,0.050,0.045,0.000,0.000,0.000,0.000,0.000,0.000,0.000,0.000,0.000,0.000,0.000,0.000,0.000,0.000,0.000,0.000,0.000,0.000,0.000,0.000,0.000,0.000,0.000,0.000,0.000,0.000,0.000,0.000,0.000,0.000,0.000,0.000,0.000,0.000,0.000,0.000,0.000,0.000,0.000,0.000,0.000,0.000,0.000,0.000,0.000,0.000,0.000,0.000
2025-07-06 22:57:11,238.614,238.569,238.558,0.000,0.000,0.000,2.099,2.105,2.096,0.240,0.245,0.241,0.079,0.071,0.066,1.029,1.040,1.029,0.019,0.016,0.011,1.225,1.231,1.224,0.030,0.012,0.027,1.234,1.230,1.231,0.030,0.000,0.012,0.261,0.258,0.255,0.000,0.000,0.000,0.145,0.143,0.148,0.000,0.000,0.000,0.207,0.207,0.203,0.000,0.000,0.000,0.064,0.068,0.067,0.000,0.000,0.000,0.218,0.224,0.219,0.000,0.000,0.000,0.115,0.115,0.115,0.000,0.000,0.000,0.032,0.010,0.028,0.068,0.069,0.066,0.064,0.062,0.061,0.089,0.091,0.087,0.066,0.068,0.070,0.099,0.099,0.103,0.078,0.078,0.087,0.148,0.145,0.148,0.068,0.072,0.070,0.107,0.110,0.106,0.052,0.056,0.059,0.070,0.061,0.063,0.072,0.072,0.067,0.048,0.051,0.033,0.061,0.059,0.058,0.000,0.016,0.000,0.102,0.109,0.107,0.000,0.000,0.000,0.032,0.043,0.032,0.000,0.000,0.000,0.069,0.072,0.073,0.000,0.000,0.000,0.000,0.000,0.000,0.000,0.000,0.000,0.000,0.000,0.000,0.000,0.000,0.000,0.000,0.000,0.000,0.000,0.000,0.000,0.017,0.029,0.027,0.016,0.000,0.000,0.000,0.000,0.000,0.000,0.000,0.000,0.044,0.033,0.039,0.000,0.000,0.000,0.000,0.000,0.000,0.000,0.000,0.000,0.000,0.000,0.000,0.000,0.000,0.000,0.000,0.000,0.000,0.000,0.000,0.000,0.000,0.000,0.000,0.000,0.000,0.000,0.000,0.000,0.000,0.000,0.000,0.000,0.000,0.000,0.000,0.000,0.000,0.000,0.000,0.000,0.000,0.000,0.000,0.000,0.000,0.000,0.000,0.000,0.000,0.000,0.013,0.000,0.000,0.000,0.000,0.000,0.060,0.067,0.063,0.000,0.000,0.000,0.086,0.089,0.085,0.000,0.000,0.000,0.092,0.095,0.094,0.000,0.000,0.013,0.140,0.144,0.143,0.000,0.000,0.000,0.101,0.104,0.098,0.000,0.000,0.000,0.057,0.060,0.059,0.000,0.000,0.000,0.046,0.043,0.029,0.000,0.000,0.000,0.000,0.000,0.000,0.000,0.000,0.000,0.000,0.000,0.000,0.000,0.000,0.000,0.000,0.000,0.000,0.000,0.000,0.000,0.000,0.000,0.000,0.000,0.000,0.000,0.000,0.000,0.000,0.000,0.000,0.000,0.000,0.000,0.000,0.000,0.000,0.000,0.000,0.000,0.000,0.000,0.000,0.000,0.000,0.000,0.000
2025-07-06 22:57:14,238.520,238.476,238.465,0.000,0.000,0.000,2.121,2.126,2.120,0.243,0.241,0.234,0.060,0.056,0.064,1.074,1.088,1.076,0.000,0.013,0.014,1.233,1.228,1.229,0.013,0.016,0.000,1.223,1.228,1.226,0.000,0.000,0.000,0.259,0.251,0.255,0.000,0.000,0.000,0.148,0.147,0.147,0.000,0.000,0.000,0.217,0.219,0.209,0.000,0.000,0.000,0.073,0.071,0.081,0.000,0.000,0.000,0.237,0.241,0.235,0.000,0.000,0.000,0.108,0.106,0.108,0.013,0.000,0.000,0.000,0.000,0.000,0.068,0.066,0.062,0.055,0.055,0.054,0.091,0.091,0.091,0.065,0.070,0.072,0.100,0.101,0.094,0.080,0.085,0.079,0.145,0.146,0.147,0.070,0.070,0.076,0.110,0.108,0.102,0.058,0.054,0.059,0.060,0.065,0.063,0.069,0.073,0.067,0.055,0.051,0.053,0.064,0.062,0.060,0.000,0.000,0.000,0.102,0.103,0.104,0.000,0.000,0.000,0.032,0.000,0.042,0.000,0.000,0.013,0.071,0.064,0.071,0.000,0.000,0.000,0.000,0.000,0.000,0.000,0.000,0.000,0.000,0.000,0.000,0.000,0.000,0.000,0.000,0.000,0.000,0.000,0.000,0.000,0.013,0.000,0.000,0.013,0.000,0.000,0.000,0.000,0.000,0.000,0.000,0.000,0.013,0.028,0.000,0.000,0.000,0.000,0.000,0.000,0.000,0.000,0.000,0.000,0.000,0.000,0.000,0.000,0.000,0.000,0.000,0.000,0.000,0.000,0.000,0.000,0.000,0.000,0.000,0.000,0.000,0.000,0.000,0.000,0.000,0.000,0.000,0.000,0.000,0.000,0.000,0.000,0.000,0.000,0.000,0.000,0.000,0.000,0.000,0.000,0.000,0.000,0.000,0.000,0.000,0.000,0.000,0.000,0.000,0.000,0.000,0.000,0.064,0.059,0.055,0.000,0.000,0.000,0.088,0.088,0.088,0.000,0.000,0.000,0.094,0.094,0.089,0.013,0.000,0.000,0.145,0.142,0.143,0.000,0.000,0.000,0.100,0.103,0.099,0.013,0.000,0.000,0.059,0.060,0.061,0.000,0.000,0.000,0.047,0.049,0.047,0.000,0.000,0.000,0.000,0.000,0.000,0.000,0.000,0.000,0.000,0.000,0.000,0.000,0.000,0.000,0.000,0.000,0.000,0.000,0.000,0.000,0.000,0.000,0.000,0.000,0.000,0.000,0.000,0.000,0.000,0.000,0.000,0.000,0.000,0.000,0.000,0.000,0.000,0.000,0.000,0.000,0.000,0.000,0.000,0.000,0.000,0.000,0.000
2025-07-06 22:57:17,238.169,238.124,238.114,0.000,0.000,0.000,2.125,2.125,2.124,0.242,0.242,0.242,0.057,0.056,0.056,1.090,1.086,1.091,0.000,0.013,0.014,1.224,1.226,1.220,0.000,0.000,0.027,1.225,1.227,1.227,0.000,0.000,0.000,0.258,0.255,0.253,0.000,0.000,0.000,0.144,0.148,0.152,0.000,0.000,0.000,0.219,0.219,0.216,0.000,0.000,0.000,0.081,0.081,0.083,0.000,0.000,0.000,0.250,0.247,0.250,0.000,0.000,0.000,0.092,0.094,0.089,0.000,0.000,0.027,0.000,0.000,0.000,0.066,0.068,0.066,0.056,0.057,0.054,0.087,0.088,0.085,0.072,0.080,0.075,0.103,0.099,0.100,0.087,0.076,0.085,0.150,0.144,0.144,0.072,0.074,0.069,0.110,0.107,0.109,0.055,0.059,0.059,0.062,0.059,0.061,0.066,0.070,0.068,0.050,0.053,0.052,0.063,0.062,0.063,0.000,0.000,0.000,0.101,0.100,0.100,0.000,0.000,0.000,0.028,0.028,0.042,0.000,0.000,0.000,0.073,0.072,0.069,0.000,0.000,0.000,0.000,0.000,0.000,0.000,0.000,0.000,0.000,0.000,0.000,0.000,0.000,0.000,0.000,0.000,0.000,0.000,0.000,0.000,0.000,0.014,0.000,0.000,0.000,0.000,0.000,0.000,0.000,0.000,0.000,0.000,0.035,0.059,0.036,0.000,0.000,0.000,0.000,0.000,0.000,0.000,0.000,0.000,0.000,0.000,0.000,0.000,0.000,0.000,0.000,0.000,0.000,0.000,0.000,0.000,0.000,0.000,0.000,0.000,0.000,0.000,0.000,0.000,0.000,0.000,0.000,0.000,0.000,0.000,0.000,0.000,0.000,0.000,0.000,0.000,0.000,0.000,0.000,0.000,0.000,0.000,0.000,0.000,0.000,0.000,0.000,0.000,0.013,0.000,0.000,0.000,0.057,0.063,0.061,0.000,0.000,0.000,0.084,0.084,0.085,0.000,0.000,0.000,0.097,0.093,0.093,0.013,0.000,0.000,0.145,0.141,0.142,0.000,0.000,0.000,0.101,0.101,0.104,0.000,0.000,0.000,0.054,0.056,0.058,0.000,0.000,0.000,0.049,0.046,0.046,0.000,0.000,0.000,0.000,0.000,0.000,0.000,0.000,0.000,0.000,0.000,0.000,0.000,0.000,0.000,0.000,0.000,0.000,0.000,0.000,0.000,0.000,0.000,0.000,0.000,0.000,0.000,0.000,0.000,0.000,0.000,0.000,0.000,0.000,0.000,0.000,0.000,0.000,0.000,0.000,0.000,0.000,0.000,0.000,0.000,0.000,0.000,0.000
2025-07-06 22:57:20,237.909,237.864,237.854,0.000,0.000,0.000,2.117,2.120,2.117,0.238,0.237,0.247,0.045,0.047,0.048,1.107,1.112,1.119,0.030,0.031,0.017,1.209,1.207,1.200,0.013,0.014,0.000,1.207,1.212,1.205,0.000,0.000,0.000,0.257,0.259,0.260,0.000,0.000,0.000,0.160,0.159,0.159,0.000,0.000,0.000,0.227,0.219,0.226,0.000,0.000,0.000,0.071,0.075,0.068,0.000,0.000,0.000,0.259,0.251,0.259,0.000,0.000,0.000,0.077,0.080,0.071,0.027,0.000,0.000,0.000,0.013,0.013,0.065,0.063,0.066,0.061,0.050,0.053,0.096,0.089,0.095,0.076,0.076,0.078,0.096,0.099,0.098,0.080,0.087,0.078,0.143,0.148,0.151,0.067,0.067,0.069,0.107,0.107,0.106,0.061,0.058,0.055,0.053,0.060,0.062,0.072,0.070,0.070,0.049,0.051,0.050,0.061,0.059,0.059,0.013,0.000,0.000,0.099,0.099,0.101,0.000,0.000,0.000,0.013,0.015,0.000,0.000,0.000,0.000,0.065,0.066,0.070,0.000,0.000,0.000,0.000,0.000,0.000,0.000,0.000,0.000,0.000,0.000,0.000,0.000,0.000,0.000,0.000,0.000,0.000,0.000,0.000,0.000,0.000,0.000,0.000,0.000,0.000,0.000,0.000,0.000,0.000,0.000,0.000,0.000,0.000,0.000,0.034,0.000,0.000,0.000,0.000,0.000,0.000,0.000,0.000,0.000,0.000,0.000,0.000,0.000,0.000,0.000,0.000,0.000,0.000,0.000,0.000,0.000,0.000,0.000,0.000,0.000,0.000,0.000,0.000,0.000,0.000,0.000,0.000,0.000,0.000,0.000,0.000,0.000,0.000,0.000,0.000,0.000,0.000,0.000,0.000,0.000,0.000,0.000,0.000,0.000,0.000,0.000,0.000,0.000,0.000,0.000,0.000,0.000,0.063,0.059,0.063,0.000,0.000,0.000,0.092,0.089,0.090,0.000,0.000,0.000,0.091,0.092,0.093,0.000,0.000,0.000,0.142,0.144,0.146,0.000,0.000,0.000,0.100,0.099,0.104,0.013,0.013,0.000,0.053,0.055,0.062,0.000,0.000,0.000,0.044,0.045,0.047,0.000,0.000,0.000,0.000,0.000,0.000,0.000,0.000,0.000,0.000,0.000,0.000,0.000,0.000,0.000,0.000,0.000,0.000,0.000,0.000,0.000,0.000,0.000,0.000,0.000,0.000,0.000,0.000,0.000,0.000,0.000,0.000,0.000,0.000,0.000,0.000,0.000,0.000,0.000,0.000,0.000,0.000,0.000,0.000,0.000,0.000,0.000,0.000
2025-07-06 22:57:23,237.247,237.203,237.193,0.000,0.000,0.000,2.329,2.251,2.275,0.253,0.258,0.250,0.050,0.014,0.046,1.325,1.257,1.281,0.000,0.016,0.034,1.337,1.288,1.301,0.000,0.000,0.000,1.233,1.202,1.210,0.000,0.000,0.000,0.270,0.283,0.266,0.000,0.000,0.000,0.160,0.176,0.180,0.000,0.000,0.000,0.218,0.211,0.230,0.000,0.000,0.000,0.070,0.069,0.060,0.000,0.000,0.000,0.282,0.290,0.287,0.000,0.017,0.000,0.075,0.082,0.092,0.031,0.016,0.014,0.014,0.019,0.016,0.068,0.079,0.069,0.080,0.098,0.083,0.096,0.088,0.090,0.063,0.081,0.066,0.097,0.103,0.101,0.081,0.065,0.086,0.143,0.143,0.141,0.084,0.096,0.076,0.108,0.099,0.101,0.092,0.076,0.094,0.061,0.069,0.063,0.052,0.063,0.052,0.053,0.047,0.056,0.036,0.055,0.053,0.000,0.000,0.000,0.103,0.105,0.090,0.000,0.000,0.000,0.058,0.053,0.055,0.000,0.000,0.000,0.076,0.076,0.074,0.000,0.000,0.000,0.000,0.000,0.000,0.000,0.000,0.000,0.000,0.000,0.000,0.000,0.000,0.000,0.000,0.000,0.000,0.000,0.000,0.000,0.000,0.000,0.015,0.000,0.000,0.000,0.000,0.000,0.000,0.000,0.000,0.000,0.055,0.044,0.040,0.014,0.017,0.021,0.028,0.022,0.019,0.000,0.020,0.014,0.000,0.018,0.015,0.000,0.000,0.000,0.000,0.014,0.000,0.000,0.000,0.000,0.000,0.000,0.000,0.000,0.014,0.000,0.000,0.000,0.000,0.000,0.015,0.000,0.000,0.000,0.000,0.000,0.000,0.000,0.000,0.016,0.000,0.000,0.000,0.000,0.000,0.017,0.000,0.000,0.014,0.000,0.030,0.015,0.000,0.000,0.000,0.000,0.064,0.071,0.066,0.000,0.014,0.000,0.094,0.085,0.086,0.000,0.000,0.000,0.091,0.097,0.097,0.000,0.013,0.014,0.145,0.136,0.141,0.000,0.000,0.000,0.098,0.096,0.095,0.014,0.000,0.000,0.058,0.062,0.061,0.000,0.000,0.000,0.045,0.031,0.045,0.000,0.000,0.000,0.000,0.000,0.000,0.000,0.000,0.000,0.000,0.000,0.000,0.000,0.000,0.000,0.000,0.000,0.000,0.000,0.000,0.000,0.000,0.000,0.000,0.000,0.000,0.000,0.000,0.000,0.000,0.000,0.000,0.000,0.000,0.000,0.000,0.000,0.000,0.000,0.000,0.000,0.000,0.000,0.000,0.000,0.000,0.000,0.000
2025-07-06 22:57:26,236.954,236.910,236.900,0.000,0.000,0.000,2.159,2.178,2.167,0.242,0.245,0.239,0.069,0.064,0.062,1.189,1.215,1.204,0.032,0.045,0.047,1.230,1.230,1.227,0.013,0.000,0.028,1.172,1.177,1.171,0.000,0.027,0.013,0.233,0.238,0.228,0.000,0.000,0.000,0.193,0.196,0.200,0.000,0.000,0.000,0.264,0.269,0.271,0.000,0.000,0.000,0.079,0.069,0.075,0.000,0.000,0.000,0.233,0.243,0.240,0.000,0.000,0.013,0.108,0.110,0.109,0.000,0.000,0.000,0.058,0.038,0.056,0.078,0.075,0.076,0.031,0.043,0.028,0.081,0.084,0.081,0.016,0.030,0.029,0.098,0.106,0.100,0.092,0.083,0.098,0.143,0.147,0.137,0.092,0.093,0.087,0.091,0.093,0.089,0.066,0.065,0.073,0.081,0.077,0.076,0.056,0.053,0.057,0.056,0.057,0.055,0.084,0.082,0.095,0.027,0.014,0.000,0.114,0.107,0.111,0.000,0.000,0.000,0.014,0.029,0.030,0.000,0.013,0.000,0.076,0.076,0.078,0.000,0.000,0.000,0.000,0.000,0.000,0.000,0.000,0.000,0.000,0.000,0.000,0.000,0.000,0.000,0.000,0.000,0.000,0.000,0.000,0.000,0.000,0.000,0.000,0.000,0.000,0.000,0.000,0.000,0.000,0.000,0.000,0.000,0.051,0.051,0.051,0.000,0.000,0.028,0.000,0.000,0.000,0.000,0.000,0.000,0.000,0.000,0.000,0.000,0.000,0.000,0.000,0.000,0.000,0.000,0.000,0.000,0.000,0.000,0.000,0.000,0.000,0.000,0.000,0.000,0.000,0.000,0.000,0.000,0.000,0.000,0.000,0.000,0.000,0.000,0.000,0.000,0.000,0.000,0.000,0.000,0.013,0.000,0.000,0.000,0.000,0.000,0.000,0.000,0.013,0.000,0.000,0.000,0.067,0.072,0.068,0.000,0.000,0.000,0.080,0.076,0.080,0.000,0.000,0.000,0.089,0.103,0.091,0.000,0.014,0.000,0.141,0.140,0.137,0.000,0.000,0.000,0.084,0.087,0.082,0.028,0.000,0.015,0.075,0.073,0.073,0.000,0.000,0.000,0.051,0.051,0.047,0.000,0.000,0.000,0.000,0.000,0.000,0.000,0.000,0.000,0.000,0.000,0.000,0.000,0.000,0.000,0.000,0.000,0.000,0.000,0.000,0.000,0.000,0.000,0.000,0.000,0.000,0.000,0.000,0.000,0.000,0.000,0.000,0.000,0.000,0.000,0.000,0.000,0.000,0.000,0.000,0.000,0.000,0.000,0.000,0.000,0.000,0.000,0.000
2025-07-06 22:57:29,236.787,236.742,236.733,0.000,0.000,0.000,2.168,2.167,2.167,0.256,0.258,0.255,0.090,0.085,0.074,1.199,1.199,1.196,0.045,0.054,0.050,1.217,1.213,1.216,0.014,0.033,0.000,1.177,1.176,1.178,0.027,0.030,0.031,0.247,0.249,0.251,0.000,0.000,0.000,0.214,0.214,0.214,0.000,0.000,0.000,0.258,0.255,0.252,0.000,0.000,0.000,0.053,0.042,0.052,0.000,0.000,0.000,0.259,0.267,0.274,0.000,0.000,0.000,0.125,0.127,0.121,0.014,0.014,0.014,0.055,0.054,0.050,0.083,0.079,0.088,0.071,0.070,0.067,0.082,0.083,0.085,0.059,0.065,0.066,0.102,0.097,0.110,0.099,0.103,0.110,0.147,0.146,0.134,0.056,0.066,0.063,0.083,0.086,0.093,0.063,0.075,0.072,0.083,0.079,0.080,0.088,0.082,0.084,0.059,0.067,0.052,0.079,0.074,0.070,0.013,0.015,0.000,0.098,0.096,0.097,0.000,0.013,0.000,0.033,0.047,0.032,0.013,0.000,0.000,0.064,0.063,0.064,0.000,0.000,0.000,0.000,0.000,0.000,0.000,0.000,0.000,0.000,0.000,0.000,0.000,0.000,0.000,0.000,0.000,0.000,0.000,0.000,0.000,0.000,0.000,0.000,0.000,0.000,0.000,0.000,0.000,0.000,0.000,0.000,0.000,0.056,0.061,0.054,0.015,0.015,0.015,0.000,0.014,0.000,0.000,0.000,0.000,0.000,0.000,0.000,0.000,0.000,0.000,0.000,0.000,0.000,0.000,0.000,0.000,0.000,0.000,0.000,0.000,0.000,0.000,0.000,0.000,0.000,0.000,0.000,0.000,0.000,0.000,0.000,0.000,0.000,0.000,0.000,0.000,0.000,0.000,0.000,0.000,0.013,0.000,0.000,0.000,0.000,0.000,0.013,0.028,0.029,0.000,0.000,0.000,0.078,0.078,0.080,0.000,0.000,0.000,0.079,0.080,0.083,0.000,0.000,0.000,0.095,0.097,0.103,0.043,0.014,0.029,0.144,0.146,0.135,0.000,0.000,0.000,0.079,0.080,0.084,0.013,0.000,0.029,0.081,0.077,0.076,0.000,0.000,0.000,0.057,0.059,0.051,0.000,0.000,0.000,0.000,0.000,0.000,0.000,0.000,0.000,0.000,0.000,0.000,0.000,0.000,0.000,0.000,0.000,0.000,0.000,0.000,0.000,0.000,0.000,0.000,0.000,0.000,0.000,0.000,0.000,0.000,0.000,0.000,0.000,0.000,0.000,0.000,0.000,0.000,0.000,0.000,0.000,0.000,0.000,0.000,0.000,0.000,0.000,0.000
2025-07-06 22:57:32,236.672,236.627,236.618,0.000,0.000,0.000,3.170,3.529,4.113,6.309,5.106,9.754,1.590,1.434,2.426,1.480,1.721,1.702,0.426,0.611,0.713,1.310,1.390,1.429,0.231,0.273,0.557,1.213,1.244,1.287,0.122,0.284,0.365,0.314,0.425,0.445,0.115,0.206,0.312,0.230,0.322,0.361,0.089,0.188,0.295,0.271,0.349,0.363,0.106,0.144,0.268,0.114,0.175,0.264,0.090,0.128,0.239,0.256,0.304,0.368,0.086,0.134,0.238,0.127,0.187,0.255,0.076,0.128,0.212,0.075,0.129,0.208,0.115,0.157,0.222,0.106,0.139,0.198,0.098,0.158,0.209,0.102,0.124,0.188,0.113,0.155,0.198,0.109,0.142,0.196,0.134,0.184,0.204,0.082,0.128,0.159,0.095,0.152,0.146,0.082,0.121,0.129,0.088,0.137,0.148,0.100,0.119,0.129,0.077,0.112,0.109,0.074,0.122,0.115,0.055,0.085,0.087,0.103,0.145,0.126,0.047,0.070,0.084,0.049,0.098,0.085,0.051,0.075,0.101,0.074,0.113,0.105,0.038,0.065,0.106,0.040,0.062,0.100,0.041,0.066,0.110,0.040,0.063,0.111,0.041,0.065,0.112,0.041,0.062,0.101,0.045,0.060,0.107,0.040,0.065,0.104,0.046,0.068,0.110,0.046,0.065,0.084,1.182,0.414,1.547,5.916,4.700,9.029,1.019,0.879,1.559,0.455,0.724,0.776,0.613,0.700,0.665,0.225,0.299,0.813,0.615,0.375,0.769,0.152,0.398,0.674,0.153,0.307,0.396,0.146,0.224,0.344,0.149,0.214,0.309,0.089,0.197,0.328,0.133,0.201,0.274,0.129,0.171,0.313,0.095,0.133,0.251,0.088,0.130,0.248,0.149,0.183,0.258,0.095,0.146,0.296,0.107,0.137,0.233,0.068,0.131,0.240,0.065,0.107,0.198,0.111,0.161,0.208,0.063,0.109,0.201,0.112,0.155,0.205,0.068,0.090,0.186,0.124,0.142,0.184,0.095,0.115,0.194,0.145,0.191,0.215,0.074,0.104,0.149,0.095,0.150,0.156,0.064,0.083,0.134,0.093,0.144,0.134,0.059,0.087,0.127,0.078,0.111,0.114,0.058,0.084,0.109,0.046,0.091,0.098,0.077,0.094,0.087,0.047,0.092,0.108,0.045,0.064,0.088,0.043,0.079,0.090,0.059,0.078,0.093,0.036,0.080,0.108,0.038,0.060,0.100,0.040,0.062,0.102,0.039,0.064,0.107,0.042,0.062,0.108,0.039,0.061,0.112,0.043,0.059,0.095,0.041,0.061,0.102,0.040,0.062,0.100
2025-07-06 22:57:35,236.153,236.108,236.098,0.000,0.000,0.000,2.910,2.593,3.274,4.441,3.475,3.316,1.266,1.028,0.840,1.420,1.278,1.292,0.429,0.372,0.537,1.273,1.260,1.250,0.376,0.257,0.477,1.217,1.183,1.381,0.172,0.185,0.404,0.360,0.354,0.562,0.155,0.146,0.395,0.257,0.229,0.437,0.152,0.116,0.384,0.258,0.228,0.484,0.130,0.115,0.374,0.141,0.117,0.359,0.119,0.107,0.351,0.251,0.243,0.448,0.127,0.097,0.303,0.120,0.105,0.322,0.115,0.104,0.295,0.101,0.089,0.280,0.132,0.111,0.293,0.119,0.110,0.285,0.120,0.106,0.259,0.093,0.085,0.242,0.109,0.113,0.257,0.108,0.097,0.209,0.169,0.143,0.228,0.085,0.098,0.187,0.089,0.094,0.182,0.097,0.090,0.155,0.102,0.096,0.141,0.107,0.115,0.124,0.064,0.074,0.095,0.093,0.080,0.078,0.042,0.028,0.034,0.110,0.102,0.088,0.059,0.042,0.040,0.073,0.049,0.075,0.054,0.026,0.073,0.087,0.071,0.116,0.037,0.039,0.107,0.039,0.025,0.117,0.037,0.024,0.126,0.038,0.024,0.139,0.056,0.040,0.143,0.051,0.037,0.144,0.053,0.027,0.136,0.041,0.024,0.122,0.058,0.039,0.100,0.057,0.020,0.053,0.490,0.342,0.262,4.165,3.237,2.052,0.824,0.651,0.656,0.513,0.458,0.557,0.357,0.343,0.515,0.502,0.302,0.509,0.449,0.317,0.507,0.269,0.308,0.463,0.180,0.166,0.395,0.185,0.166,0.408,0.149,0.140,0.375,0.181,0.114,0.383,0.150,0.108,0.369,0.167,0.160,0.382,0.123,0.103,0.358,0.112,0.106,0.334,0.117,0.130,0.357,0.168,0.146,0.328,0.111,0.080,0.294,0.112,0.099,0.292,0.110,0.097,0.287,0.129,0.104,0.307,0.104,0.078,0.252,0.104,0.118,0.271,0.067,0.078,0.229,0.115,0.115,0.265,0.080,0.076,0.205,0.155,0.133,0.241,0.065,0.082,0.173,0.084,0.106,0.196,0.070,0.054,0.139,0.109,0.104,0.158,0.088,0.089,0.119,0.061,0.086,0.106,0.089,0.067,0.074,0.061,0.049,0.043,0.087,0.057,0.033,0.064,0.063,0.045,0.057,0.028,0.046,0.058,0.050,0.062,0.076,0.037,0.095,0.040,0.056,0.114,0.036,0.025,0.111,0.038,0.024,0.119,0.038,0.024,0.128,0.052,0.037,0.138,0.049,0.041,0.143,0.050,0.023,0.137,0.053,0.025,0.125,0.054,0.037,0.113
2025-07-06 22:57:38,235.939,235.895,235.886,0.000,0.000,0.000,2.668,2.568,2.845,4.060,3.094,4.003,1.176,0.881,1.223,1.276,1.220,1.370,0.455,0.341,0.484,1.233,1.283,1.294,0.277,0.255,0.370,1.197,1.227,1.220,0.256,0.168,0.165,0.385,0.337,0.361,0.147,0.118,0.181,0.213,0.209,0.229,0.164,0.132,0.132,0.260,0.242,0.265,0.125,0.104,0.136,0.162,0.138,0.159,0.127,0.126,0.126,0.215,0.217,0.208,0.119,0.090,0.145,0.126,0.124,0.159,0.111,0.094,0.120,0.107,0.091,0.104,0.147,0.119,0.129,0.100,0.092,0.114,0.113,0.105,0.103,0.092,0.079,0.097,0.129,0.112,0.115,0.104,0.098,0.105,0.144,0.144,0.150,0.095,0.096,0.099,0.086,0.089,0.099,0.083,0.093,0.085,0.091,0.102,0.108,0.119,0.098,0.120,0.068,0.077,0.056,0.086,0.072,0.091,0.078,0.045,0.065,0.113,0.103,0.111,0.061,0.043,0.052,0.070,0.071,0.078,0.049,0.041,0.066,0.082,0.071,0.081,0.056,0.041,0.035,0.059,0.038,0.037,0.061,0.036,0.054,0.042,0.042,0.036,0.046,0.036,0.035,0.060,0.039,0.034,0.043,0.038,0.035,0.060,0.038,0.060,0.058,0.044,0.054,0.041,0.042,0.062,0.393,0.309,0.413,3.782,2.857,3.711,0.718,0.518,0.729,0.564,0.409,0.600,0.417,0.279,0.431,0.351,0.309,0.419,0.316,0.279,0.515,0.437,0.245,0.180,0.261,0.164,0.153,0.144,0.135,0.206,0.135,0.109,0.195,0.191,0.122,0.127,0.193,0.141,0.136,0.128,0.092,0.152,0.121,0.095,0.136,0.137,0.122,0.121,0.123,0.145,0.122,0.161,0.090,0.150,0.107,0.089,0.129,0.125,0.103,0.111,0.086,0.086,0.109,0.145,0.119,0.116,0.097,0.079,0.103,0.106,0.103,0.098,0.101,0.079,0.100,0.117,0.086,0.117,0.094,0.097,0.090,0.144,0.132,0.146,0.083,0.068,0.086,0.091,0.099,0.098,0.073,0.065,0.082,0.091,0.102,0.103,0.094,0.065,0.093,0.098,0.063,0.091,0.064,0.049,0.057,0.082,0.046,0.077,0.092,0.062,0.083,0.085,0.056,0.080,0.069,0.051,0.058,0.053,0.045,0.057,0.068,0.049,0.069,0.069,0.028,0.067,0.058,0.040,0.035,0.062,0.038,0.051,0.044,0.037,0.052,0.043,0.037,0.033,0.042,0.039,0.048,0.061,0.021,0.036,0.054,0.042,0.045,0.043,0.036,0.064
2025-07-06 22:57:41,235.741,235.696,235.687,0.000,0.000,0.000,2.151,2.181,2.159,0.674,0.806,0.667,0.212,0.236,0.206,1.150,1.180,1.173,0.105,0.116,0.098,1.198,1.192,1.187,0.075,0.077,0.071,1.204,1.210,1.202,0.051,0.043,0.053,0.306,0.310,0.310,0.035,0.041,0.032,0.144,0.138,0.144,0.055,0.054,0.051,0.248,0.257,0.249,0.061,0.056,0.049,0.090,0.099,0.100,0.066,0.061,0.065,0.196,0.196,0.188,0.065,0.085,0.054,0.117,0.123,0.124,0.066,0.085,0.059,0.062,0.067,0.060,0.075,0.125,0.083,0.085,0.090,0.092,0.054,0.086,0.088,0.063,0.059,0.057,0.075,0.105,0.088,0.059,0.063,0.073,0.120,0.113,0.138,0.076,0.070,0.072,0.061,0.071,0.061,0.055,0.054,0.055,0.072,0.075,0.086,0.073,0.079,0.076,0.000,0.030,0.029,0.068,0.059,0.075,0.000,0.000,0.013,0.089,0.086,0.083,0.000,0.000,0.000,0.031,0.027,0.032,0.000,0.013,0.000,0.057,0.051,0.050,0.000,0.000,0.000,0.000,0.000,0.000,0.000,0.000,0.000,0.000,0.000,0.000,0.000,0.000,0.000,0.000,0.000,0.000,0.000,0.000,0.000,0.000,0.000,0.000,0.000,0.000,0.000,0.000,0.000,0.000,0.051,0.054,0.042,0.544,0.665,0.545,0.123,0.137,0.118,0.105,0.123,0.106,0.068,0.095,0.082,0.074,0.081,0.066,0.065,0.086,0.067,0.045,0.052,0.042,0.013,0.023,0.021,0.038,0.029,0.033,0.028,0.023,0.016,0.031,0.024,0.031,0.047,0.057,0.033,0.035,0.054,0.044,0.047,0.050,0.015,0.060,0.057,0.059,0.064,0.065,0.057,0.055,0.074,0.052,0.054,0.051,0.042,0.062,0.081,0.051,0.053,0.061,0.061,0.075,0.120,0.079,0.049,0.054,0.055,0.049,0.084,0.080,0.053,0.053,0.052,0.073,0.108,0.086,0.047,0.030,0.038,0.112,0.110,0.131,0.057,0.038,0.046,0.056,0.072,0.064,0.045,0.017,0.027,0.068,0.066,0.080,0.029,0.049,0.014,0.013,0.000,0.019,0.000,0.016,0.014,0.000,0.000,0.000,0.013,0.014,0.016,0.000,0.014,0.000,0.013,0.000,0.000,0.000,0.000,0.000,0.000,0.015,0.000,0.000,0.000,0.000,0.000,0.000,0.000,0.000,0.000,0.000,0.000,0.000,0.000,0.000,0.000,0.000,0.000,0.000,0.000,0.000,0.000,0.000,0.000,0.000,0.000,0.000,0.000,0.000
2025-07-06 22:57:44,235.565,235.520,235.511,0.000,0.000,0.000,2.136,2.142,2.130,0.326,0.328,0.317,0.116,0.103,0.110,1.142,1.144,1.134,0.056,0.064,0.056,1.183,1.190,1.184,0.061,0.058,0.059,1.218,1.217,1.214,0.030,0.045,0.015,0.302,0.303,0.296,0.027,0.027,0.000,0.135,0.138,0.139,0.030,0.046,0.030,0.273,0.264,0.261,0.053,0.055,0.054,0.086,0.087,0.094,0.047,0.066,0.053,0.197,0.196,0.189,0.055,0.076,0.064,0.130,0.134,0.131,0.052,0.076,0.059,0.062,0.056,0.060,0.074,0.106,0.102,0.091,0.095,0.084,0.072,0.070,0.089,0.061,0.056,0.055,0.077,0.098,0.094,0.071,0.063,0.076,0.121,0.115,0.132,0.066,0.066,0.066,0.058,0.071,0.060,0.061,0.057,0.060,0.076,0.068,0.079,0.074,0.073,0.074,0.013,0.014,0.029,0.065,0.066,0.059,0.000,0.000,0.000,0.085,0.087,0.085,0.000,0.000,0.000,0.043,0.032,0.045,0.000,0.000,0.000,0.053,0.053,0.049,0.000,0.000,0.000,0.000,0.000,0.000,0.000,0.000,0.000,0.000,0.000,0.000,0.000,0.000,0.000,0.000,0.000,0.000,0.000,0.000,0.000,0.000,0.000,0.000,0.000,0.000,0.000,0.000,0.000,0.000,0.000,0.000,0.000,0.167,0.141,0.120,0.047,0.030,0.045,0.016,0.052,0.035,0.014,0.000,0.000,0.057,0.046,0.050,0.000,0.014,0.000,0.000,0.000,0.000,0.000,0.000,0.000,0.000,0.000,0.000,0.000,0.000,0.000,0.000,0.000,0.000,0.027,0.028,0.000,0.044,0.047,0.014,0.032,0.043,0.048,0.042,0.059,0.033,0.032,0.053,0.048,0.030,0.072,0.055,0.056,0.033,0.050,0.030,0.067,0.053,0.058,0.051,0.055,0.074,0.106,0.096,0.048,0.049,0.052,0.064,0.063,0.086,0.058,0.048,0.050,0.081,0.099,0.091,0.029,0.000,0.047,0.113,0.114,0.125,0.050,0.049,0.046,0.058,0.067,0.059,0.027,0.000,0.028,0.072,0.065,0.069,0.013,0.014,0.015,0.013,0.000,0.000,0.000,0.000,0.000,0.000,0.000,0.000,0.000,0.000,0.000,0.000,0.000,0.000,0.000,0.000,0.000,0.000,0.000,0.000,0.000,0.000,0.000,0.000,0.000,0.000,0.000,0.000,0.000,0.000,0.000,0.000,0.000,0.000,0.000,0.000,0.000,0.000,0.000,0.000,0.000,0.000,0.000,0.000,0.000,0.000,0.000,0.000,0.000,0.000
2025-07-06 22:57:47,235.542,235.498,235.489,0.000,0.000,0.000,2.137,2.142,2.131,0.290,0.294,0.304,0.096,0.110,0.103,1.142,1.146,1.136,0.052,0.039,0.064,1.183,1.189,1.183,0.053,0.058,0.051,1.220,1.222,1.220,0.000,0.042,0.000,0.298,0.300,0.296,0.000,0.000,0.000,0.131,0.133,0.136,0.016,0.029,0.031,0.275,0.272,0.271,0.054,0.050,0.051,0.085,0.081,0.083,0.057,0.057,0.050,0.186,0.191,0.188,0.057,0.067,0.073,0.135,0.136,0.124,0.057,0.067,0.062,0.060,0.061,0.056,0.083,0.086,0.118,0.091,0.096,0.086,0.084,0.062,0.079,0.054,0.055,0.055,0.087,0.089,0.105,0.085,0.065,0.070,0.128,0.108,0.114,0.071,0.062,0.054,0.062,0.068,0.059,0.064,0.055,0.055,0.076,0.064,0.070,0.081,0.076,0.080,0.000,0.000,0.000,0.067,0.061,0.053,0.000,0.000,0.000,0.086,0.085,0.079,0.000,0.000,0.000,0.044,0.030,0.000,0.000,0.000,0.000,0.048,0.057,0.049,0.000,0.000,0.000,0.014,0.000,0.000,0.000,0.000,0.000,0.000,0.000,0.000,0.000,0.000,0.000,0.000,0.000,0.000,0.000,0.000,0.000,0.000,0.000,0.000,0.000,0.000,0.000,0.000,0.000,0.000,0.000,0.000,0.000,0.085,0.102,0.095,0.013,0.030,0.028,0.041,0.030,0.042,0.000,0.000,0.000,0.030,0.053,0.045,0.000,0.000,0.000,0.000,0.000,0.000,0.000,0.000,0.000,0.000,0.000,0.000,0.000,0.000,0.000,0.013,0.000,0.000,0.013,0.029,0.014,0.047,0.029,0.043,0.028,0.015,0.028,0.034,0.055,0.044,0.049,0.049,0.050,0.053,0.065,0.065,0.052,0.048,0.050,0.045,0.064,0.059,0.059,0.052,0.056,0.082,0.091,0.111,0.046,0.052,0.047,0.075,0.057,0.077,0.057,0.052,0.048,0.087,0.089,0.102,0.031,0.029,0.046,0.115,0.107,0.109,0.055,0.042,0.032,0.059,0.059,0.060,0.032,0.013,0.000,0.067,0.063,0.063,0.000,0.000,0.000,0.013,0.000,0.000,0.000,0.000,0.000,0.000,0.000,0.000,0.000,0.000,0.000,0.000,0.000,0.000,0.000,0.000,0.000,0.000,0.000,0.000,0.000,0.000,0.000,0.000,0.000,0.000,0.000,0.000,0.000,0.000,0.000,0.000,0.000,0.000,0.000,0.000,0.000,0.000,0.000,0.000,0.000,0.000,0.000,0.000,0.000,0.000,0.000,0.000,0.000,0.000
2025-07-06 22:57:50,235.498,235.454,235.445,0.000,0.000,0.000,2.148,2.148,2.141,0.302,0.277,0.299,0.111,0.113,0.104,1.159,1.159,1.150,0.053,0.064,0.052,1.176,1.181,1.175,0.057,0.054,0.051,1.226,1.224,1.222,0.013,0.015,0.028,0.303,0.310,0.311,0.013,0.000,0.015,0.135,0.139,0.130,0.031,0.031,0.031,0.276,0.279,0.282,0.056,0.051,0.057,0.077,0.071,0.080,0.051,0.058,0.057,0.182,0.191,0.180,0.074,0.053,0.079,0.132,0.132,0.140,0.058,0.051,0.077,0.059,0.058,0.056,0.115,0.060,0.113,0.093,0.100,0.092,0.082,0.071,0.069,0.051,0.051,0.049,0.095,0.077,0.096,0.076,0.072,0.063,0.124,0.123,0.105,0.049,0.064,0.054,0.064,0.061,0.065,0.051,0.059,0.057,0.078,0.071,0.071,0.092,0.079,0.084,0.014,0.028,0.000,0.061,0.068,0.060,0.000,0.000,0.000,0.084,0.085,0.086,0.000,0.000,0.000,0.013,0.016,0.042,0.013,0.000,0.000,0.049,0.054,0.052,0.000,0.000,0.000,0.000,0.000,0.000,0.000,0.000,0.000,0.000,0.000,0.000,0.000,0.000,0.000,0.000,0.000,0.000,0.000,0.000,0.000,0.000,0.000,0.000,0.000,0.000,0.000,0.000,0.000,0.000,0.000,0.000,0.000,0.095,0.098,0.090,0.013,0.013,0.016,0.013,0.032,0.028,0.000,0.000,0.000,0.051,0.049,0.047,0.000,0.000,0.000,0.000,0.000,0.000,0.000,0.000,0.000,0.000,0.000,0.014,0.000,0.000,0.000,0.013,0.000,0.000,0.014,0.013,0.013,0.042,0.016,0.050,0.030,0.028,0.027,0.045,0.050,0.055,0.033,0.050,0.053,0.065,0.051,0.077,0.048,0.048,0.049,0.056,0.045,0.074,0.055,0.056,0.050,0.106,0.062,0.108,0.056,0.049,0.048,0.080,0.068,0.061,0.043,0.033,0.047,0.094,0.073,0.093,0.030,0.052,0.028,0.120,0.120,0.103,0.000,0.029,0.028,0.061,0.055,0.060,0.015,0.000,0.000,0.072,0.069,0.063,0.000,0.000,0.000,0.000,0.000,0.000,0.000,0.000,0.000,0.000,0.000,0.000,0.000,0.000,0.000,0.000,0.000,0.000,0.000,0.000,0.000,0.000,0.000,0.000,0.000,0.000,0.000,0.000,0.000,0.000,0.000,0.000,0.000,0.000,0.000,0.000,0.000,0.000,0.000,0.000,0.000,0.000,0.000,0.000,0.000,0.000,0.000,0.000,0.000,0.000,0.000,0.000,0.000,0.000
2025-07-06 22:57:53,235.405,235.360,235.351,0.000,0.000,0.000,2.140,2.134,2.131,0.300,0.299,0.293,0.108,0.104,0.101,1.166,1.158,1.168,0.052,0.058,0.053,1.168,1.171,1.166,0.056,0.048,0.060,1.213,1.205,1.202,0.030,0.029,0.027,0.305,0.306,0.301,0.013,0.013,0.014,0.133,0.137,0.146,0.047,0.044,0.048,0.280,0.281,0.270,0.056,0.060,0.052,0.076,0.079,0.085,0.049,0.056,0.063,0.188,0.187,0.184,0.081,0.060,0.063,0.144,0.142,0.142,0.073,0.056,0.070,0.051,0.062,0.063,0.116,0.086,0.085,0.102,0.102,0.105,0.073,0.083,0.062,0.054,0.052,0.057,0.100,0.086,0.091,0.058,0.075,0.059,0.111,0.127,0.113,0.051,0.058,0.055,0.066,0.063,0.067,0.048,0.056,0.055,0.066,0.071,0.067,0.080,0.085,0.077,0.000,0.027,0.014,0.059,0.057,0.065,0.000,0.000,0.000,0.083,0.082,0.078,0.000,0.000,0.000,0.014,0.000,0.028,0.000,0.000,0.000,0.033,0.051,0.049,0.000,0.000,0.000,0.000,0.000,0.000,0.000,0.000,0.000,0.000,0.000,0.000,0.000,0.000,0.000,0.000,0.000,0.000,0.000,0.000,0.000,0.000,0.000,0.000,0.000,0.000,0.000,0.000,0.000,0.000,0.000,0.000,0.000,0.100,0.096,0.092,0.014,0.015,0.014,0.029,0.047,0.028,0.000,0.000,0.000,0.048,0.044,0.050,0.000,0.000,0.000,0.000,0.000,0.000,0.000,0.000,0.000,0.000,0.000,0.013,0.000,0.000,0.000,0.000,0.013,0.000,0.000,0.000,0.013,0.044,0.048,0.042,0.027,0.044,0.031,0.045,0.049,0.054,0.044,0.052,0.050,0.072,0.056,0.057,0.043,0.048,0.049,0.067,0.047,0.062,0.053,0.059,0.059,0.113,0.087,0.086,0.048,0.048,0.052,0.066,0.077,0.057,0.054,0.052,0.050,0.097,0.087,0.092,0.029,0.034,0.029,0.106,0.117,0.110,0.044,0.033,0.048,0.060,0.065,0.064,0.013,0.015,0.015,0.060,0.067,0.063,0.000,0.000,0.028,0.000,0.014,0.000,0.000,0.000,0.000,0.000,0.000,0.000,0.000,0.000,0.000,0.000,0.000,0.000,0.000,0.000,0.000,0.000,0.000,0.000,0.000,0.000,0.000,0.000,0.000,0.000,0.000,0.000,0.000,0.000,0.000,0.000,0.000,0.000,0.000,0.000,0.000,0.000,0.000,0.000,0.000,0.000,0.000,0.000,0.000,0.000,0.000,0.000,0.000,0.000
2025-07-06 22:57:56,235.306,235.261,235.252,0.000,0.000,0.000,2.120,2.120,2.116,0.299,0.288,0.279,0.105,0.098,0.107,1.173,1.177,1.173,0.054,0.055,0.058,1.155,1.150,1.151,0.053,0.058,0.056,1.185,1.188,1.183,0.043,0.030,0.028,0.310,0.308,0.307,0.000,0.014,0.027,0.149,0.150,0.153,0.029,0.042,0.031,0.274,0.277,0.276,0.049,0.048,0.050,0.078,0.076,0.068,0.052,0.052,0.052,0.182,0.183,0.188,0.076,0.054,0.064,0.143,0.140,0.137,0.077,0.051,0.066,0.050,0.059,0.057,0.106,0.088,0.084,0.090,0.094,0.101,0.073,0.077,0.058,0.050,0.055,0.054,0.095,0.084,0.082,0.057,0.074,0.055,0.118,0.122,0.120,0.062,0.070,0.062,0.066,0.059,0.060,0.049,0.050,0.046,0.066,0.078,0.067,0.074,0.076,0.075,0.000,0.027,0.013,0.060,0.064,0.066,0.000,0.000,0.000,0.077,0.077,0.080,0.000,0.000,0.013,0.000,0.000,0.014,0.000,0.000,0.000,0.051,0.047,0.047,0.000,0.000,0.000,0.000,0.000,0.000,0.000,0.000,0.000,0.000,0.000,0.000,0.000,0.000,0.000,0.000,0.000,0.000,0.000,0.000,0.000,0.000,0.000,0.000,0.000,0.000,0.000,0.000,0.000,0.000,0.000,0.000,0.000,0.099,0.092,0.098,0.014,0.014,0.000,0.013,0.030,0.044,0.000,0.000,0.000,0.047,0.051,0.050,0.000,0.000,0.000,0.000,0.000,0.000,0.000,0.000,0.000,0.000,0.000,0.000,0.000,0.000,0.000,0.026,0.000,0.000,0.000,0.014,0.000,0.031,0.027,0.028,0.015,0.029,0.013,0.051,0.031,0.048,0.044,0.052,0.049,0.073,0.051,0.061,0.035,0.051,0.030,0.069,0.044,0.063,0.051,0.058,0.052,0.108,0.083,0.087,0.046,0.055,0.049,0.066,0.071,0.052,0.046,0.057,0.050,0.096,0.082,0.084,0.013,0.048,0.014,0.114,0.116,0.113,0.044,0.047,0.032,0.063,0.056,0.058,0.016,0.013,0.000,0.062,0.071,0.066,0.000,0.000,0.013,0.000,0.000,0.000,0.000,0.000,0.000,0.000,0.000,0.000,0.000,0.000,0.000,0.000,0.000,0.000,0.000,0.000,0.000,0.000,0.000,0.000,0.000,0.000,0.000,0.000,0.000,0.000,0.000,0.000,0.000,0.000,0.000,0.000,0.000,0.000,0.000,0.000,0.000,0.000,0.000,0.000,0.000,0.000,0.000,0.000,0.000,0.000,0.000,0.000,0.000,0.000
2025-07-06 22:57:59,235.263,235.218,235.210,0.000,0.000,0.000,2.134,2.135,2.129,0.307,0.303,0.283,0.118,0.131,0.117,1.190,1.185,1.186,0.051,0.058,0.066,1.153,1.152,1.147,0.055,0.056,0.056,1.194,1.199,1.194,0.028,0.050,0.028,0.312,0.307,0.315,0.014,0.043,0.028,0.140,0.143,0.133,0.046,0.052,0.044,0.268,0.270,0.281,0.056,0.058,0.051,0.086,0.068,0.075,0.060,0.054,0.054,0.176,0.188,0.186,0.074,0.065,0.060,0.149,0.146,0.155,0.077,0.056,0.055,0.054,0.055,0.050,0.105,0.094,0.082,0.096,0.100,0.099,0.074,0.086,0.064,0.048,0.061,0.055,0.096,0.091,0.088,0.054,0.068,0.055,0.120,0.123,0.124,0.062,0.076,0.069,0.070,0.066,0.061,0.046,0.055,0.051,0.063,0.075,0.076,0.075,0.066,0.065,0.014,0.015,0.015,0.056,0.052,0.058,0.000,0.000,0.000,0.077,0.073,0.074,0.000,0.000,0.000,0.028,0.000,0.015,0.000,0.013,0.000,0.052,0.032,0.050,0.000,0.000,0.000,0.000,0.000,0.000,0.000,0.000,0.000,0.000,0.000,0.000,0.000,0.000,0.000,0.000,0.000,0.000,0.000,0.000,0.000,0.000,0.000,0.000,0.000,0.000,0.000,0.000,0.000,0.000,0.000,0.000,0.000,0.100,0.099,0.098,0.013,0.029,0.028,0.027,0.028,0.030,0.000,0.000,0.000,0.049,0.045,0.051,0.000,0.000,0.000,0.000,0.000,0.000,0.000,0.000,0.000,0.000,0.013,0.000,0.000,0.000,0.000,0.014,0.014,0.013,0.014,0.000,0.027,0.047,0.045,0.031,0.030,0.042,0.014,0.057,0.047,0.050,0.053,0.032,0.049,0.071,0.057,0.055,0.033,0.048,0.049,0.075,0.049,0.050,0.050,0.058,0.053,0.106,0.092,0.073,0.048,0.050,0.039,0.070,0.083,0.052,0.046,0.052,0.052,0.097,0.090,0.082,0.013,0.046,0.047,0.115,0.123,0.112,0.028,0.043,0.034,0.069,0.063,0.060,0.000,0.014,0.000,0.059,0.069,0.066,0.013,0.000,0.014,0.000,0.000,0.013,0.000,0.000,0.000,0.000,0.000,0.000,0.000,0.000,0.000,0.000,0.000,0.000,0.000,0.000,0.000,0.000,0.000,0.000,0.000,0.000,0.000,0.000,0.000,0.000,0.000,0.000,0.000,0.000,0.000,0.000,0.000,0.000,0.000,0.000,0.000,0.000,0.000,0.000,0.000,0.000,0.000,0.000,0.000,0.000,0.000,0.000,0.000,0.000
2025-07-06 22:58:02,235.349,235.305,235.295,0.000,0.000,0.000,2.138,2.135,2.131,0.289,0.303,0.286,0.112,0.104,0.105,1.193,1.195,1.198,0.063,0.058,0.052,1.149,1.143,1.137,0.061,0.053,0.061,1.206,1.204,1.200,0.045,0.046,0.040,0.309,0.308,0.309,0.014,0.013,0.016,0.138,0.136,0.141,0.048,0.029,0.046,0.263,0.270,0.268,0.059,0.054,0.053,0.072,0.084,0.071,0.057,0.054,0.054,0.180,0.174,0.185,0.079,0.074,0.054,0.156,0.155,0.149,0.069,0.063,0.053,0.055,0.052,0.055,0.090,0.110,0.074,0.100,0.084,0.105,0.058,0.087,0.069,0.061,0.058,0.060,0.088,0.098,0.079,0.046,0.060,0.058,0.121,0.116,0.123,0.065,0.072,0.084,0.054,0.065,0.056,0.037,0.053,0.056,0.068,0.067,0.078,0.068,0.069,0.066,0.000,0.000,0.014,0.049,0.054,0.060,0.000,0.000,0.000,0.077,0.077,0.079,0.000,0.000,0.000,0.013,0.000,0.029,0.000,0.000,0.013,0.054,0.050,0.049,0.000,0.000,0.000,0.000,0.000,0.000,0.000,0.000,0.000,0.000,0.000,0.000,0.000,0.000,0.000,0.000,0.000,0.000,0.000,0.000,0.000,0.000,0.000,0.000,0.000,0.000,0.000,0.000,0.000,0.000,0.000,0.000,0.000,0.090,0.091,0.097,0.029,0.013,0.034,0.031,0.014,0.014,0.000,0.000,0.000,0.050,0.047,0.052,0.000,0.000,0.000,0.000,0.000,0.000,0.000,0.000,0.000,0.000,0.000,0.013,0.000,0.000,0.000,0.000,0.000,0.026,0.042,0.015,0.026,0.046,0.048,0.031,0.043,0.031,0.030,0.051,0.029,0.049,0.036,0.053,0.047,0.070,0.069,0.046,0.038,0.051,0.050,0.062,0.059,0.047,0.055,0.050,0.054,0.088,0.108,0.074,0.049,0.053,0.047,0.047,0.082,0.067,0.054,0.051,0.045,0.088,0.098,0.080,0.016,0.043,0.017,0.109,0.113,0.119,0.050,0.028,0.034,0.053,0.064,0.057,0.015,0.000,0.013,0.058,0.065,0.072,0.000,0.000,0.015,0.000,0.000,0.000,0.000,0.000,0.000,0.000,0.000,0.000,0.000,0.000,0.000,0.000,0.000,0.000,0.000,0.000,0.000,0.000,0.000,0.000,0.000,0.000,0.000,0.000,0.000,0.000,0.000,0.000,0.000,0.000,0.000,0.000,0.000,0.000,0.000,0.000,0.000,0.000,0.000,0.000,0.000,0.000,0.000,0.000,0.000,0.000,0.000,0.000,0.000,0.000
2025-07-06 22:58:05,235.352,235.307,235.298,0.000,0.000,0.000,2.135,2.136,2.138,0.293,0.311,0.307,0.109,0.106,0.111,1.204,1.206,1.204,0.053,0.050,0.050,1.133,1.134,1.135,0.054,0.061,0.060,1.205,1.203,1.202,0.016,0.018,0.016,0.304,0.307,0.305,0.028,0.041,0.027,0.145,0.137,0.144,0.050,0.046,0.050,0.268,0.264,0.267,0.056,0.055,0.050,0.080,0.085,0.085,0.064,0.060,0.058,0.175,0.171,0.181,0.058,0.078,0.060,0.159,0.157,0.157,0.059,0.079,0.054,0.056,0.056,0.061,0.070,0.109,0.095,0.097,0.088,0.092,0.077,0.082,0.080,0.063,0.058,0.066,0.080,0.094,0.086,0.058,0.053,0.071,0.128,0.117,0.127,0.075,0.066,0.083,0.060,0.063,0.063,0.053,0.052,0.066,0.075,0.066,0.083,0.069,0.064,0.066,0.029,0.014,0.000,0.058,0.050,0.048,0.000,0.000,0.000,0.076,0.075,0.080,0.000,0.000,0.000,0.027,0.000,0.031,0.000,0.000,0.000,0.053,0.050,0.055,0.000,0.000,0.000,0.000,0.000,0.000,0.000,0.000,0.000,0.000,0.000,0.000,0.000,0.000,0.000,0.000,0.000,0.000,0.000,0.000,0.000,0.000,0.000,0.000,0.000,0.000,0.000,0.000,0.000,0.000,0.000,0.000,0.000,0.095,0.096,0.094,0.030,0.031,0.036,0.013,0.015,0.014,0.000,0.000,0.000,0.050,0.046,0.052,0.000,0.000,0.000,0.000,0.014,0.000,0.000,0.000,0.000,0.000,0.013,0.000,0.000,0.000,0.000,0.013,0.027,0.013,0.044,0.000,0.030,0.047,0.047,0.030,0.046,0.028,0.044,0.059,0.054,0.046,0.054,0.046,0.054,0.054,0.072,0.055,0.046,0.052,0.051,0.052,0.069,0.046,0.059,0.056,0.059,0.068,0.109,0.088,0.047,0.053,0.056,0.067,0.074,0.079,0.054,0.052,0.051,0.081,0.096,0.083,0.044,0.027,0.054,0.120,0.109,0.123,0.041,0.046,0.043,0.062,0.063,0.059,0.000,0.000,0.043,0.070,0.065,0.073,0.000,0.014,0.014,0.000,0.000,0.000,0.000,0.000,0.000,0.000,0.000,0.000,0.000,0.000,0.000,0.000,0.000,0.000,0.000,0.000,0.000,0.000,0.000,0.000,0.000,0.000,0.000,0.000,0.000,0.000,0.000,0.000,0.000,0.000,0.000,0.000,0.000,0.000,0.000,0.000,0.000,0.000,0.000,0.000,0.000,0.000,0.000,0.000,0.000,0.000,0.000,0.000,0.000,0.000
2025-07-06 22:58:11,235.299,235.254,235.245,0.000,0.000,0.000,2.148,2.144,2.147,0.302,0.278,0.300,0.107,0.105,0.110,1.209,1.216,1.218,0.058,0.060,0.052,1.138,1.127,1.130,0.051,0.055,0.052,1.212,1.214,1.213,0.027,0.014,0.046,0.310,0.309,0.308,0.000,0.014,0.013,0.131,0.131,0.134,0.046,0.030,0.033,0.262,0.272,0.266,0.055,0.053,0.051,0.076,0.071,0.079,0.053,0.057,0.058,0.179,0.176,0.173,0.077,0.059,0.074,0.166,0.170,0.168,0.060,0.054,0.075,0.052,0.053,0.050,0.108,0.064,0.114,0.091,0.101,0.090,0.086,0.069,0.067,0.068,0.066,0.057,0.096,0.077,0.101,0.063,0.061,0.052,0.127,0.121,0.107,0.083,0.082,0.072,0.062,0.062,0.067,0.058,0.054,0.051,0.074,0.075,0.072,0.064,0.066,0.063,0.016,0.013,0.000,0.051,0.063,0.050,0.000,0.000,0.000,0.082,0.081,0.077,0.000,0.000,0.000,0.043,0.047,0.028,0.000,0.000,0.000,0.057,0.054,0.056,0.000,0.000,0.000,0.000,0.000,0.000,0.000,0.000,0.000,0.000,0.000,0.000,0.000,0.000,0.000,0.000,0.000,0.000,0.000,0.000,0.000,0.000,0.000,0.000,0.000,0.000,0.000,0.000,0.000,0.000,0.000,0.000,0.000,0.099,0.095,0.098,0.015,0.000,0.014,0.000,0.030,0.015,0.000,0.000,0.000,0.046,0.047,0.047,0.000,0.000,0.000,0.000,0.000,0.000,0.000,0.000,0.000,0.000,0.000,0.000,0.000,0.000,0.000,0.000,0.000,0.014,0.013,0.014,0.028,0.044,0.044,0.030,0.031,0.043,0.016,0.033,0.050,0.048,0.049,0.048,0.053,0.064,0.046,0.066,0.051,0.048,0.053,0.055,0.032,0.068,0.053,0.058,0.049,0.103,0.057,0.111,0.054,0.050,0.037,0.083,0.059,0.063,0.049,0.056,0.030,0.095,0.077,0.102,0.016,0.045,0.028,0.123,0.115,0.105,0.029,0.045,0.046,0.058,0.064,0.060,0.000,0.013,0.000,0.070,0.067,0.067,0.000,0.013,0.013,0.000,0.000,0.000,0.000,0.000,0.000,0.000,0.000,0.000,0.000,0.000,0.000,0.000,0.000,0.000,0.000,0.000,0.000,0.000,0.000,0.000,0.000,0.000,0.000,0.000,0.000,0.000,0.000,0.000,0.000,0.000,0.000,0.000,0.000,0.000,0.000,0.000,0.000,0.000,0.000,0.000,0.000,0.000,0.000,0.000,0.000,0.000,0.000,0.000,0.000,0.000
2025-07-06 22:58:14,235.478,235.433,235.424,0.000,0.000,0.000,2.171,2.155,2.150,0.336,0.374,0.293,0.117,0.122,0.117,1.220,1.225,1.205,0.059,0.060,0.055,1.138,1.114,1.126,0.050,0.054,0.055,1.239,1.233,1.231,0.041,0.042,0.032,0.312,0.309,0.315,0.014,0.026,0.013,0.123,0.120,0.120,0.044,0.045,0.047,0.265,0.268,0.273,0.054,0.055,0.051,0.085,0.077,0.081,0.055,0.055,0.054,0.170,0.170,0.169,0.081,0.054,0.073,0.181,0.164,0.175,0.078,0.052,0.071,0.054,0.058,0.055,0.119,0.078,0.101,0.090,0.087,0.094,0.079,0.082,0.065,0.061,0.065,0.053,0.101,0.081,0.091,0.059,0.065,0.054,0.106,0.128,0.113,0.074,0.084,0.068,0.069,0.056,0.067,0.056,0.062,0.058,0.067,0.075,0.062,0.068,0.065,0.062,0.000,0.029,0.015,0.048,0.060,0.054,0.000,0.000,0.000,0.086,0.079,0.084,0.000,0.000,0.000,0.032,0.050,0.051,0.000,0.000,0.000,0.060,0.058,0.062,0.000,0.000,0.000,0.000,0.000,0.000,0.000,0.000,0.000,0.000,0.000,0.000,0.000,0.000,0.000,0.000,0.000,0.000,0.000,0.000,0.000,0.000,0.000,0.000,0.000,0.000,0.000,0.000,0.000,0.000,0.030,0.013,0.000,0.138,0.211,0.100,0.019,0.046,0.017,0.032,0.050,0.015,0.015,0.017,0.000,0.047,0.049,0.048,0.000,0.000,0.000,0.000,0.013,0.000,0.000,0.000,0.000,0.014,0.013,0.000,0.000,0.000,0.000,0.000,0.000,0.013,0.000,0.027,0.013,0.047,0.043,0.030,0.029,0.047,0.013,0.049,0.031,0.048,0.050,0.050,0.043,0.076,0.053,0.069,0.045,0.043,0.036,0.072,0.048,0.068,0.057,0.054,0.052,0.115,0.077,0.103,0.047,0.049,0.050,0.078,0.077,0.057,0.047,0.048,0.048,0.103,0.083,0.093,0.029,0.043,0.043,0.104,0.121,0.110,0.032,0.044,0.028,0.063,0.062,0.061,0.014,0.000,0.000,0.062,0.065,0.063,0.014,0.000,0.000,0.000,0.014,0.000,0.000,0.000,0.000,0.000,0.000,0.000,0.000,0.000,0.000,0.000,0.000,0.000,0.000,0.000,0.000,0.000,0.000,0.000,0.000,0.000,0.000,0.000,0.000,0.000,0.000,0.000,0.000,0.000,0.000,0.000,0.000,0.000,0.000,0.000,0.000,0.000,0.000,0.000,0.000,0.000,0.000,0.000,0.000,0.000,0.000,0.000,0.000,0.000
2025-07-06 22:58:17,235.325,235.280,235.271,0.000,0.000,0.000,2.147,2.142,2.141,0.299,0.294,0.277,0.117,0.115,0.112,1.186,1.190,1.182,0.055,0.052,0.062,1.118,1.119,1.119,0.056,0.052,0.054,1.249,1.238,1.248,0.029,0.029,0.015,0.314,0.315,0.313,0.029,0.000,0.013,0.121,0.121,0.124,0.048,0.044,0.047,0.271,0.268,0.275,0.054,0.046,0.053,0.073,0.081,0.066,0.063,0.051,0.053,0.174,0.166,0.176,0.070,0.064,0.054,0.176,0.172,0.169,0.073,0.057,0.052,0.052,0.055,0.054,0.102,0.106,0.064,0.101,0.082,0.099,0.064,0.087,0.062,0.063,0.056,0.061,0.094,0.092,0.072,0.055,0.071,0.056,0.111,0.126,0.118,0.081,0.080,0.081,0.065,0.060,0.062,0.058,0.069,0.059,0.061,0.072,0.071,0.062,0.068,0.062,0.028,0.015,0.015,0.057,0.053,0.063,0.000,0.000,0.000,0.087,0.088,0.084,0.000,0.000,0.000,0.050,0.050,0.051,0.000,0.000,0.000,0.059,0.062,0.060,0.000,0.000,0.000,0.000,0.000,0.000,0.000,0.000,0.000,0.000,0.000,0.000,0.000,0.000,0.000,0.000,0.000,0.000,0.000,0.000,0.000,0.000,0.000,0.000,0.000,0.000,0.000,0.000,0.000,0.000,0.000,0.000,0.000,0.098,0.099,0.097,0.013,0.030,0.016,0.044,0.000,0.045,0.000,0.000,0.015,0.049,0.041,0.047,0.000,0.000,0.000,0.000,0.000,0.000,0.000,0.000,0.000,0.000,0.000,0.000,0.000,0.000,0.000,0.013,0.013,0.000,0.028,0.000,0.017,0.033,0.013,0.043,0.028,0.015,0.042,0.053,0.045,0.045,0.049,0.049,0.051,0.065,0.057,0.052,0.049,0.052,0.033,0.065,0.037,0.031,0.056,0.052,0.051,0.100,0.096,0.065,0.056,0.051,0.048,0.062,0.086,0.058,0.034,0.049,0.052,0.095,0.090,0.076,0.042,0.031,0.026,0.108,0.120,0.114,0.044,0.015,0.044,0.061,0.061,0.059,0.000,0.015,0.000,0.060,0.065,0.069,0.000,0.000,0.000,0.000,0.014,0.013,0.000,0.000,0.000,0.000,0.000,0.000,0.000,0.000,0.000,0.000,0.000,0.000,0.000,0.000,0.000,0.000,0.000,0.000,0.000,0.000,0.000,0.000,0.000,0.000,0.000,0.000,0.000,0.000,0.000,0.000,0.000,0.000,0.000,0.000,0.000,0.000,0.000,0.000,0.000,0.000,0.000,0.000,0.000,0.000,0.000,0.000,0.000,0.000
2025-07-06 22:58:20,235.400,235.357,235.347,0.000,0.000,0.000,2.155,2.160,2.150,0.285,0.303,0.288,0.107,0.112,0.102,1.205,1.208,1.199,0.053,0.055,0.055,1.118,1.113,1.114,0.059,0.059,0.054,1.250,1.253,1.247,0.015,0.031,0.014,0.316,0.316,0.318,0.027,0.000,0.000,0.123,0.118,0.119,0.045,0.030,0.047,0.267,0.269,0.275,0.057,0.054,0.056,0.072,0.078,0.077,0.058,0.052,0.062,0.167,0.170,0.167,0.070,0.075,0.053,0.177,0.180,0.180,0.062,0.070,0.052,0.056,0.051,0.059,0.084,0.114,0.070,0.100,0.098,0.101,0.061,0.085,0.076,0.062,0.067,0.061,0.086,0.104,0.081,0.049,0.060,0.066,0.112,0.111,0.126,0.071,0.089,0.085,0.065,0.069,0.062,0.064,0.058,0.071,0.065,0.070,0.077,0.068,0.061,0.064,0.027,0.000,0.000,0.059,0.052,0.054,0.000,0.000,0.000,0.080,0.082,0.086,0.000,0.000,0.000,0.047,0.046,0.058,0.000,0.000,0.000,0.061,0.055,0.064,0.000,0.000,0.000,0.000,0.000,0.000,0.000,0.000,0.000,0.000,0.000,0.000,0.000,0.000,0.000,0.000,0.000,0.000,0.000,0.000,0.000,0.000,0.000,0.000,0.000,0.000,0.000,0.000,0.000,0.000,0.000,0.000,0.000,0.094,0.097,0.094,0.015,0.030,0.015,0.027,0.000,0.013,0.000,0.000,0.000,0.052,0.047,0.048,0.000,0.000,0.000,0.000,0.000,0.000,0.000,0.000,0.000,0.000,0.000,0.000,0.000,0.000,0.000,0.000,0.000,0.000,0.015,0.000,0.030,0.033,0.041,0.045,0.029,0.045,0.046,0.051,0.030,0.053,0.051,0.049,0.052,0.066,0.067,0.045,0.047,0.029,0.048,0.062,0.068,0.028,0.051,0.050,0.061,0.088,0.112,0.067,0.050,0.053,0.053,0.055,0.084,0.070,0.049,0.048,0.051,0.089,0.105,0.079,0.000,0.028,0.054,0.107,0.108,0.117,0.042,0.029,0.043,0.059,0.066,0.063,0.000,0.000,0.015,0.064,0.062,0.072,0.013,0.000,0.000,0.014,0.000,0.000,0.000,0.000,0.000,0.000,0.000,0.000,0.000,0.000,0.000,0.000,0.000,0.000,0.000,0.000,0.000,0.000,0.000,0.000,0.000,0.000,0.000,0.000,0.000,0.000,0.000,0.000,0.000,0.000,0.000,0.000,0.000,0.000,0.000,0.000,0.000,0.000,0.000,0.000,0.000,0.000,0.000,0.000,0.000,0.000,0.000,0.000,0.000,0.000
2025-07-06 22:58:23,235.402,235.356,235.347,0.000,0.000,0.000,2.161,2.159,2.163,0.279,0.304,0.292,0.104,0.114,0.119,1.210,1.207,1.214,0.060,0.050,0.057,1.120,1.116,1.121,0.057,0.054,0.051,1.249,1.248,1.246,0.028,0.029,0.013,0.315,0.316,0.313,0.029,0.013,0.000,0.118,0.117,0.123,0.052,0.046,0.048,0.278,0.271,0.268,0.059,0.053,0.049,0.077,0.090,0.085,0.055,0.058,0.056,0.173,0.163,0.173,0.059,0.075,0.055,0.185,0.188,0.182,0.055,0.075,0.055,0.058,0.048,0.059,0.075,0.108,0.073,0.106,0.096,0.104,0.062,0.085,0.077,0.062,0.061,0.068,0.077,0.096,0.079,0.056,0.065,0.062,0.119,0.114,0.121,0.081,0.081,0.089,0.060,0.070,0.060,0.070,0.066,0.080,0.074,0.063,0.075,0.066,0.060,0.057,0.013,0.000,0.014,0.058,0.049,0.057,0.000,0.000,0.000,0.087,0.085,0.085,0.000,0.000,0.000,0.052,0.049,0.055,0.000,0.000,0.000,0.065,0.064,0.068,0.000,0.000,0.000,0.000,0.000,0.000,0.000,0.000,0.000,0.000,0.000,0.000,0.000,0.000,0.000,0.000,0.000,0.000,0.000,0.000,0.000,0.000,0.000,0.000,0.000,0.000,0.000,0.000,0.000,0.000,0.000,0.000,0.000,0.091,0.100,0.099,0.000,0.028,0.034,0.028,0.014,0.044,0.000,0.000,0.000,0.050,0.049,0.047,0.000,0.000,0.000,0.000,0.000,0.000,0.000,0.000,0.000,0.000,0.000,0.000,0.000,0.000,0.000,0.000,0.013,0.000,0.031,0.000,0.043,0.048,0.033,0.028,0.045,0.014,0.029,0.049,0.038,0.049,0.051,0.054,0.056,0.056,0.071,0.056,0.045,0.048,0.053,0.052,0.067,0.047,0.058,0.049,0.058,0.071,0.105,0.070,0.044,0.057,0.050,0.051,0.080,0.069,0.055,0.050,0.051,0.077,0.096,0.079,0.044,0.016,0.030,0.110,0.110,0.115,0.033,0.031,0.045,0.057,0.067,0.057,0.028,0.000,0.028,0.067,0.061,0.066,0.000,0.014,0.014,0.000,0.000,0.014,0.000,0.000,0.000,0.000,0.000,0.000,0.000,0.000,0.000,0.000,0.000,0.000,0.000,0.000,0.000,0.000,0.000,0.000,0.000,0.000,0.000,0.000,0.000,0.000,0.000,0.000,0.000,0.000,0.000,0.000,0.000,0.000,0.000,0.000,0.000,0.000,0.000,0.000,0.000,0.000,0.000,0.000,0.000,0.000,0.000,0.000,0.000,0.000
2025-07-06 22:58:26,235.351,235.306,235.297,0.000,0.000,0.000,2.167,2.164,2.167,0.293,0.306,0.282,0.105,0.100,0.105,1.209,1.211,1.213,0.064,0.056,0.055,1.126,1.127,1.128,0.052,0.058,0.053,1.252,1.248,1.254,0.043,0.046,0.030,0.317,0.317,0.312,0.044,0.027,0.000,0.111,0.115,0.116,0.053,0.049,0.016,0.278,0.268,0.274,0.069,0.035,0.052,0.072,0.080,0.072,0.068,0.058,0.031,0.178,0.163,0.169,0.061,0.071,0.051,0.179,0.179,0.175,0.059,0.074,0.048,0.056,0.056,0.055,0.069,0.113,0.079,0.101,0.089,0.098,0.067,0.079,0.076,0.066,0.054,0.063,0.080,0.097,0.084,0.064,0.061,0.068,0.124,0.115,0.120,0.082,0.069,0.087,0.060,0.064,0.062,0.069,0.064,0.072,0.076,0.070,0.078,0.066,0.076,0.064,0.030,0.000,0.028,0.060,0.050,0.058,0.000,0.000,0.000,0.086,0.087,0.084,0.000,0.000,0.000,0.053,0.049,0.050,0.000,0.000,0.000,0.061,0.064,0.062,0.000,0.000,0.000,0.000,0.000,0.000,0.000,0.000,0.000,0.000,0.000,0.000,0.000,0.000,0.000,0.000,0.000,0.000,0.000,0.000,0.000,0.000,0.000,0.000,0.000,0.000,0.000,0.000,0.000,0.000,0.000,0.000,0.000,0.098,0.087,0.092,0.028,0.031,0.045,0.051,0.045,0.041,0.000,0.000,0.000,0.044,0.050,0.046,0.000,0.000,0.000,0.000,0.000,0.000,0.000,0.000,0.000,0.013,0.000,0.000,0.000,0.000,0.000,0.015,0.027,0.000,0.029,0.014,0.011,0.054,0.016,0.029,0.051,0.030,0.044,0.058,0.049,0.028,0.051,0.048,0.043,0.056,0.071,0.029,0.033,0.046,0.045,0.051,0.067,0.013,0.053,0.054,0.054,0.068,0.112,0.071,0.050,0.053,0.050,0.065,0.076,0.072,0.050,0.045,0.051,0.079,0.099,0.079,0.032,0.041,0.047,0.118,0.108,0.119,0.045,0.031,0.043,0.061,0.065,0.060,0.000,0.000,0.024,0.068,0.068,0.072,0.000,0.000,0.000,0.000,0.000,0.000,0.000,0.000,0.016,0.000,0.000,0.000,0.000,0.000,0.000,0.000,0.000,0.000,0.000,0.000,0.000,0.000,0.000,0.000,0.000,0.000,0.000,0.000,0.000,0.000,0.000,0.000,0.000,0.000,0.000,0.000,0.000,0.000,0.000,0.000,0.000,0.000,0.000,0.000,0.000,0.000,0.000,0.000,0.000,0.000,0.000,0.000,0.000,0.000
2025-07-06 22:58:29,235.354,235.309,235.300,0.000,0.000,0.000,2.175,2.175,2.166,0.286,0.301,0.294,0.123,0.118,0.118,1.222,1.220,1.208,0.052,0.056,0.056,1.125,1.128,1.122,0.053,0.059,0.050,1.256,1.254,1.255,0.015,0.044,0.030,0.320,0.314,0.315,0.027,0.000,0.000,0.122,0.122,0.123,0.030,0.045,0.030,0.272,0.268,0.274,0.049,0.057,0.048,0.076,0.088,0.084,0.057,0.056,0.049,0.165,0.170,0.165,0.056,0.082,0.058,0.185,0.184,0.186,0.053,0.071,0.055,0.053,0.058,0.052,0.070,0.111,0.084,0.101,0.102,0.093,0.065,0.069,0.088,0.064,0.053,0.067,0.081,0.095,0.090,0.064,0.053,0.071,0.119,0.115,0.125,0.088,0.067,0.087,0.061,0.063,0.068,0.072,0.060,0.071,0.074,0.072,0.067,0.066,0.070,0.068,0.042,0.000,0.000,0.062,0.058,0.056,0.000,0.000,0.000,0.085,0.088,0.086,0.000,0.000,0.000,0.052,0.052,0.050,0.000,0.000,0.000,0.060,0.061,0.061,0.000,0.000,0.000,0.000,0.000,0.000,0.000,0.000,0.000,0.000,0.000,0.000,0.000,0.000,0.000,0.000,0.000,0.000,0.000,0.000,0.000,0.000,0.000,0.013,0.000,0.000,0.000,0.000,0.000,0.000,0.000,0.000,0.000,0.100,0.103,0.095,0.015,0.029,0.014,0.015,0.014,0.031,0.000,0.000,0.000,0.045,0.051,0.044,0.000,0.000,0.000,0.000,0.000,0.000,0.000,0.000,0.000,0.000,0.000,0.000,0.000,0.000,0.000,0.000,0.000,0.000,0.028,0.014,0.000,0.045,0.047,0.028,0.014,0.048,0.028,0.051,0.054,0.041,0.053,0.052,0.049,0.053,0.074,0.053,0.049,0.051,0.047,0.049,0.070,0.046,0.053,0.050,0.053,0.067,0.109,0.086,0.054,0.047,0.049,0.062,0.065,0.084,0.055,0.029,0.052,0.083,0.094,0.090,0.032,0.000,0.042,0.117,0.107,0.125,0.037,0.015,0.031,0.062,0.063,0.064,0.015,0.000,0.014,0.071,0.062,0.063,0.000,0.000,0.013,0.000,0.000,0.000,0.000,0.000,0.000,0.000,0.000,0.000,0.000,0.000,0.000,0.000,0.000,0.000,0.000,0.000,0.000,0.000,0.000,0.000,0.000,0.000,0.000,0.000,0.000,0.000,0.000,0.000,0.000,0.000,0.000,0.000,0.000,0.000,0.000,0.000,0.000,0.000,0.000,0.000,0.000,0.000,0.000,0.000,0.000,0.000,0.000,0.000,0.000,0.000
2025-07-06 22:58:32,235.277,235.234,235.225,0.000,0.000,0.000,2.179,2.168,2.169,0.276,0.293,0.300,0.127,0.116,0.122,1.226,1.220,1.223,0.061,0.056,0.056,1.115,1.108,1.110,0.053,0.059,0.050,1.264,1.258,1.256,0.017,0.027,0.044,0.315,0.314,0.314,0.000,0.000,0.030,0.124,0.113,0.123,0.045,0.046,0.048,0.278,0.282,0.282,0.051,0.056,0.055,0.071,0.074,0.075,0.050,0.060,0.047,0.186,0.175,0.172,0.051,0.076,0.063,0.183,0.189,0.180,0.045,0.069,0.062,0.055,0.051,0.055,0.063,0.109,0.091,0.109,0.103,0.091,0.070,0.061,0.094,0.067,0.061,0.062,0.079,0.091,0.087,0.067,0.049,0.067,0.122,0.108,0.124,0.098,0.080,0.076,0.060,0.061,0.062,0.070,0.071,0.065,0.078,0.069,0.068,0.059,0.071,0.063,0.045,0.000,0.027,0.061,0.054,0.057,0.000,0.000,0.000,0.093,0.089,0.084,0.000,0.000,0.000,0.055,0.051,0.050,0.000,0.000,0.000,0.064,0.066,0.058,0.000,0.000,0.000,0.000,0.000,0.000,0.000,0.000,0.000,0.000,0.000,0.000,0.000,0.000,0.000,0.000,0.000,0.000,0.000,0.000,0.000,0.000,0.000,0.000,0.000,0.000,0.000,0.000,0.000,0.000,0.000,0.000,0.000,0.098,0.094,0.100,0.019,0.013,0.020,0.028,0.031,0.030,0.000,0.000,0.000,0.045,0.052,0.047,0.000,0.000,0.000,0.000,0.000,0.000,0.000,0.000,0.000,0.000,0.000,0.000,0.000,0.000,0.000,0.000,0.013,0.000,0.000,0.016,0.041,0.028,0.046,0.031,0.015,0.028,0.047,0.043,0.054,0.031,0.047,0.051,0.033,0.044,0.070,0.060,0.050,0.043,0.052,0.013,0.069,0.056,0.054,0.052,0.057,0.064,0.102,0.093,0.052,0.051,0.032,0.067,0.056,0.084,0.051,0.045,0.055,0.081,0.091,0.090,0.030,0.015,0.029,0.120,0.102,0.115,0.044,0.045,0.045,0.057,0.057,0.060,0.000,0.013,0.013,0.073,0.062,0.064,0.013,0.000,0.000,0.013,0.000,0.000,0.000,0.000,0.000,0.000,0.000,0.000,0.000,0.000,0.000,0.000,0.000,0.000,0.000,0.000,0.000,0.000,0.000,0.000,0.000,0.000,0.000,0.000,0.000,0.000,0.000,0.000,0.000,0.000,0.000,0.000,0.000,0.000,0.000,0.000,0.000,0.000,0.000,0.000,0.000,0.000,0.000,0.000,0.000,0.000,0.000,0.000,0.000,0.000
2025-07-06 22:58:35,235.304,235.260,235.251,0.000,0.000,0.000,2.169,2.169,2.174,0.291,0.300,0.297,0.106,0.113,0.108,1.227,1.231,1.233,0.050,0.055,0.058,1.113,1.110,1.122,0.049,0.057,0.053,1.251,1.248,1.246,0.028,0.031,0.041,0.313,0.313,0.310,0.000,0.027,0.014,0.115,0.117,0.123,0.043,0.049,0.032,0.281,0.274,0.269,0.054,0.056,0.047,0.081,0.081,0.080,0.051,0.061,0.053,0.174,0.176,0.178,0.048,0.075,0.075,0.188,0.192,0.187,0.054,0.072,0.066,0.060,0.053,0.049,0.082,0.097,0.108,0.098,0.100,0.095,0.083,0.065,0.071,0.064,0.068,0.059,0.088,0.088,0.095,0.070,0.055,0.061,0.120,0.112,0.120,0.081,0.083,0.077,0.065,0.067,0.059,0.075,0.066,0.065,0.074,0.072,0.078,0.069,0.065,0.067,0.015,0.013,0.013,0.060,0.059,0.056,0.000,0.000,0.000,0.084,0.087,0.089,0.000,0.000,0.000,0.048,0.048,0.050,0.000,0.000,0.000,0.062,0.063,0.067,0.000,0.000,0.000,0.000,0.000,0.000,0.000,0.000,0.000,0.000,0.000,0.000,0.000,0.000,0.000,0.000,0.000,0.000,0.000,0.000,0.000,0.000,0.000,0.000,0.000,0.000,0.000,0.000,0.000,0.000,0.000,0.000,0.000,0.094,0.092,0.092,0.000,0.045,0.031,0.015,0.027,0.013,0.000,0.000,0.000,0.045,0.049,0.047,0.000,0.000,0.000,0.000,0.000,0.000,0.000,0.000,0.000,0.000,0.000,0.000,0.000,0.000,0.000,0.000,0.013,0.000,0.013,0.042,0.028,0.031,0.045,0.042,0.042,0.049,0.028,0.042,0.050,0.045,0.045,0.054,0.054,0.038,0.071,0.068,0.047,0.037,0.050,0.034,0.064,0.059,0.062,0.051,0.051,0.083,0.098,0.103,0.053,0.049,0.051,0.078,0.063,0.067,0.054,0.031,0.046,0.087,0.093,0.093,0.052,0.014,0.042,0.113,0.111,0.114,0.030,0.027,0.028,0.066,0.062,0.059,0.029,0.015,0.000,0.072,0.066,0.070,0.000,0.000,0.000,0.000,0.000,0.000,0.013,0.000,0.000,0.000,0.000,0.000,0.000,0.000,0.000,0.000,0.000,0.000,0.000,0.000,0.000,0.000,0.000,0.000,0.000,0.000,0.000,0.000,0.000,0.000,0.000,0.000,0.000,0.000,0.000,0.000,0.000,0.000,0.000,0.000,0.000,0.000,0.000,0.000,0.000,0.000,0.000,0.000,0.000,0.000,0.000,0.000,0.000,0.000
2025-07-06 22:58:38,235.474,235.430,235.421,0.000,0.000,0.000,2.192,2.183,2.187,0.325,0.292,0.321,0.111,0.109,0.110,1.255,1.247,1.246,0.058,0.049,0.061,1.132,1.138,1.140,0.053,0.065,0.052,1.240,1.235,1.233,0.048,0.045,0.048,0.307,0.306,0.307,0.028,0.000,0.013,0.137,0.138,0.135,0.051,0.056,0.046,0.256,0.249,0.258,0.051,0.056,0.051,0.080,0.071,0.074,0.054,0.061,0.053,0.182,0.180,0.183,0.073,0.054,0.063,0.194,0.196,0.191,0.071,0.057,0.064,0.055,0.064,0.052,0.108,0.068,0.103,0.102,0.108,0.093,0.076,0.062,0.090,0.070,0.067,0.074,0.098,0.083,0.102,0.065,0.067,0.069,0.124,0.114,0.126,0.086,0.085,0.097,0.063,0.065,0.069,0.062,0.063,0.065,0.076,0.063,0.081,0.080,0.080,0.072,0.014,0.028,0.030,0.057,0.055,0.054,0.013,0.000,0.000,0.095,0.099,0.091,0.000,0.000,0.000,0.054,0.055,0.059,0.000,0.000,0.000,0.069,0.070,0.068,0.000,0.000,0.000,0.000,0.000,0.000,0.000,0.000,0.000,0.000,0.000,0.000,0.000,0.000,0.000,0.000,0.000,0.000,0.000,0.000,0.000,0.000,0.000,0.013,0.000,0.000,0.000,0.000,0.000,0.000,0.000,0.000,0.000,0.104,0.098,0.102,0.015,0.029,0.000,0.044,0.000,0.046,0.000,0.000,0.000,0.046,0.055,0.046,0.000,0.000,0.000,0.027,0.000,0.000,0.000,0.000,0.000,0.000,0.000,0.000,0.000,0.000,0.000,0.031,0.029,0.000,0.015,0.018,0.046,0.043,0.046,0.048,0.045,0.031,0.028,0.048,0.057,0.046,0.056,0.054,0.052,0.069,0.053,0.063,0.055,0.038,0.037,0.072,0.054,0.064,0.053,0.059,0.051,0.107,0.073,0.099,0.059,0.055,0.039,0.078,0.067,0.096,0.039,0.034,0.030,0.100,0.085,0.103,0.016,0.030,0.030,0.115,0.114,0.123,0.051,0.035,0.031,0.068,0.064,0.073,0.000,0.015,0.013,0.070,0.061,0.071,0.016,0.000,0.015,0.013,0.015,0.029,0.000,0.000,0.000,0.000,0.000,0.000,0.000,0.000,0.000,0.000,0.000,0.000,0.000,0.000,0.000,0.000,0.000,0.000,0.000,0.000,0.000,0.000,0.000,0.000,0.000,0.000,0.000,0.000,0.000,0.000,0.000,0.000,0.000,0.000,0.000,0.000,0.000,0.000,0.000,0.000,0.000,0.000,0.000,0.000,0.000,0.000,0.000,0.000
2025-07-06 22:58:41,235.478,235.434,235.426,0.000,0.000,0.000,2.191,2.182,2.187,0.313,0.299,0.318,0.115,0.127,0.118,1.257,1.244,1.250,0.053,0.061,0.050,1.136,1.140,1.135,0.054,0.049,0.058,1.236,1.229,1.233,0.047,0.047,0.047,0.302,0.307,0.308,0.042,0.029,0.000,0.139,0.135,0.141,0.053,0.041,0.051,0.253,0.258,0.257,0.058,0.056,0.053,0.078,0.079,0.080,0.059,0.052,0.054,0.174,0.172,0.175,0.076,0.049,0.066,0.195,0.203,0.196,0.077,0.029,0.070,0.053,0.057,0.052,0.109,0.068,0.106,0.104,0.109,0.103,0.072,0.073,0.087,0.064,0.073,0.076,0.093,0.086,0.100,0.070,0.068,0.066,0.115,0.125,0.120,0.072,0.089,0.086,0.063,0.070,0.068,0.058,0.062,0.056,0.078,0.068,0.080,0.078,0.081,0.075,0.013,0.029,0.028,0.054,0.065,0.061,0.000,0.000,0.000,0.097,0.095,0.090,0.000,0.000,0.000,0.055,0.053,0.054,0.000,0.000,0.000,0.068,0.068,0.062,0.000,0.000,0.000,0.000,0.000,0.000,0.000,0.000,0.000,0.000,0.000,0.000,0.000,0.000,0.000,0.000,0.000,0.000,0.000,0.000,0.000,0.015,0.000,0.000,0.000,0.000,0.000,0.000,0.000,0.000,0.000,0.000,0.000,0.097,0.113,0.097,0.027,0.013,0.048,0.000,0.044,0.000,0.000,0.000,0.000,0.047,0.040,0.052,0.000,0.000,0.000,0.014,0.013,0.014,0.000,0.000,0.000,0.000,0.000,0.000,0.000,0.000,0.000,0.027,0.000,0.030,0.042,0.000,0.000,0.051,0.034,0.047,0.017,0.047,0.030,0.054,0.035,0.048,0.049,0.020,0.047,0.076,0.038,0.068,0.047,0.035,0.033,0.078,0.030,0.074,0.036,0.053,0.034,0.107,0.065,0.107,0.056,0.041,0.035,0.073,0.079,0.092,0.044,0.052,0.033,0.097,0.090,0.103,0.017,0.049,0.019,0.111,0.121,0.120,0.031,0.033,0.031,0.065,0.072,0.069,0.000,0.043,0.000,0.071,0.065,0.075,0.000,0.029,0.000,0.014,0.014,0.014,0.000,0.000,0.000,0.000,0.000,0.000,0.000,0.000,0.000,0.000,0.000,0.000,0.000,0.000,0.000,0.000,0.000,0.000,0.000,0.000,0.000,0.000,0.000,0.000,0.000,0.000,0.000,0.000,0.000,0.000,0.000,0.000,0.000,0.000,0.000,0.000,0.000,0.000,0.000,0.000,0.000,0.000,0.000,0.000,0.000,0.000,0.000,0.000
2025-07-06 22:58:44,235.564,235.520,235.511,0.000,0.000,0.000,2.183,2.178,2.176,0.294,0.315,0.317,0.110,0.103,0.114,1.257,1.254,1.249,0.054,0.053,0.065,1.133,1.125,1.130,0.058,0.058,0.050,1.229,1.229,1.223,0.053,0.044,0.050,0.307,0.299,0.304,0.029,0.029,0.013,0.143,0.137,0.140,0.052,0.054,0.051,0.251,0.254,0.257,0.052,0.058,0.053,0.084,0.078,0.079,0.056,0.053,0.061,0.163,0.173,0.169,0.063,0.050,0.077,0.206,0.194,0.200,0.059,0.056,0.073,0.051,0.055,0.034,0.082,0.085,0.103,0.105,0.100,0.095,0.051,0.092,0.072,0.066,0.071,0.068,0.080,0.103,0.088,0.063,0.070,0.068,0.111,0.131,0.112,0.081,0.086,0.085,0.066,0.067,0.067,0.055,0.059,0.055,0.080,0.070,0.071,0.088,0.077,0.081,0.000,0.030,0.028,0.065,0.065,0.062,0.000,0.000,0.000,0.094,0.091,0.092,0.000,0.000,0.013,0.053,0.051,0.051,0.000,0.000,0.000,0.065,0.061,0.062,0.000,0.000,0.000,0.013,0.000,0.000,0.000,0.000,0.000,0.000,0.000,0.000,0.000,0.000,0.000,0.000,0.000,0.000,0.000,0.000,0.000,0.000,0.000,0.000,0.000,0.000,0.000,0.000,0.000,0.000,0.000,0.000,0.000,0.096,0.093,0.106,0.015,0.017,0.013,0.044,0.027,0.045,0.000,0.000,0.013,0.052,0.050,0.042,0.000,0.000,0.000,0.028,0.000,0.014,0.000,0.000,0.000,0.000,0.000,0.000,0.000,0.000,0.000,0.044,0.016,0.017,0.013,0.029,0.027,0.032,0.050,0.046,0.029,0.044,0.047,0.057,0.050,0.053,0.049,0.039,0.052,0.066,0.052,0.074,0.053,0.034,0.054,0.063,0.042,0.074,0.050,0.054,0.049,0.081,0.084,0.100,0.038,0.058,0.059,0.058,0.093,0.074,0.050,0.037,0.049,0.081,0.107,0.093,0.027,0.036,0.014,0.109,0.128,0.113,0.032,0.031,0.045,0.065,0.075,0.066,0.000,0.015,0.000,0.070,0.071,0.068,0.000,0.000,0.014,0.000,0.000,0.000,0.000,0.000,0.000,0.000,0.000,0.000,0.000,0.000,0.000,0.000,0.000,0.000,0.000,0.000,0.000,0.000,0.000,0.000,0.000,0.000,0.000,0.000,0.000,0.000,0.000,0.000,0.000,0.000,0.000,0.000,0.000,0.000,0.000,0.000,0.000,0.000,0.000,0.000,0.000,0.000,0.000,0.000,0.000,0.000,0.000,0.000,0.000,0.000
2025-07-06 22:58:47,235.597,235.553,235.543,0.000,0.000,0.000,2.179,2.177,2.175,0.302,0.329,0.294,0.119,0.125,0.114,1.259,1.258,1.263,0.053,0.060,0.056,1.119,1.115,1.116,0.057,0.051,0.061,1.231,1.229,1.228,0.048,0.054,0.050,0.302,0.302,0.301,0.028,0.041,0.013,0.134,0.135,0.131,0.050,0.048,0.047,0.252,0.256,0.258,0.053,0.053,0.054,0.087,0.085,0.080,0.058,0.054,0.056,0.172,0.165,0.174,0.053,0.074,0.054,0.196,0.188,0.192,0.048,0.072,0.061,0.056,0.049,0.060,0.076,0.110,0.074,0.105,0.088,0.098,0.071,0.090,0.056,0.078,0.064,0.074,0.092,0.103,0.079,0.065,0.070,0.067,0.127,0.129,0.114,0.085,0.078,0.073,0.067,0.064,0.067,0.065,0.061,0.057,0.074,0.075,0.074,0.082,0.090,0.091,0.014,0.014,0.000,0.064,0.062,0.060,0.000,0.014,0.000,0.095,0.092,0.093,0.000,0.000,0.000,0.050,0.052,0.046,0.000,0.000,0.000,0.066,0.062,0.064,0.000,0.000,0.000,0.013,0.000,0.013,0.000,0.000,0.000,0.000,0.000,0.000,0.000,0.000,0.000,0.000,0.000,0.000,0.000,0.000,0.000,0.000,0.000,0.013,0.000,0.000,0.000,0.000,0.000,0.000,0.000,0.000,0.000,0.101,0.105,0.090,0.014,0.015,0.047,0.014,0.046,0.028,0.000,0.014,0.000,0.050,0.031,0.055,0.000,0.000,0.000,0.014,0.029,0.000,0.000,0.000,0.000,0.000,0.000,0.000,0.000,0.000,0.000,0.000,0.029,0.015,0.028,0.013,0.014,0.045,0.027,0.045,0.033,0.047,0.033,0.055,0.034,0.048,0.049,0.050,0.050,0.045,0.070,0.036,0.052,0.052,0.057,0.047,0.071,0.056,0.057,0.053,0.059,0.069,0.106,0.074,0.064,0.056,0.045,0.078,0.089,0.059,0.056,0.045,0.057,0.089,0.104,0.083,0.052,0.034,0.037,0.122,0.120,0.115,0.033,0.052,0.034,0.065,0.068,0.067,0.014,0.000,0.000,0.065,0.073,0.069,0.000,0.013,0.013,0.013,0.014,0.000,0.000,0.000,0.000,0.000,0.000,0.000,0.000,0.000,0.000,0.000,0.000,0.000,0.000,0.000,0.000,0.000,0.000,0.000,0.000,0.000,0.000,0.000,0.000,0.000,0.000,0.000,0.000,0.000,0.000,0.000,0.000,0.000,0.000,0.000,0.000,0.000,0.000,0.000,0.000,0.000,0.000,0.000,0.000,0.000,0.000,0.000,0.000,0.000
2025-07-06 22:58:50,235.571,235.527,235.517,0.000,0.000,0.000,2.180,2.171,2.171,0.318,0.307,0.299,0.113,0.107,0.117,1.266,1.262,1.266,0.058,0.057,0.062,1.115,1.111,1.103,0.054,0.053,0.050,1.230,1.225,1.229,0.047,0.049,0.050,0.299,0.300,0.297,0.013,0.000,0.013,0.138,0.137,0.137,0.050,0.051,0.046,0.246,0.248,0.244,0.051,0.057,0.050,0.086,0.075,0.082,0.057,0.060,0.052,0.170,0.172,0.176,0.059,0.073,0.046,0.186,0.186,0.186,0.060,0.070,0.047,0.051,0.058,0.055,0.096,0.099,0.076,0.085,0.090,0.092,0.092,0.063,0.078,0.075,0.069,0.080,0.101,0.084,0.086,0.066,0.069,0.069,0.129,0.116,0.121,0.083,0.060,0.083,0.071,0.065,0.070,0.062,0.062,0.067,0.082,0.071,0.070,0.090,0.104,0.100,0.013,0.013,0.013,0.068,0.060,0.063,0.000,0.000,0.000,0.089,0.096,0.097,0.000,0.000,0.000,0.047,0.046,0.048,0.000,0.000,0.014,0.058,0.065,0.060,0.000,0.000,0.000,0.013,0.016,0.028,0.000,0.000,0.000,0.000,0.000,0.000,0.000,0.000,0.000,0.000,0.000,0.000,0.000,0.000,0.000,0.000,0.000,0.000,0.000,0.000,0.000,0.000,0.000,0.000,0.000,0.000,0.000,0.098,0.095,0.107,0.048,0.028,0.015,0.015,0.015,0.030,0.000,0.000,0.014,0.046,0.046,0.045,0.000,0.000,0.000,0.014,0.016,0.013,0.000,0.000,0.000,0.000,0.000,0.000,0.000,0.000,0.000,0.030,0.013,0.014,0.028,0.013,0.000,0.014,0.047,0.028,0.034,0.046,0.045,0.049,0.052,0.047,0.056,0.049,0.048,0.054,0.066,0.048,0.053,0.059,0.050,0.054,0.070,0.042,0.054,0.053,0.055,0.090,0.099,0.071,0.041,0.061,0.040,0.091,0.060,0.084,0.048,0.055,0.047,0.103,0.088,0.088,0.036,0.033,0.050,0.125,0.110,0.122,0.032,0.046,0.028,0.070,0.066,0.067,0.013,0.000,0.031,0.073,0.070,0.066,0.027,0.000,0.017,0.000,0.000,0.000,0.000,0.000,0.000,0.000,0.000,0.000,0.000,0.000,0.000,0.000,0.000,0.000,0.000,0.000,0.000,0.000,0.000,0.000,0.000,0.000,0.000,0.000,0.000,0.000,0.000,0.000,0.000,0.000,0.000,0.000,0.000,0.000,0.000,0.000,0.000,0.000,0.000,0.000,0.000,0.000,0.000,0.000,0.000,0.000,0.000,0.000,0.000,0.000
2025-07-06 22:58:53,235.505,235.460,235.451,0.000,0.000,0.000,2.167,2.164,2.166,0.318,0.299,0.318,0.120,0.119,0.124,1.258,1.257,1.257,0.053,0.055,0.055,1.102,1.100,1.099,0.051,0.051,0.059,1.225,1.230,1.227,0.049,0.050,0.050,0.301,0.300,0.306,0.014,0.013,0.000,0.130,0.134,0.128,0.048,0.046,0.050,0.239,0.236,0.243,0.053,0.048,0.052,0.089,0.086,0.089,0.057,0.056,0.053,0.173,0.180,0.172,0.072,0.057,0.060,0.191,0.191,0.189,0.070,0.055,0.065,0.049,0.055,0.052,0.115,0.076,0.098,0.089,0.090,0.089,0.082,0.070,0.086,0.077,0.074,0.080,0.095,0.080,0.099,0.070,0.076,0.070,0.122,0.119,0.122,0.079,0.077,0.089,0.068,0.065,0.070,0.062,0.067,0.062,0.079,0.074,0.075,0.098,0.106,0.093,0.013,0.016,0.030,0.066,0.062,0.068,0.000,0.013,0.000,0.093,0.093,0.092,0.000,0.000,0.000,0.045,0.016,0.046,0.000,0.000,0.000,0.054,0.059,0.054,0.000,0.000,0.000,0.029,0.000,0.014,0.000,0.000,0.000,0.000,0.000,0.000,0.000,0.000,0.000,0.000,0.000,0.000,0.000,0.000,0.000,0.000,0.000,0.000,0.000,0.000,0.000,0.000,0.000,0.000,0.000,0.000,0.000,0.104,0.102,0.094,0.027,0.043,0.033,0.027,0.046,0.026,0.000,0.000,0.000,0.031,0.032,0.050,0.000,0.000,0.000,0.014,0.013,0.000,0.000,0.000,0.000,0.000,0.000,0.000,0.000,0.000,0.000,0.013,0.029,0.029,0.027,0.026,0.025,0.029,0.016,0.044,0.047,0.030,0.046,0.051,0.056,0.051,0.049,0.035,0.038,0.068,0.054,0.054,0.050,0.054,0.052,0.076,0.055,0.066,0.030,0.039,0.033,0.109,0.070,0.093,0.058,0.043,0.040,0.085,0.069,0.094,0.047,0.053,0.034,0.097,0.080,0.103,0.043,0.036,0.029,0.115,0.115,0.122,0.048,0.047,0.050,0.066,0.066,0.072,0.000,0.029,0.000,0.072,0.070,0.067,0.000,0.027,0.028,0.000,0.000,0.015,0.000,0.000,0.000,0.000,0.000,0.000,0.000,0.000,0.000,0.000,0.000,0.000,0.000,0.000,0.000,0.000,0.000,0.000,0.000,0.000,0.000,0.000,0.000,0.000,0.000,0.000,0.000,0.000,0.000,0.000,0.000,0.000,0.000,0.000,0.000,0.000,0.000,0.000,0.000,0.000,0.000,0.000,0.000,0.000,0.000,0.000,0.000,0.000
2025-07-06 22:58:56,235.469,235.425,235.416,0.000,0.000,0.000,2.165,2.163,2.158,0.310,0.307,0.309,0.105,0.102,0.109,1.258,1.255,1.253,0.049,0.053,0.056,1.096,1.094,1.091,0.058,0.051,0.050,1.229,1.232,1.228,0.050,0.044,0.050,0.307,0.305,0.307,0.015,0.013,0.000,0.125,0.122,0.128,0.051,0.050,0.049,0.240,0.242,0.241,0.057,0.055,0.052,0.091,0.092,0.092,0.060,0.052,0.055,0.180,0.186,0.181,0.069,0.052,0.069,0.192,0.187,0.184,0.074,0.054,0.074,0.060,0.060,0.050,0.092,0.087,0.101,0.097,0.098,0.087,0.059,0.087,0.069,0.076,0.076,0.080,0.085,0.101,0.095,0.067,0.069,0.065,0.115,0.128,0.108,0.068,0.075,0.075,0.071,0.069,0.069,0.055,0.055,0.052,0.079,0.071,0.075,0.102,0.097,0.097,0.000,0.013,0.000,0.066,0.068,0.067,0.000,0.000,0.013,0.093,0.087,0.090,0.000,0.000,0.000,0.046,0.034,0.035,0.000,0.000,0.000,0.053,0.050,0.055,0.000,0.000,0.000,0.014,0.029,0.027,0.000,0.000,0.000,0.000,0.000,0.000,0.000,0.000,0.000,0.000,0.000,0.000,0.000,0.000,0.000,0.000,0.000,0.000,0.000,0.000,0.000,0.000,0.000,0.000,0.000,0.000,0.000,0.095,0.096,0.103,0.016,0.000,0.015,0.042,0.013,0.014,0.000,0.014,0.000,0.047,0.043,0.044,0.000,0.000,0.000,0.026,0.000,0.014,0.000,0.000,0.000,0.013,0.000,0.000,0.000,0.000,0.000,0.044,0.015,0.015,0.013,0.000,0.017,0.049,0.050,0.030,0.033,0.027,0.048,0.056,0.051,0.051,0.050,0.033,0.056,0.066,0.041,0.068,0.038,0.050,0.046,0.075,0.059,0.074,0.052,0.055,0.047,0.093,0.084,0.099,0.050,0.040,0.041,0.068,0.090,0.072,0.037,0.036,0.034,0.088,0.104,0.098,0.016,0.034,0.030,0.114,0.121,0.109,0.033,0.030,0.044,0.073,0.073,0.069,0.000,0.015,0.000,0.070,0.068,0.070,0.013,0.014,0.000,0.013,0.000,0.013,0.000,0.000,0.000,0.000,0.000,0.000,0.000,0.000,0.000,0.000,0.000,0.000,0.000,0.000,0.000,0.000,0.000,0.000,0.000,0.000,0.000,0.000,0.000,0.000,0.000,0.000,0.000,0.000,0.000,0.000,0.000,0.000,0.000,0.000,0.000,0.000,0.000,0.000,0.000,0.000,0.000,0.000,0.000,0.000,0.000,0.000,0.000,0.000
2025-07-06 22:58:59,235.381,235.336,235.327,0.000,0.000,0.000,2.162,2.167,2.163,0.300,0.316,0.294,0.114,0.106,0.106,1.254,1.259,1.256,0.061,0.047,0.053,1.097,1.099,1.094,0.046,0.053,0.056,1.227,1.229,1.230,0.047,0.049,0.046,0.305,0.305,0.303,0.031,0.000,0.013,0.120,0.123,0.124,0.047,0.053,0.050,0.239,0.235,0.241,0.054,0.054,0.053,0.097,0.093,0.101,0.058,0.053,0.053,0.187,0.188,0.186,0.057,0.070,0.062,0.198,0.187,0.202,0.031,0.070,0.063,0.059,0.054,0.063,0.077,0.101,0.079,0.104,0.087,0.108,0.070,0.093,0.051,0.086,0.079,0.089,0.087,0.097,0.080,0.061,0.066,0.059,0.125,0.129,0.110,0.080,0.071,0.080,0.069,0.063,0.070,0.059,0.052,0.055,0.075,0.071,0.074,0.099,0.102,0.099,0.013,0.014,0.015,0.073,0.070,0.068,0.000,0.000,0.000,0.090,0.087,0.091,0.000,0.000,0.000,0.030,0.030,0.030,0.013,0.000,0.000,0.051,0.032,0.054,0.000,0.000,0.000,0.013,0.027,0.000,0.000,0.000,0.000,0.000,0.000,0.000,0.000,0.000,0.000,0.000,0.000,0.000,0.000,0.000,0.000,0.000,0.000,0.000,0.000,0.000,0.000,0.000,0.000,0.000,0.000,0.000,0.000,0.104,0.093,0.091,0.000,0.025,0.018,0.040,0.000,0.003,0.000,0.002,0.000,0.031,0.044,0.050,0.000,0.000,0.000,0.027,0.017,0.011,0.000,0.000,0.000,0.013,0.000,0.000,0.000,0.000,0.000,0.024,0.041,0.002,0.000,0.025,0.028,0.028,0.046,0.044,0.050,0.044,0.048,0.051,0.034,0.045,0.036,0.049,0.053,0.054,0.069,0.058,0.057,0.033,0.058,0.046,0.074,0.057,0.052,0.035,0.054,0.071,0.100,0.078,0.056,0.038,0.056,0.075,0.092,0.062,0.058,0.030,0.056,0.088,0.101,0.084,0.033,0.045,0.033,0.121,0.123,0.112,0.035,0.044,0.048,0.072,0.066,0.071,0.016,0.013,0.003,0.066,0.071,0.068,0.000,0.002,0.000,0.000,0.000,0.000,0.000,0.000,0.000,0.000,0.000,0.000,0.000,0.000,0.000,0.000,0.000,0.000,0.000,0.000,0.000,0.000,0.000,0.000,0.000,0.000,0.000,0.000,0.000,0.000,0.000,0.000,0.000,0.000,0.000,0.000,0.000,0.000,0.000,0.000,0.000,0.000,0.000,0.000,0.000,0.000,0.000,0.000,0.000,0.000,0.000,0.000,0.000,0.000
2025-07-06 22:59:02,235.359,235.315,235.305,0.000,0.000,0.000,2.170,2.171,2.166,0.313,0.313,0.296,0.113,0.117,0.115,1.267,1.271,1.264,0.055,0.055,0.058,1.089,1.088,1.085,0.055,0.051,0.054,1.234,1.236,1.237,0.044,0.051,0.049,0.310,0.306,0.304,0.000,0.013,0.027,0.136,0.131,0.129,0.053,0.051,0.050,0.230,0.227,0.236,0.055,0.052,0.053,0.098,0.100,0.092,0.055,0.053,0.057,0.187,0.181,0.185,0.048,0.067,0.048,0.194,0.194,0.192,0.051,0.072,0.051,0.060,0.063,0.059,0.092,0.100,0.069,0.103,0.099,0.106,0.082,0.070,0.077,0.082,0.075,0.084,0.103,0.089,0.085,0.062,0.060,0.054,0.125,0.122,0.119,0.078,0.059,0.075,0.070,0.068,0.071,0.056,0.047,0.054,0.079,0.072,0.068,0.090,0.105,0.098,0.015,0.015,0.014,0.069,0.066,0.071,0.000,0.000,0.000,0.083,0.086,0.082,0.000,0.000,0.000,0.030,0.028,0.029,0.000,0.000,0.000,0.033,0.051,0.044,0.000,0.000,0.000,0.013,0.000,0.016,0.000,0.000,0.000,0.000,0.000,0.000,0.000,0.000,0.000,0.000,0.000,0.000,0.000,0.000,0.000,0.000,0.000,0.000,0.000,0.000,0.000,0.000,0.000,0.000,0.000,0.000,0.000,0.098,0.102,0.097,0.037,0.000,0.012,0.031,0.000,0.041,0.000,0.027,0.000,0.046,0.046,0.045,0.000,0.000,0.000,0.000,0.010,0.000,0.000,0.000,0.000,0.000,0.000,0.000,0.000,0.000,0.000,0.017,0.028,0.040,0.043,0.019,0.013,0.046,0.043,0.029,0.046,0.045,0.049,0.046,0.048,0.046,0.058,0.047,0.056,0.034,0.065,0.044,0.051,0.055,0.054,0.052,0.074,0.033,0.055,0.052,0.057,0.082,0.100,0.065,0.059,0.057,0.042,0.087,0.070,0.081,0.047,0.039,0.053,0.101,0.093,0.085,0.052,0.031,0.032,0.124,0.111,0.118,0.016,0.051,0.048,0.071,0.068,0.070,0.000,0.000,0.015,0.073,0.068,0.063,0.000,0.011,0.017,0.000,0.013,0.000,0.000,0.000,0.000,0.000,0.000,0.000,0.000,0.000,0.000,0.000,0.000,0.000,0.000,0.000,0.000,0.000,0.000,0.000,0.000,0.000,0.000,0.000,0.000,0.000,0.000,0.000,0.000,0.000,0.000,0.000,0.000,0.000,0.000,0.000,0.000,0.000,0.000,0.000,0.000,0.000,0.000,0.000,0.000,0.000,0.000,0.000,0.000,0.000
2025-07-06 22:59:05,235.400,235.356,235.347,0.000,0.000,0.000,2.172,2.165,2.161,0.321,0.302,0.314,0.114,0.112,0.104,1.270,1.255,1.253,0.055,0.056,0.055,1.082,1.088,1.084,0.050,0.061,0.050,1.240,1.242,1.240,0.046,0.051,0.030,0.303,0.295,0.294,0.000,0.000,0.013,0.128,0.130,0.133,0.048,0.052,0.047,0.243,0.240,0.245,0.051,0.054,0.056,0.081,0.079,0.071,0.056,0.055,0.056,0.193,0.193,0.198,0.069,0.063,0.053,0.184,0.185,0.176,0.068,0.068,0.056,0.061,0.063,0.068,0.105,0.084,0.081,0.096,0.097,0.094,0.092,0.059,0.086,0.087,0.076,0.087,0.102,0.084,0.096,0.057,0.072,0.073,0.121,0.124,0.126,0.076,0.073,0.090,0.071,0.067,0.076,0.034,0.036,0.055,0.074,0.075,0.068,0.095,0.109,0.102,0.015,0.013,0.014,0.079,0.078,0.076,0.000,0.000,0.000,0.071,0.079,0.081,0.000,0.000,0.000,0.033,0.034,0.036,0.000,0.000,0.000,0.044,0.050,0.035,0.000,0.000,0.000,0.014,0.000,0.000,0.000,0.000,0.000,0.000,0.000,0.000,0.000,0.000,0.000,0.000,0.000,0.000,0.000,0.000,0.000,0.000,0.000,0.000,0.000,0.000,0.000,0.000,0.000,0.000,0.000,0.000,0.000,0.107,0.097,0.090,0.012,0.028,0.017,0.025,0.029,0.002,0.000,0.000,0.000,0.043,0.051,0.046,0.000,0.000,0.000,0.014,0.000,0.014,0.000,0.000,0.000,0.000,0.000,0.000,0.002,0.000,0.000,0.025,0.041,0.025,0.013,0.024,0.028,0.045,0.046,0.043,0.032,0.045,0.046,0.048,0.020,0.048,0.038,0.055,0.049,0.067,0.058,0.053,0.039,0.038,0.053,0.066,0.065,0.056,0.050,0.053,0.057,0.102,0.080,0.086,0.042,0.054,0.053,0.096,0.057,0.094,0.032,0.056,0.047,0.105,0.082,0.101,0.033,0.032,0.031,0.117,0.118,0.126,0.033,0.043,0.043,0.067,0.064,0.074,0.010,0.015,0.027,0.067,0.071,0.066,0.025,0.027,0.010,0.000,0.027,0.003,0.000,0.002,0.000,0.000,0.000,0.000,0.000,0.000,0.000,0.000,0.000,0.000,0.000,0.000,0.000,0.000,0.000,0.000,0.000,0.000,0.000,0.000,0.000,0.000,0.000,0.000,0.000,0.000,0.000,0.000,0.000,0.000,0.000,0.000,0.000,0.000,0.000,0.000,0.000,0.000,0.000,0.000,0.000,0.000,0.000,0.000,0.000,0.000
2025-07-06 22:59:08,235.464,235.420,235.411,0.000,0.000,0.000,2.125,2.120,2.120,0.317,0.295,0.321,0.107,0.111,0.104,1.160,1.155,1.156,0.047,0.060,0.056,1.076,1.077,1.073,0.056,0.054,0.055,1.250,1.245,1.244,0.033,0.045,0.049,0.306,0.309,0.313,0.015,0.029,0.031,0.120,0.114,0.114,0.048,0.054,0.051,0.332,0.333,0.341,0.056,0.060,0.053,0.056,0.065,0.061,0.047,0.070,0.058,0.221,0.222,0.229,0.069,0.072,0.056,0.147,0.158,0.147,0.071,0.060,0.059,0.057,0.065,0.062,0.107,0.085,0.090,0.105,0.109,0.117,0.085,0.051,0.094,0.055,0.067,0.058,0.102,0.083,0.103,0.086,0.072,0.079,0.122,0.112,0.132,0.054,0.038,0.044,0.068,0.067,0.070,0.076,0.083,0.075,0.071,0.071,0.075,0.109,0.111,0.102,0.014,0.000,0.017,0.033,0.042,0.030,0.000,0.000,0.000,0.098,0.106,0.094,0.000,0.013,0.000,0.015,0.000,0.000,0.000,0.000,0.000,0.064,0.069,0.064,0.000,0.000,0.000,0.000,0.013,0.013,0.000,0.000,0.000,0.000,0.000,0.000,0.000,0.000,0.000,0.000,0.000,0.000,0.000,0.000,0.000,0.000,0.000,0.000,0.000,0.000,0.000,0.000,0.000,0.000,0.000,0.000,0.000,0.090,0.098,0.088,0.016,0.000,0.042,0.016,0.013,0.043,0.000,0.013,0.000,0.049,0.048,0.030,0.000,0.000,0.000,0.000,0.000,0.000,0.000,0.000,0.000,0.000,0.000,0.014,0.010,0.000,0.000,0.000,0.041,0.015,0.027,0.015,0.031,0.049,0.045,0.019,0.017,0.053,0.049,0.016,0.061,0.044,0.050,0.057,0.056,0.070,0.064,0.055,0.049,0.054,0.051,0.072,0.058,0.056,0.036,0.041,0.054,0.105,0.078,0.088,0.058,0.051,0.045,0.095,0.059,0.098,0.017,0.051,0.037,0.105,0.084,0.104,0.044,0.019,0.041,0.124,0.106,0.128,0.041,0.037,0.033,0.072,0.068,0.071,0.002,0.017,0.027,0.071,0.061,0.074,0.000,0.015,0.000,0.018,0.000,0.015,0.000,0.010,0.000,0.000,0.000,0.000,0.000,0.000,0.000,0.000,0.000,0.000,0.000,0.000,0.000,0.000,0.000,0.000,0.000,0.000,0.000,0.000,0.000,0.000,0.000,0.000,0.000,0.000,0.000,0.000,0.000,0.000,0.000,0.000,0.000,0.000,0.000,0.000,0.000,0.000,0.000,0.000,0.000,0.000,0.000,0.000,0.000,0.000
2025-07-06 22:59:11,235.442,235.398,235.389,0.000,0.000,0.000,2.111,2.108,2.111,0.331,0.295,0.324,0.117,0.107,0.116,1.135,1.134,1.131,0.057,0.053,0.058,1.070,1.069,1.072,0.047,0.055,0.047,1.248,1.252,1.248,0.031,0.029,0.046,0.308,0.310,0.312,0.015,0.028,0.014,0.111,0.112,0.108,0.051,0.048,0.050,0.344,0.340,0.342,0.055,0.057,0.058,0.074,0.072,0.071,0.062,0.056,0.059,0.216,0.221,0.221,0.077,0.057,0.064,0.163,0.170,0.165,0.081,0.062,0.059,0.056,0.062,0.056,0.106,0.076,0.098,0.112,0.126,0.130,0.096,0.052,0.097,0.053,0.060,0.050,0.101,0.079,0.103,0.063,0.063,0.070,0.125,0.110,0.137,0.057,0.059,0.060,0.073,0.070,0.073,0.067,0.080,0.078,0.077,0.072,0.081,0.104,0.101,0.095,0.015,0.030,0.015,0.032,0.030,0.044,0.013,0.000,0.000,0.096,0.104,0.097,0.000,0.000,0.000,0.000,0.014,0.014,0.000,0.000,0.013,0.060,0.062,0.058,0.000,0.000,0.000,0.016,0.013,0.000,0.000,0.000,0.000,0.000,0.000,0.000,0.000,0.000,0.000,0.000,0.000,0.000,0.000,0.000,0.000,0.000,0.000,0.000,0.000,0.000,0.000,0.000,0.000,0.000,0.000,0.000,0.000,0.103,0.093,0.099,0.024,0.031,0.014,0.012,0.035,0.027,0.000,0.000,0.000,0.043,0.047,0.043,0.000,0.000,0.000,0.014,0.002,0.000,0.000,0.000,0.000,0.013,0.000,0.000,0.000,0.000,0.000,0.019,0.029,0.016,0.014,0.002,0.025,0.030,0.045,0.044,0.048,0.047,0.047,0.052,0.049,0.049,0.051,0.052,0.054,0.072,0.050,0.059,0.053,0.055,0.052,0.079,0.056,0.061,0.051,0.058,0.041,0.106,0.068,0.092,0.038,0.059,0.053,0.094,0.060,0.098,0.035,0.041,0.032,0.103,0.082,0.104,0.034,0.034,0.037,0.122,0.111,0.129,0.029,0.048,0.036,0.073,0.067,0.074,0.010,0.040,0.013,0.077,0.065,0.075,0.016,0.002,0.003,0.010,0.013,0.025,0.000,0.000,0.000,0.000,0.000,0.000,0.000,0.000,0.000,0.000,0.000,0.000,0.000,0.000,0.000,0.000,0.000,0.000,0.000,0.000,0.000,0.000,0.000,0.000,0.000,0.000,0.000,0.000,0.000,0.000,0.000,0.000,0.000,0.000,0.000,0.000,0.000,0.000,0.000,0.000,0.000,0.000,0.000,0.000,0.000,0.000,0.000,0.000
2025-07-06 22:59:14,219.724,235.374,235.365,0.000,0.000,0.000,1.973,2.107,2.112,0.299,0.295,0.328,0.098,0.113,0.102,1.056,1.131,1.128,0.047,0.058,0.054,1.001,1.070,1.070,0.049,0.048,0.053,1.170,1.254,1.253,0.041,0.048,0.052,0.293,0.308,0.311,0.000,0.041,0.014,0.094,0.103,0.102,0.045,0.048,0.049,0.325,0.344,0.342,0.053,0.050,0.052,0.067,0.069,0.073,0.052,0.062,0.058,0.208,0.225,0.229,0.067,0.057,0.073,0.146,0.163,0.155,0.073,0.052,0.075,0.050,0.061,0.057,0.101,0.064,0.109,0.115,0.126,0.123,0.080,0.068,0.095,0.059,0.058,0.062,0.094,0.081,0.109,0.057,0.061,0.072,0.117,0.111,0.135,0.060,0.052,0.067,0.070,0.068,0.071,0.061,0.074,0.076,0.068,0.066,0.083,0.099,0.100,0.099,0.027,0.015,0.027,0.029,0.048,0.049,0.000,0.000,0.000,0.093,0.103,0.096,0.000,0.000,0.000,0.013,0.029,0.016,0.010,0.000,0.000,0.054,0.061,0.062,0.000,0.000,0.000,0.010,0.000,0.000,0.000,0.000,0.000,0.000,0.000,0.000,0.000,0.000,0.000,0.000,0.000,0.000,0.000,0.000,0.000,0.000,0.000,0.000,0.000,0.000,0.000,0.000,0.000,0.000,0.000,0.000,0.000,0.086,0.105,0.095,0.002,0.000,0.031,0.016,0.011,0.043,0.000,0.000,0.000,0.044,0.045,0.027,0.000,0.000,0.000,0.000,0.037,0.000,0.000,0.000,0.000,0.000,0.000,0.000,0.000,0.000,0.000,0.025,0.029,0.015,0.002,0.011,0.002,0.044,0.027,0.029,0.033,0.046,0.030,0.049,0.055,0.036,0.045,0.052,0.051,0.063,0.051,0.065,0.049,0.057,0.050,0.074,0.044,0.073,0.049,0.060,0.055,0.098,0.062,0.099,0.051,0.060,0.060,0.078,0.068,0.098,0.049,0.057,0.039,0.096,0.083,0.107,0.031,0.050,0.049,0.105,0.112,0.125,0.044,0.034,0.033,0.070,0.070,0.072,0.002,0.002,0.000,0.066,0.062,0.074,0.024,0.013,0.043,0.000,0.000,0.014,0.000,0.000,0.000,0.000,0.000,0.000,0.000,0.000,0.000,0.000,0.000,0.000,0.000,0.000,0.000,0.000,0.000,0.000,0.000,0.000,0.000,0.000,0.000,0.000,0.000,0.000,0.000,0.000,0.000,0.000,0.000,0.000,0.000,0.000,0.000,0.000,0.000,0.000,0.000,0.000,0.000,0.000,0.000,0.000,0.000,0.000,0.000,0.000
2025-07-06 22:59:17,235.437,235.393,235.384,0.000,0.000,0.000,2.096,2.091,2.099,0.299,0.317,0.319,0.121,0.119,0.126,1.133,1.129,1.137,0.065,0.054,0.058,1.058,1.055,1.052,0.049,0.055,0.047,1.234,1.232,1.235,0.052,0.048,0.051,0.314,0.314,0.311,0.000,0.015,0.029,0.107,0.114,0.115,0.049,0.051,0.052,0.349,0.339,0.346,0.048,0.058,0.056,0.076,0.071,0.073,0.063,0.062,0.058,0.236,0.237,0.236,0.067,0.057,0.076,0.162,0.165,0.162,0.070,0.059,0.073,0.056,0.059,0.052,0.088,0.081,0.112,0.118,0.127,0.123,0.064,0.084,0.076,0.066,0.057,0.059,0.087,0.093,0.098,0.062,0.063,0.063,0.117,0.126,0.118,0.060,0.059,0.069,0.061,0.072,0.066,0.067,0.070,0.067,0.066,0.076,0.080,0.104,0.101,0.108,0.014,0.015,0.026,0.035,0.047,0.046,0.000,0.000,0.000,0.099,0.098,0.100,0.000,0.000,0.000,0.029,0.029,0.014,0.000,0.000,0.000,0.057,0.058,0.055,0.000,0.000,0.000,0.000,0.000,0.013,0.000,0.000,0.000,0.000,0.000,0.000,0.000,0.000,0.000,0.000,0.000,0.000,0.000,0.000,0.000,0.000,0.000,0.000,0.000,0.000,0.000,0.000,0.000,0.000,0.000,0.000,0.000,0.107,0.097,0.108,0.040,0.022,0.014,0.029,0.034,0.013,0.000,0.000,0.000,0.043,0.044,0.034,0.000,0.000,0.000,0.017,0.002,0.029,0.000,0.000,0.000,0.000,0.014,0.000,0.000,0.000,0.000,0.014,0.014,0.032,0.025,0.033,0.039,0.014,0.016,0.028,0.044,0.051,0.051,0.051,0.035,0.041,0.052,0.058,0.047,0.059,0.051,0.066,0.056,0.056,0.056,0.063,0.044,0.072,0.055,0.057,0.053,0.078,0.082,0.103,0.060,0.046,0.056,0.057,0.091,0.073,0.057,0.048,0.038,0.085,0.097,0.096,0.036,0.033,0.032,0.108,0.126,0.108,0.034,0.043,0.043,0.062,0.072,0.064,0.013,0.027,0.015,0.060,0.071,0.073,0.013,0.026,0.024,0.000,0.000,0.000,0.000,0.000,0.000,0.000,0.000,0.000,0.000,0.000,0.000,0.000,0.000,0.000,0.000,0.000,0.000,0.000,0.000,0.000,0.000,0.000,0.000,0.000,0.000,0.000,0.000,0.000,0.000,0.000,0.000,0.000,0.000,0.000,0.000,0.000,0.000,0.000,0.000,0.000,0.000,0.000,0.000,0.000,0.000,0.000,0.000,0.000,0.000,0.000
2025-07-06 22:59:20,235.484,235.440,235.431,0.000,0.000,0.000,2.082,2.089,2.082,0.301,0.323,0.296,0.112,0.127,0.112,1.121,1.124,1.120,0.052,0.058,0.059,1.056,1.052,1.050,0.056,0.052,0.056,1.231,1.237,1.236,0.046,0.053,0.045,0.308,0.306,0.302,0.013,0.014,0.027,0.121,0.113,0.117,0.045,0.051,0.052,0.338,0.341,0.340,0.054,0.053,0.054,0.056,0.065,0.068,0.054,0.057,0.057,0.246,0.240,0.244,0.051,0.069,0.061,0.141,0.150,0.155,0.049,0.079,0.056,0.059,0.050,0.062,0.078,0.103,0.082,0.121,0.120,0.119,0.074,0.091,0.061,0.064,0.053,0.070,0.083,0.100,0.081,0.065,0.064,0.065,0.127,0.116,0.114,0.052,0.064,0.056,0.063,0.074,0.062,0.069,0.071,0.075,0.075,0.070,0.069,0.104,0.094,0.099,0.014,0.013,0.000,0.051,0.048,0.033,0.000,0.000,0.000,0.097,0.095,0.101,0.000,0.000,0.000,0.013,0.014,0.015,0.000,0.000,0.000,0.053,0.055,0.060,0.000,0.000,0.000,0.013,0.000,0.027,0.000,0.000,0.000,0.000,0.000,0.000,0.000,0.000,0.000,0.000,0.000,0.000,0.000,0.000,0.000,0.000,0.000,0.000,0.000,0.000,0.000,0.000,0.000,0.000,0.000,0.000,0.000,0.099,0.106,0.095,0.000,0.028,0.031,0.017,0.024,0.041,0.000,0.000,0.000,0.048,0.031,0.045,0.000,0.000,0.000,0.012,0.039,0.000,0.000,0.000,0.000,0.000,0.000,0.000,0.000,0.000,0.000,0.017,0.024,0.025,0.013,0.013,0.019,0.030,0.043,0.031,0.049,0.032,0.048,0.047,0.053,0.047,0.050,0.046,0.055,0.050,0.067,0.054,0.047,0.049,0.051,0.048,0.077,0.059,0.056,0.049,0.051,0.069,0.100,0.075,0.060,0.056,0.051,0.076,0.090,0.066,0.055,0.048,0.053,0.086,0.099,0.084,0.051,0.034,0.037,0.120,0.119,0.112,0.042,0.031,0.029,0.066,0.072,0.067,0.042,0.010,0.030,0.069,0.071,0.064,0.014,0.002,0.000,0.003,0.000,0.002,0.000,0.000,0.000,0.000,0.000,0.000,0.000,0.000,0.000,0.000,0.000,0.000,0.000,0.000,0.000,0.000,0.000,0.000,0.000,0.000,0.000,0.000,0.000,0.000,0.000,0.000,0.000,0.000,0.000,0.000,0.000,0.000,0.000,0.000,0.000,0.000,0.000,0.000,0.000,0.000,0.000,0.000,0.000,0.000,0.000,0.000,0.000,0.000
2025-07-06 22:59:23,235.487,235.442,235.433,0.000,0.000,0.000,2.090,2.088,2.091,0.323,0.303,0.309,0.120,0.106,0.114,1.131,1.128,1.128,0.058,0.050,0.055,1.056,1.057,1.060,0.049,0.057,0.051,1.232,1.230,1.231,0.053,0.046,0.046,0.311,0.308,0.312,0.014,0.027,0.013,0.112,0.108,0.109,0.052,0.050,0.047,0.332,0.343,0.337,0.057,0.059,0.054,0.062,0.071,0.060,0.063,0.060,0.054,0.241,0.250,0.247,0.071,0.065,0.067,0.145,0.154,0.150,0.076,0.062,0.064,0.057,0.065,0.055,0.100,0.086,0.096,0.107,0.115,0.119,0.085,0.061,0.087,0.060,0.061,0.054,0.101,0.086,0.094,0.060,0.064,0.069,0.125,0.116,0.124,0.060,0.059,0.057,0.071,0.069,0.064,0.062,0.073,0.066,0.071,0.072,0.077,0.099,0.100,0.096,0.017,0.013,0.027,0.046,0.036,0.037,0.000,0.000,0.000,0.092,0.097,0.094,0.000,0.000,0.000,0.016,0.027,0.029,0.000,0.000,0.000,0.057,0.059,0.054,0.000,0.000,0.000,0.013,0.000,0.000,0.000,0.000,0.000,0.000,0.000,0.000,0.000,0.000,0.000,0.000,0.000,0.000,0.000,0.000,0.000,0.000,0.000,0.000,0.000,0.000,0.000,0.000,0.000,0.000,0.000,0.000,0.000,0.099,0.094,0.099,0.032,0.002,0.025,0.044,0.017,0.000,0.000,0.000,0.000,0.027,0.050,0.047,0.000,0.000,0.000,0.013,0.000,0.000,0.000,0.000,0.000,0.000,0.000,0.000,0.000,0.000,0.000,0.016,0.000,0.017,0.000,0.026,0.010,0.034,0.049,0.033,0.048,0.034,0.045,0.052,0.049,0.048,0.055,0.056,0.051,0.067,0.057,0.061,0.053,0.057,0.050,0.072,0.058,0.065,0.055,0.058,0.051,0.097,0.079,0.094,0.052,0.060,0.051,0.084,0.067,0.087,0.038,0.050,0.019,0.103,0.086,0.097,0.036,0.050,0.035,0.122,0.116,0.119,0.033,0.032,0.018,0.071,0.068,0.069,0.000,0.028,0.000,0.068,0.066,0.074,0.031,0.010,0.015,0.025,0.013,0.028,0.000,0.000,0.000,0.000,0.000,0.000,0.000,0.000,0.000,0.000,0.000,0.000,0.000,0.000,0.000,0.000,0.000,0.000,0.000,0.000,0.000,0.000,0.000,0.000,0.000,0.000,0.000,0.000,0.000,0.000,0.000,0.000,0.000,0.000,0.000,0.000,0.000,0.000,0.000,0.000,0.000,0.000,0.000,0.000,0.000,0.000,0.000,0.000
2025-07-06 22:59:26,235.500,235.455,235.447,0.000,0.000,0.000,2.093,2.091,2.093,0.306,0.321,0.294,0.110,0.108,0.098,1.131,1.126,1.139,0.050,0.057,0.056,1.054,1.055,1.051,0.051,0.051,0.061,1.239,1.235,1.236,0.049,0.048,0.047,0.316,0.313,0.312,0.029,0.014,0.014,0.106,0.111,0.107,0.049,0.046,0.048,0.341,0.339,0.347,0.057,0.053,0.059,0.064,0.068,0.064,0.062,0.061,0.059,0.245,0.239,0.243,0.066,0.073,0.064,0.150,0.148,0.147,0.055,0.071,0.057,0.060,0.058,0.057,0.081,0.105,0.079,0.117,0.113,0.119,0.066,0.089,0.061,0.065,0.058,0.058,0.086,0.101,0.082,0.060,0.064,0.053,0.115,0.129,0.112,0.053,0.060,0.054,0.067,0.069,0.069,0.070,0.069,0.058,0.070,0.084,0.068,0.093,0.094,0.099,0.016,0.028,0.029,0.047,0.033,0.051,0.000,0.000,0.000,0.102,0.091,0.099,0.000,0.000,0.000,0.027,0.027,0.030,0.000,0.000,0.000,0.058,0.053,0.055,0.000,0.000,0.000,0.000,0.000,0.000,0.000,0.000,0.000,0.000,0.000,0.000,0.000,0.000,0.000,0.000,0.000,0.000,0.000,0.000,0.000,0.000,0.000,0.000,0.000,0.000,0.000,0.000,0.000,0.000,0.000,0.000,0.000,0.103,0.094,0.088,0.002,0.025,0.003,0.010,0.041,0.019,0.000,0.000,0.000,0.046,0.042,0.051,0.000,0.000,0.000,0.000,0.016,0.013,0.000,0.000,0.000,0.000,0.000,0.002,0.000,0.000,0.000,0.025,0.016,0.025,0.017,0.018,0.002,0.046,0.030,0.046,0.050,0.047,0.049,0.056,0.052,0.053,0.051,0.055,0.050,0.055,0.068,0.061,0.055,0.053,0.051,0.040,0.076,0.056,0.056,0.051,0.034,0.078,0.101,0.079,0.056,0.052,0.057,0.071,0.088,0.066,0.056,0.020,0.052,0.092,0.098,0.085,0.046,0.035,0.032,0.116,0.120,0.113,0.044,0.029,0.049,0.067,0.068,0.070,0.013,0.016,0.002,0.066,0.075,0.067,0.027,0.014,0.003,0.015,0.000,0.011,0.000,0.000,0.000,0.000,0.000,0.000,0.000,0.000,0.000,0.000,0.000,0.000,0.000,0.000,0.000,0.000,0.000,0.000,0.000,0.000,0.000,0.000,0.000,0.000,0.000,0.000,0.000,0.000,0.000,0.000,0.000,0.000,0.000,0.000,0.000,0.000,0.000,0.000,0.000,0.000,0.000,0.000,0.000,0.000,0.000,0.000,0.000,0.000
2025-07-06 22:59:29,235.427,235.382,235.374,0.000,0.000,0.000,2.091,2.090,2.089,0.318,0.307,0.321,0.102,0.101,0.114,1.129,1.127,1.125,0.056,0.053,0.059,1.051,1.052,1.053,0.051,0.053,0.050,1.240,1.239,1.237,0.048,0.043,0.049,0.314,0.319,0.313,0.000,0.000,0.043,0.106,0.105,0.106,0.048,0.054,0.047,0.339,0.344,0.337,0.052,0.054,0.052,0.059,0.060,0.061,0.058,0.061,0.063,0.245,0.253,0.249,0.069,0.060,0.062,0.144,0.147,0.147,0.070,0.064,0.064,0.059,0.058,0.054,0.106,0.080,0.095,0.112,0.114,0.113,0.086,0.072,0.086,0.055,0.068,0.058,0.102,0.086,0.097,0.064,0.067,0.060,0.129,0.120,0.121,0.059,0.056,0.057,0.067,0.069,0.069,0.056,0.064,0.064,0.080,0.064,0.076,0.095,0.101,0.089,0.026,0.030,0.015,0.053,0.049,0.055,0.000,0.000,0.000,0.089,0.098,0.090,0.000,0.000,0.000,0.028,0.030,0.032,0.000,0.000,0.000,0.049,0.056,0.049,0.000,0.000,0.000,0.000,0.000,0.000,0.000,0.000,0.000,0.000,0.000,0.000,0.000,0.000,0.000,0.000,0.000,0.000,0.000,0.000,0.000,0.000,0.000,0.000,0.000,0.000,0.000,0.000,0.000,0.000,0.000,0.000,0.000,0.094,0.095,0.103,0.025,0.017,0.029,0.030,0.002,0.027,0.000,0.000,0.003,0.044,0.048,0.043,0.000,0.000,0.000,0.016,0.011,0.018,0.000,0.000,0.000,0.002,0.000,0.010,0.000,0.000,0.000,0.017,0.029,0.016,0.011,0.044,0.013,0.046,0.045,0.043,0.044,0.043,0.046,0.036,0.051,0.056,0.051,0.046,0.052,0.063,0.056,0.061,0.053,0.056,0.047,0.071,0.061,0.066,0.053,0.054,0.051,0.097,0.078,0.093,0.054,0.046,0.053,0.083,0.077,0.089,0.048,0.054,0.048,0.101,0.091,0.099,0.048,0.047,0.046,0.119,0.116,0.116,0.052,0.047,0.047,0.066,0.072,0.067,0.002,0.025,0.011,0.070,0.061,0.070,0.026,0.017,0.030,0.000,0.000,0.000,0.000,0.000,0.000,0.000,0.000,0.000,0.000,0.000,0.000,0.000,0.000,0.000,0.000,0.000,0.000,0.000,0.000,0.000,0.000,0.000,0.000,0.000,0.000,0.000,0.000,0.000,0.000,0.000,0.000,0.000,0.000,0.000,0.000,0.000,0.000,0.000,0.000,0.000,0.000,0.000,0.000,0.000,0.000,0.000,0.000,0.000,0.000,0.000
2025-07-06 22:59:32,235.250,235.206,235.197,0.000,0.000,0.000,2.073,2.072,2.075,0.312,0.314,0.299,0.119,0.113,0.115,1.131,1.133,1.129,0.053,0.057,0.058,1.032,1.027,1.034,0.049,0.056,0.051,1.215,1.216,1.216,0.030,0.049,0.034,0.324,0.321,0.324,0.015,0.000,0.031,0.118,0.120,0.121,0.050,0.052,0.051,0.337,0.337,0.347,0.057,0.054,0.058,0.068,0.060,0.067,0.067,0.062,0.062,0.258,0.259,0.261,0.064,0.069,0.062,0.159,0.152,0.159,0.059,0.077,0.059,0.053,0.058,0.060,0.089,0.093,0.089,0.123,0.126,0.127,0.076,0.082,0.064,0.056,0.059,0.061,0.089,0.102,0.082,0.057,0.064,0.050,0.128,0.116,0.124,0.061,0.058,0.057,0.069,0.071,0.060,0.066,0.058,0.063,0.072,0.070,0.075,0.093,0.087,0.101,0.030,0.028,0.000,0.035,0.032,0.053,0.000,0.000,0.000,0.093,0.092,0.094,0.000,0.000,0.000,0.012,0.047,0.015,0.000,0.000,0.000,0.051,0.052,0.053,0.000,0.000,0.000,0.010,0.000,0.000,0.000,0.000,0.000,0.000,0.000,0.000,0.000,0.000,0.000,0.000,0.000,0.000,0.000,0.000,0.000,0.000,0.000,0.000,0.000,0.000,0.000,0.000,0.000,0.000,0.000,0.000,0.000,0.103,0.090,0.101,0.000,0.042,0.015,0.000,0.044,0.010,0.023,0.000,0.012,0.045,0.046,0.046,0.000,0.000,0.000,0.011,0.000,0.011,0.000,0.000,0.000,0.010,0.000,0.000,0.000,0.000,0.000,0.040,0.020,0.021,0.005,0.011,0.042,0.049,0.039,0.044,0.046,0.022,0.046,0.063,0.037,0.053,0.043,0.057,0.055,0.060,0.062,0.057,0.057,0.026,0.053,0.051,0.069,0.060,0.062,0.056,0.053,0.076,0.089,0.080,0.056,0.054,0.060,0.069,0.089,0.066,0.058,0.046,0.051,0.083,0.103,0.083,0.049,0.043,0.027,0.121,0.124,0.115,0.041,0.019,0.023,0.069,0.070,0.061,0.038,0.002,0.008,0.067,0.064,0.068,0.000,0.014,0.014,0.027,0.027,0.000,0.000,0.000,0.000,0.000,0.000,0.000,0.000,0.000,0.000,0.000,0.000,0.000,0.000,0.000,0.000,0.000,0.000,0.000,0.000,0.000,0.000,0.000,0.000,0.000,0.000,0.000,0.000,0.000,0.000,0.000,0.000,0.000,0.000,0.000,0.000,0.000,0.000,0.000,0.000,0.000,0.000,0.000,0.000,0.000,0.000,0.000,0.000,0.000
2025-07-06 22:59:35,235.320,235.276,235.267,0.000,0.000,0.000,2.094,2.088,2.094,0.321,0.307,0.326,0.103,0.117,0.117,1.150,1.131,1.136,0.058,0.063,0.061,1.034,1.041,1.042,0.059,0.050,0.054,1.234,1.233,1.236,0.049,0.052,0.048,0.319,0.318,0.317,0.026,0.030,0.000,0.114,0.112,0.113,0.052,0.035,0.048,0.348,0.349,0.349,0.051,0.053,0.054,0.062,0.062,0.064,0.058,0.058,0.062,0.252,0.255,0.254,0.071,0.059,0.065,0.151,0.158,0.160,0.073,0.053,0.073,0.061,0.062,0.060,0.102,0.081,0.101,0.123,0.133,0.125,0.072,0.066,0.080,0.054,0.061,0.068,0.090,0.090,0.102,0.058,0.065,0.057,0.115,0.124,0.119,0.054,0.064,0.060,0.062,0.063,0.069,0.058,0.064,0.063,0.073,0.077,0.070,0.086,0.093,0.089,0.000,0.013,0.013,0.050,0.053,0.035,0.000,0.000,0.000,0.093,0.092,0.089,0.000,0.000,0.000,0.033,0.017,0.032,0.000,0.000,0.000,0.058,0.056,0.060,0.000,0.000,0.000,0.013,0.000,0.000,0.000,0.000,0.000,0.000,0.000,0.000,0.000,0.000,0.000,0.000,0.000,0.000,0.000,0.000,0.000,0.000,0.000,0.000,0.000,0.000,0.000,0.000,0.000,0.000,0.000,0.000,0.000,0.121,0.104,0.108,0.020,0.000,0.046,0.016,0.043,0.044,0.000,0.013,0.000,0.052,0.042,0.045,0.000,0.000,0.000,0.014,0.015,0.003,0.000,0.000,0.000,0.000,0.013,0.000,0.000,0.000,0.000,0.032,0.025,0.024,0.013,0.002,0.024,0.044,0.018,0.035,0.044,0.048,0.029,0.050,0.052,0.055,0.050,0.050,0.049,0.059,0.054,0.062,0.059,0.055,0.050,0.070,0.054,0.075,0.043,0.058,0.042,0.094,0.077,0.094,0.061,0.054,0.059,0.074,0.074,0.080,0.034,0.048,0.043,0.091,0.089,0.103,0.039,0.045,0.040,0.112,0.116,0.115,0.045,0.044,0.045,0.062,0.068,0.068,0.015,0.025,0.000,0.071,0.070,0.069,0.000,0.038,0.029,0.000,0.000,0.002,0.000,0.000,0.000,0.000,0.000,0.000,0.000,0.000,0.000,0.000,0.000,0.000,0.000,0.000,0.000,0.000,0.000,0.000,0.000,0.000,0.000,0.000,0.000,0.000,0.000,0.000,0.000,0.000,0.000,0.000,0.000,0.000,0.000,0.000,0.000,0.000,0.000,0.000,0.000,0.000,0.000,0.000,0.000,0.000,0.000,0.000,0.000,0.000
2025-07-06 22:59:38,235.392,235.348,235.338,0.000,0.000,0.000,2.112,2.102,2.112,0.317,0.304,0.320,0.118,0.107,0.128,1.143,1.135,1.141,0.051,0.054,0.062,1.054,1.056,1.054,0.053,0.056,0.052,1.253,1.250,1.252,0.049,0.046,0.055,0.314,0.311,0.313,0.014,0.041,0.014,0.109,0.112,0.107,0.052,0.052,0.044,0.348,0.340,0.348,0.057,0.054,0.052,0.070,0.065,0.069,0.059,0.063,0.053,0.246,0.237,0.245,0.063,0.057,0.067,0.155,0.165,0.161,0.065,0.063,0.064,0.053,0.062,0.057,0.099,0.090,0.099,0.123,0.118,0.125,0.082,0.066,0.087,0.059,0.063,0.052,0.102,0.083,0.097,0.062,0.062,0.058,0.127,0.112,0.128,0.057,0.060,0.063,0.071,0.060,0.069,0.063,0.064,0.069,0.073,0.071,0.080,0.088,0.092,0.090,0.028,0.000,0.027,0.058,0.052,0.055,0.000,0.000,0.000,0.088,0.092,0.095,0.000,0.000,0.000,0.044,0.031,0.034,0.000,0.000,0.000,0.051,0.058,0.054,0.000,0.000,0.000,0.000,0.000,0.000,0.000,0.000,0.000,0.000,0.000,0.000,0.000,0.000,0.000,0.000,0.000,0.000,0.000,0.000,0.000,0.000,0.000,0.000,0.000,0.000,0.000,0.000,0.000,0.000,0.000,0.000,0.000,0.109,0.095,0.111,0.026,0.017,0.000,0.032,0.031,0.026,0.002,0.000,0.000,0.029,0.046,0.045,0.000,0.000,0.000,0.013,0.000,0.042,0.000,0.000,0.000,0.000,0.013,0.000,0.000,0.000,0.000,0.010,0.017,0.000,0.028,0.027,0.013,0.043,0.047,0.047,0.051,0.045,0.047,0.054,0.052,0.046,0.047,0.053,0.046,0.062,0.054,0.061,0.035,0.054,0.056,0.066,0.062,0.062,0.037,0.052,0.034,0.092,0.086,0.091,0.057,0.059,0.059,0.082,0.071,0.084,0.054,0.047,0.044,0.098,0.090,0.092,0.035,0.039,0.042,0.118,0.110,0.119,0.047,0.046,0.049,0.071,0.062,0.071,0.000,0.014,0.000,0.069,0.068,0.075,0.013,0.015,0.039,0.000,0.002,0.024,0.000,0.000,0.000,0.000,0.000,0.000,0.000,0.000,0.000,0.000,0.000,0.000,0.000,0.000,0.000,0.000,0.000,0.000,0.000,0.000,0.000,0.000,0.000,0.000,0.000,0.000,0.000,0.000,0.000,0.000,0.000,0.000,0.000,0.000,0.000,0.000,0.000,0.000,0.000,0.000,0.000,0.000,0.000,0.000,0.000,0.000,0.000,0.000
2025-07-06 22:59:41,235.429,235.384,235.376,0.000,0.000,0.000,2.120,2.122,2.113,0.310,0.327,0.303,0.109,0.118,0.104,1.118,1.132,1.142,0.059,0.059,0.053,1.098,1.080,1.068,0.062,0.049,0.060,1.254,1.256,1.250,0.049,0.048,0.045,0.320,0.320,0.321,0.014,0.028,0.014,0.103,0.099,0.106,0.049,0.052,0.053,0.343,0.348,0.346,0.055,0.057,0.059,0.061,0.065,0.062,0.059,0.067,0.055,0.243,0.240,0.243,0.062,0.075,0.059,0.162,0.152,0.155,0.058,0.070,0.064,0.063,0.061,0.058,0.086,0.105,0.079,0.119,0.115,0.117,0.078,0.081,0.071,0.058,0.063,0.054,0.084,0.100,0.080,0.061,0.064,0.059,0.127,0.125,0.112,0.068,0.058,0.055,0.069,0.067,0.059,0.069,0.069,0.067,0.077,0.074,0.075,0.081,0.094,0.089,0.014,0.029,0.013,0.057,0.037,0.050,0.000,0.000,0.000,0.090,0.090,0.095,0.000,0.000,0.013,0.044,0.031,0.035,0.000,0.000,0.000,0.056,0.059,0.060,0.000,0.000,0.000,0.000,0.000,0.000,0.000,0.000,0.000,0.000,0.000,0.000,0.000,0.000,0.000,0.000,0.000,0.013,0.000,0.000,0.000,0.000,0.000,0.000,0.000,0.000,0.000,0.000,0.000,0.000,0.000,0.000,0.000,0.098,0.104,0.097,0.000,0.026,0.032,0.010,0.042,0.028,0.011,0.013,0.000,0.046,0.031,0.052,0.000,0.000,0.000,0.000,0.015,0.000,0.000,0.000,0.000,0.000,0.000,0.013,0.000,0.000,0.000,0.017,0.032,0.032,0.029,0.013,0.015,0.044,0.043,0.048,0.045,0.051,0.050,0.055,0.058,0.049,0.051,0.053,0.049,0.057,0.068,0.056,0.054,0.055,0.054,0.060,0.067,0.062,0.053,0.054,0.043,0.081,0.096,0.081,0.059,0.058,0.052,0.080,0.079,0.078,0.054,0.041,0.049,0.086,0.099,0.085,0.046,0.041,0.035,0.124,0.119,0.110,0.041,0.045,0.046,0.067,0.065,0.059,0.000,0.028,0.014,0.073,0.070,0.070,0.031,0.000,0.014,0.000,0.027,0.000,0.000,0.000,0.000,0.000,0.000,0.000,0.000,0.000,0.000,0.000,0.000,0.000,0.000,0.000,0.000,0.000,0.000,0.000,0.000,0.000,0.000,0.000,0.000,0.000,0.000,0.000,0.000,0.000,0.000,0.000,0.000,0.000,0.000,0.000,0.000,0.000,0.000,0.000,0.000,0.000,0.000,0.000,0.000,0.000,0.000,0.000,0.000,0.000
2025-07-06 22:59:44,235.522,235.478,235.469,0.000,0.000,0.000,2.106,2.109,2.106,0.314,0.312,0.313,0.108,0.101,0.114,1.138,1.148,1.140,0.051,0.053,0.059,1.053,1.049,1.050,0.055,0.055,0.049,1.249,1.251,1.249,0.050,0.029,0.049,0.317,0.315,0.320,0.015,0.015,0.029,0.108,0.109,0.105,0.055,0.048,0.052,0.345,0.342,0.343,0.056,0.056,0.053,0.063,0.063,0.065,0.063,0.058,0.062,0.248,0.249,0.247,0.074,0.058,0.066,0.149,0.155,0.158,0.071,0.066,0.065,0.059,0.062,0.064,0.095,0.086,0.102,0.117,0.117,0.113,0.075,0.081,0.075,0.060,0.065,0.055,0.095,0.092,0.099,0.067,0.066,0.063,0.121,0.120,0.122,0.054,0.062,0.058,0.068,0.065,0.070,0.066,0.068,0.067,0.067,0.075,0.076,0.101,0.092,0.095,0.000,0.027,0.044,0.051,0.049,0.051,0.000,0.000,0.000,0.096,0.095,0.089,0.000,0.000,0.000,0.033,0.033,0.018,0.013,0.000,0.000,0.055,0.055,0.053,0.000,0.000,0.000,0.000,0.027,0.014,0.000,0.000,0.000,0.000,0.000,0.000,0.000,0.000,0.000,0.000,0.000,0.000,0.000,0.000,0.000,0.000,0.000,0.000,0.000,0.000,0.000,0.000,0.000,0.000,0.000,0.000,0.000,0.100,0.093,0.102,0.014,0.002,0.010,0.030,0.010,0.031,0.002,0.000,0.013,0.044,0.049,0.043,0.000,0.000,0.000,0.002,0.002,0.015,0.000,0.000,0.000,0.000,0.000,0.013,0.000,0.000,0.000,0.047,0.028,0.030,0.039,0.017,0.000,0.017,0.047,0.042,0.048,0.048,0.047,0.052,0.049,0.053,0.058,0.053,0.056,0.063,0.055,0.065,0.055,0.054,0.055,0.050,0.065,0.064,0.054,0.053,0.056,0.084,0.087,0.090,0.057,0.043,0.059,0.072,0.090,0.076,0.050,0.049,0.038,0.094,0.100,0.091,0.040,0.034,0.050,0.113,0.120,0.118,0.042,0.045,0.018,0.070,0.067,0.069,0.018,0.000,0.000,0.063,0.072,0.065,0.025,0.000,0.000,0.002,0.010,0.000,0.000,0.000,0.000,0.000,0.000,0.000,0.000,0.000,0.000,0.000,0.000,0.000,0.000,0.000,0.000,0.000,0.000,0.000,0.000,0.000,0.000,0.000,0.000,0.000,0.000,0.000,0.000,0.000,0.000,0.000,0.000,0.000,0.000,0.000,0.000,0.000,0.000,0.000,0.000,0.000,0.000,0.000,0.000,0.000,0.000,0.000,0.000,0.000
2025-07-06 22:59:47,235.528,235.484,235.475,0.000,0.000,0.000,2.101,2.101,2.100,0.314,0.314,0.319,0.107,0.110,0.109,1.140,1.141,1.140,0.061,0.055,0.054,1.045,1.045,1.041,0.046,0.054,0.050,1.247,1.242,1.250,0.046,0.055,0.047,0.322,0.321,0.319,0.031,0.006,0.000,0.105,0.112,0.113,0.054,0.054,0.049,0.342,0.341,0.337,0.055,0.059,0.056,0.067,0.062,0.060,0.067,0.059,0.059,0.250,0.250,0.250,0.064,0.065,0.064,0.147,0.153,0.149,0.062,0.069,0.067,0.056,0.057,0.055,0.092,0.093,0.093,0.112,0.123,0.120,0.082,0.074,0.086,0.051,0.067,0.056,0.093,0.089,0.093,0.063,0.066,0.055,0.119,0.124,0.128,0.054,0.064,0.050,0.076,0.069,0.063,0.067,0.068,0.060,0.079,0.074,0.081,0.092,0.101,0.091,0.042,0.000,0.022,0.050,0.062,0.058,0.000,0.000,0.005,0.092,0.094,0.089,0.000,0.000,0.000,0.029,0.042,0.043,0.000,0.000,0.000,0.054,0.054,0.050,0.000,0.000,0.000,0.022,0.000,0.000,0.000,0.000,0.000,0.000,0.000,0.000,0.000,0.000,0.000,0.000,0.000,0.000,0.000,0.000,0.000,0.000,0.000,0.000,0.000,0.000,0.000,0.000,0.000,0.000,0.000,0.000,0.000,0.102,0.099,0.096,0.002,0.011,0.018,0.029,0.030,0.013,0.011,0.000,0.000,0.033,0.045,0.048,0.000,0.000,0.000,0.039,0.025,0.014,0.000,0.000,0.000,0.000,0.003,0.000,0.000,0.000,0.000,0.027,0.031,0.028,0.033,0.028,0.014,0.045,0.031,0.044,0.031,0.051,0.044,0.040,0.051,0.052,0.053,0.056,0.051,0.062,0.056,0.064,0.058,0.050,0.056,0.063,0.062,0.074,0.052,0.051,0.054,0.091,0.082,0.096,0.057,0.053,0.056,0.077,0.081,0.085,0.036,0.052,0.055,0.091,0.094,0.099,0.036,0.031,0.036,0.116,0.125,0.118,0.032,0.020,0.016,0.068,0.075,0.065,0.013,0.015,0.000,0.078,0.066,0.076,0.000,0.003,0.000,0.010,0.000,0.000,0.000,0.000,0.000,0.000,0.000,0.000,0.000,0.000,0.000,0.000,0.000,0.000,0.000,0.000,0.000,0.000,0.000,0.000,0.000,0.000,0.000,0.000,0.000,0.000,0.000,0.000,0.000,0.000,0.000,0.000,0.000,0.000,0.000,0.000,0.000,0.000,0.000,0.000,0.000,0.000,0.000,0.000,0.000,0.000,0.000,0.000,0.000,0.000
2025-07-06 22:59:50,235.555,235.510,235.502,0.000,0.000,0.000,2.100,2.100,2.101,0.318,0.306,0.309,0.109,0.102,0.115,1.133,1.131,1.134,0.052,0.064,0.057,1.046,1.046,1.043,0.053,0.051,0.048,1.246,1.248,1.249,0.045,0.044,0.053,0.325,0.325,0.324,0.028,0.012,0.000,0.106,0.103,0.102,0.052,0.049,0.052,0.349,0.351,0.352,0.057,0.052,0.051,0.061,0.065,0.066,0.061,0.057,0.059,0.259,0.260,0.265,0.061,0.064,0.063,0.147,0.144,0.151,0.064,0.068,0.060,0.059,0.060,0.061,0.088,0.103,0.087,0.115,0.107,0.109,0.083,0.080,0.073,0.056,0.059,0.058,0.097,0.090,0.087,0.060,0.067,0.058,0.127,0.119,0.125,0.058,0.059,0.058,0.073,0.062,0.071,0.073,0.069,0.071,0.078,0.074,0.076,0.096,0.096,0.094,0.013,0.027,0.000,0.055,0.052,0.053,0.000,0.000,0.014,0.091,0.094,0.092,0.000,0.000,0.000,0.011,0.029,0.029,0.011,0.000,0.000,0.054,0.056,0.052,0.000,0.000,0.000,0.011,0.000,0.000,0.000,0.000,0.000,0.000,0.000,0.000,0.000,0.000,0.000,0.000,0.000,0.000,0.000,0.000,0.000,0.000,0.000,0.000,0.000,0.000,0.000,0.000,0.000,0.000,0.000,0.000,0.000,0.097,0.094,0.103,0.039,0.003,0.016,0.041,0.030,0.027,0.000,0.000,0.013,0.048,0.036,0.028,0.000,0.000,0.000,0.000,0.013,0.016,0.000,0.000,0.000,0.000,0.012,0.000,0.000,0.000,0.000,0.032,0.011,0.027,0.029,0.031,0.002,0.029,0.031,0.027,0.050,0.029,0.048,0.049,0.051,0.050,0.056,0.036,0.056,0.054,0.060,0.059,0.059,0.053,0.057,0.058,0.074,0.051,0.060,0.050,0.059,0.080,0.101,0.078,0.041,0.056,0.060,0.082,0.078,0.074,0.055,0.020,0.057,0.092,0.096,0.085,0.035,0.046,0.048,0.121,0.114,0.123,0.048,0.016,0.033,0.073,0.064,0.068,0.038,0.003,0.014,0.073,0.073,0.070,0.002,0.012,0.016,0.002,0.000,0.000,0.000,0.000,0.000,0.000,0.000,0.000,0.000,0.000,0.000,0.000,0.000,0.000,0.000,0.000,0.000,0.000,0.000,0.000,0.000,0.000,0.000,0.000,0.000,0.000,0.000,0.000,0.000,0.000,0.000,0.000,0.000,0.000,0.000,0.000,0.000,0.000,0.000,0.000,0.000,0.000,0.000,0.000,0.000,0.000,0.000,0.000,0.000,0.000
2025-07-06 22:59:53,235.611,235.566,235.558,0.000,0.000,0.000,2.087,2.088,2.090,0.305,0.315,0.319,0.115,0.116,0.101,1.136,1.130,1.132,0.057,0.060,0.056,1.042,1.046,1.046,0.051,0.058,0.051,1.228,1.232,1.229,0.051,0.048,0.047,0.323,0.324,0.323,0.000,0.014,0.013,0.115,0.113,0.114,0.051,0.049,0.048,0.340,0.332,0.337,0.053,0.051,0.057,0.061,0.067,0.063,0.058,0.058,0.058,0.258,0.260,0.260,0.067,0.049,0.068,0.155,0.155,0.156,0.070,0.063,0.077,0.059,0.066,0.066,0.096,0.084,0.108,0.113,0.112,0.113,0.069,0.080,0.084,0.063,0.058,0.069,0.092,0.090,0.099,0.058,0.063,0.067,0.112,0.123,0.123,0.062,0.062,0.066,0.064,0.072,0.071,0.064,0.074,0.074,0.070,0.074,0.075,0.099,0.090,0.097,0.015,0.013,0.000,0.057,0.050,0.049,0.000,0.000,0.000,0.092,0.092,0.090,0.000,0.000,0.000,0.028,0.031,0.000,0.000,0.000,0.014,0.053,0.052,0.051,0.000,0.000,0.000,0.013,0.014,0.000,0.000,0.000,0.000,0.000,0.000,0.000,0.000,0.000,0.000,0.000,0.000,0.000,0.000,0.000,0.000,0.000,0.000,0.000,0.000,0.000,0.000,0.000,0.000,0.000,0.000,0.000,0.000,0.107,0.103,0.093,0.000,0.041,0.031,0.025,0.046,0.014,0.000,0.000,0.000,0.043,0.047,0.034,0.000,0.000,0.000,0.015,0.000,0.011,0.000,0.000,0.000,0.000,0.000,0.000,0.000,0.000,0.000,0.027,0.028,0.003,0.027,0.014,0.038,0.034,0.030,0.035,0.042,0.049,0.045,0.051,0.054,0.050,0.054,0.040,0.050,0.058,0.052,0.061,0.057,0.052,0.054,0.063,0.058,0.073,0.053,0.057,0.058,0.091,0.080,0.099,0.058,0.059,0.061,0.066,0.078,0.083,0.048,0.056,0.052,0.094,0.088,0.099,0.033,0.051,0.035,0.104,0.121,0.113,0.044,0.038,0.048,0.064,0.068,0.071,0.003,0.027,0.013,0.068,0.072,0.067,0.013,0.014,0.024,0.011,0.000,0.013,0.000,0.000,0.000,0.000,0.000,0.000,0.000,0.000,0.000,0.000,0.000,0.000,0.000,0.000,0.000,0.000,0.000,0.000,0.000,0.000,0.000,0.000,0.000,0.000,0.000,0.000,0.000,0.000,0.000,0.000,0.000,0.000,0.000,0.000,0.000,0.000,0.000,0.000,0.000,0.000,0.000,0.000,0.000,0.000,0.000,0.000,0.000,0.000
2025-07-06 22:59:56,235.607,235.563,235.555,0.000,0.000,0.000,2.100,2.099,2.097,0.313,0.304,0.318,0.097,0.105,0.113,1.134,1.131,1.132,0.054,0.053,0.060,1.058,1.060,1.059,0.056,0.052,0.051,1.239,1.238,1.232,0.032,0.047,0.052,0.328,0.329,0.328,0.000,0.000,0.026,0.109,0.112,0.108,0.052,0.045,0.054,0.337,0.335,0.339,0.054,0.053,0.052,0.061,0.060,0.061,0.059,0.064,0.062,0.251,0.251,0.251,0.064,0.071,0.063,0.151,0.152,0.155,0.063,0.068,0.062,0.066,0.059,0.067,0.090,0.103,0.079,0.113,0.110,0.118,0.085,0.074,0.081,0.060,0.057,0.061,0.095,0.091,0.087,0.066,0.069,0.064,0.126,0.127,0.124,0.055,0.062,0.055,0.073,0.063,0.068,0.074,0.073,0.069,0.078,0.076,0.079,0.096,0.103,0.094,0.027,0.000,0.013,0.050,0.046,0.050,0.000,0.000,0.000,0.098,0.101,0.093,0.000,0.000,0.000,0.045,0.027,0.031,0.000,0.000,0.000,0.040,0.052,0.052,0.000,0.000,0.000,0.000,0.000,0.000,0.000,0.000,0.000,0.000,0.000,0.000,0.000,0.000,0.000,0.000,0.000,0.000,0.000,0.000,0.000,0.000,0.000,0.000,0.000,0.000,0.000,0.000,0.000,0.000,0.000,0.000,0.000,0.088,0.099,0.106,0.032,0.000,0.011,0.027,0.028,0.038,0.000,0.000,0.000,0.045,0.035,0.031,0.000,0.000,0.000,0.000,0.000,0.017,0.000,0.000,0.000,0.000,0.000,0.000,0.000,0.000,0.000,0.042,0.002,0.042,0.000,0.024,0.013,0.044,0.043,0.029,0.032,0.041,0.045,0.053,0.052,0.053,0.048,0.048,0.051,0.059,0.062,0.061,0.048,0.050,0.058,0.060,0.066,0.059,0.058,0.044,0.061,0.090,0.089,0.085,0.050,0.059,0.050,0.088,0.070,0.089,0.031,0.052,0.050,0.100,0.088,0.093,0.034,0.048,0.046,0.125,0.116,0.123,0.030,0.046,0.043,0.071,0.064,0.069,0.012,0.002,0.015,0.075,0.068,0.074,0.012,0.013,0.000,0.000,0.000,0.002,0.000,0.000,0.000,0.000,0.000,0.000,0.000,0.000,0.000,0.000,0.000,0.000,0.000,0.000,0.000,0.000,0.000,0.000,0.000,0.000,0.000,0.000,0.000,0.000,0.000,0.000,0.000,0.000,0.000,0.000,0.000,0.000,0.000,0.000,0.000,0.000,0.000,0.000,0.000,0.000,0.000,0.000,0.000,0.000,0.000,0.000,0.000,0.000
2025-07-06 22:59:59,235.580,235.535,235.526,0.000,0.000,0.000,2.090,2.093,2.093,0.300,0.306,0.302,0.114,0.103,0.106,1.124,1.136,1.125,0.056,0.058,0.050,1.061,1.061,1.066,0.048,0.053,0.052,1.233,1.232,1.230,0.053,0.029,0.050,0.325,0.316,0.327,0.013,0.000,0.014,0.116,0.121,0.117,0.047,0.049,0.032,0.335,0.325,0.328,0.052,0.035,0.057,0.056,0.057,0.066,0.058,0.058,0.061,0.246,0.246,0.253,0.065,0.049,0.065,0.147,0.150,0.152,0.057,0.066,0.065,0.063,0.051,0.058,0.084,0.096,0.090,0.108,0.106,0.110,0.071,0.080,0.068,0.069,0.056,0.067,0.087,0.092,0.088,0.067,0.065,0.066,0.119,0.122,0.123,0.054,0.058,0.066,0.068,0.064,0.072,0.070,0.069,0.073,0.073,0.080,0.076,0.102,0.092,0.101,0.015,0.028,0.041,0.049,0.053,0.052,0.000,0.000,0.000,0.090,0.085,0.090,0.000,0.000,0.000,0.015,0.029,0.013,0.000,0.000,0.000,0.054,0.051,0.049,0.000,0.000,0.000,0.000,0.000,0.000,0.000,0.000,0.000,0.000,0.000,0.000,0.000,0.000,0.000,0.000,0.000,0.000,0.000,0.000,0.000,0.000,0.000,0.000,0.000,0.000,0.000,0.000,0.000,0.000,0.000,0.000,0.000,0.105,0.095,0.091,0.010,0.018,0.002,0.000,0.048,0.016,0.000,0.000,0.000,0.045,0.043,0.045,0.000,0.000,0.000,0.013,0.002,0.010,0.000,0.000,0.000,0.000,0.000,0.000,0.014,0.000,0.000,0.000,0.039,0.000,0.014,0.000,0.017,0.031,0.014,0.045,0.045,0.017,0.047,0.048,0.036,0.050,0.039,0.038,0.051,0.055,0.065,0.054,0.041,0.035,0.051,0.055,0.070,0.061,0.054,0.047,0.054,0.080,0.093,0.080,0.043,0.056,0.038,0.076,0.082,0.078,0.041,0.039,0.039,0.090,0.095,0.091,0.049,0.033,0.043,0.116,0.120,0.119,0.031,0.019,0.029,0.072,0.065,0.077,0.030,0.014,0.029,0.064,0.079,0.066,0.016,0.002,0.014,0.002,0.000,0.024,0.000,0.000,0.000,0.000,0.000,0.000,0.000,0.000,0.000,0.000,0.000,0.000,0.000,0.000,0.000,0.000,0.000,0.000,0.000,0.000,0.000,0.000,0.000,0.000,0.000,0.000,0.000,0.000,0.000,0.000,0.000,0.000,0.000,0.000,0.000,0.000,0.000,0.000,0.000,0.000,0.000,0.000,0.000,0.000,0.000,0.000,0.000,0.000
